2016-11-20,Redskins,Packers,4,2:52,2,8,WAS 30,35-24,66,0.53,6.28,5.75
2016-10-02,Chiefs,Steelers,4,3:18,2,8,KAN 40,7-43,46,1.19,4.65,3.46
2015-12-27,Vikings,Giants,3,4:39,2,8,MIN 20,29-3,39,-0.13,2.85,2.98
2017-01-01,Saints,Falcons,4,4:56,2,8,ATL 48,19-38,38,1.98,4.91,2.93
2015-12-06,Panthers,Saints,3,13:35,2,8,NOR 39,13-16,29,2.58,4.91,2.33
2016-12-04,Chargers,Buccaneers,3,2:31,2,8,SDG 37,14-17,23,0.99,2.92,1.93
2015-10-25,Cowboys,Giants,3,2:35,2,8,DAL 23,13-20,22,0.07,1.93,1.86
2015-12-06,Bills,Texans,4,2:16,2,8,BUF 37,21-21,20,0.99,2.72,1.73
2016-12-04,Steelers,Giants,4,6:15,2,8,PIT 34,21-7,19,0.8,2.46,1.66
2015-10-18,Jets,Redskins,4,13:02,2,8,WAS 49,34-13,18,1.92,3.51,1.59
2016-10-23,Lions,Redskins,3,9:35,2,8,DET 16,3-3,18,-0.51,1.2,1.71
2015-12-06,Steelers,Colts,3,9:13,2,8,PIT 22,28-10,16,0,1.47,1.47
2016-12-18,Bills,Browns,4,10:03,2,8,CLE 37,30-13,16,2.71,4.17,1.46
2015-09-13,Packers,Bears,3,13:48,2,8,CHI 46,10-13,15,2.12,3.51,1.39
2015-09-20,Cardinals,Bears,4,13:12,2,8,CRD 26,42-23,14,0.27,1.6,1.33
2015-11-15,Redskins,Saints,3,2:41,2,8,NOR 42,30-14,14,2.38,3.71,1.33
2014-12-08,Packers,Falcons,4,2:00,2,8,GNB 41,43-37,12,1.26,2.46,1.20
2014-12-20,49ers,Chargers,4,12:36,2,8,SFO 22,35-21,12,0,1.2,1.20
2016-01-03,Titans,Colts,3,12:28,2,8,OTI 34,14-27,12,0.8,1.99,1.19
2014-12-07,Ravens,Dolphins,4,5:44,2,8,RAV 21,21-13,11,-0.06,1.07,1.13
2014-09-14,Redskins,Jaguars,4,6:08,2,8,JAX 39,34-10,11,2.58,3.71,1.13
2015-12-06,Falcons,Buccaneers,4,9:03,2,8,ATL 43,19-16,11,1.39,2.52,1.13
2015-09-20,Giants,Falcons,4,10:17,2,8,NYG 43,20-17,11,1.39,2.52,1.13
2015-12-27,Falcons,Panthers,3,11:27,2,8,CAR 35,7-7,11,2.84,3.97,1.13
2016-10-24,Broncos,Texans,4,8:42,2,8,DEN 37,24-9,11,0.99,2.13,1.14
2014-10-19,Colts,Bengals,4,5:30,2,8,CLT 38,24-0,10,1.06,2.13,1.07
2014-10-09,Colts,Texans,4,13:50,2,8,CLT 30,33-21,10,0.53,1.6,1.07
2015-10-25,Cowboys,Giants,4,4:48,2,8,DAL 45,20-27,10,1.52,2.59,1.07
2015-12-20,Bears,Vikings,3,14:29,2,8,CHI 49,7-17,10,1.79,2.85,1.06
2015-12-13,Colts,Jaguars,4,11:55,2,8,CLT 47,16-37,10,1.65,2.72,1.07
2015-10-25,Cowboys,Giants,4,6:10,2,8,DAL 33,20-27,10,0.73,1.8,1.07
2016-10-02,Seahawks,Jets,4,8:06,2,8,SEA 42,24-10,10,1.32,2.39,1.07
2014-10-05,49ers,Chiefs,4,5:45,2,8,SFO 47,19-17,9,1.65,2.65,1.00
2014-10-26,Steelers,Colts,4,2:05,2,8,PIT 22,51-34,9,0,1,1.00
2015-11-22,Chiefs,Chargers,3,7:05,2,8,KAN 38,12-3,9,1.06,2.06,1.00
2015-12-26,Redskins,Eagles,4,15:00,2,8,WAS 47,30-17,9,1.65,2.65,1.00
2015-09-20,Packers,Seahawks,3,5:18,2,8,SEA 37,13-17,9,2.71,3.71,1.00
2015-09-20,Panthers,Texans,3,7:56,2,8,CAR 22,10-10,9,0,1,1.00
2015-11-22,Cardinals,Bengals,3,8:12,2,8,CRD 47,14-14,9,1.65,2.65,1.00
2015-10-04,Falcons,Texans,3,8:32,2,8,ATL 32,35-0,9,0.66,1.66,1.00
2016-10-23,Steelers,Patriots,3,11:08,2,8,NWE 43,10-14,9,2.31,3.31,1.00
2016-10-16,Chiefs,Raiders,4,13:50,2,8,KAN 41,23-10,9,1.26,2.26,1.00
2016-12-01,Cowboys,Vikings,4,13:34,2,8,DAL 27,7-9,9,0.33,1.33,1.00
2014-12-07,Seahawks,Eagles,4,3:07,2,8,PHI 48,24-14,8,1.98,2.92,.94
2014-09-28,Bears,Packers,4,2:30,2,8,GNB 43,17-38,8,2.31,3.25,.94
2015-11-22,Packers,Vikings,3,14:25,2,8,GNB 17,16-6,8,-0.44,0.61,1.05
2016-10-23,Falcons,Chargers,3,4:17,2,8,ATL 27,27-20,8,0.33,1.27,.94
2016-12-18,Patriots,Broncos,4,4:40,2,8,NWE 37,16-3,8,0.99,1.93,.94
2017-01-01,Eagles,Cowboys,4,6:05,2,8,DAL 41,17-13,8,2.45,3.38,.93
2014-10-05,Bills,Lions,3,10:38,2,8,DET 46,3-14,7,2.12,2.34,.22
2014-09-28,Dolphins,Raiders,4,6:24,2,8,MIA 34,38-14,7,0.8,1.03,.23
2014-12-07,Panthers,Saints,3,7:28,2,8,CAR 45,31-3,7,1.52,1.75,.23
2014-11-09,Jets,Steelers,4,6:34,2,8,NYJ 28,20-6,7,0.4,0.63,.23
2014-09-15,Eagles,Colts,4,11:24,2,8,PHI 22,20-27,7,0,0.23,.23
2014-12-07,Giants,Titans,3,7:21,2,8,NYG 32,30-7,7,0.66,0.89,.23
2014-11-09,Ravens,Titans,4,9:13,2,8,RAV 27,21-7,7,0.33,0.56,.23
2014-11-16,Texans,Browns,4,6:15,2,8,HTX 39,20-7,7,1.13,1.36,.23
2015-11-29,Texans,Saints,3,8:54,2,8,HTX 32,21-6,7,0.66,1.66,1.00
2015-09-13,Cowboys,Giants,3,9:05,2,8,DAL 22,6-16,7,0,0.23,.23
2015-12-06,Seahawks,Vikings,3,3:16,2,8,SEA 27,28-0,7,0.33,0.56,.23
2015-10-19,Eagles,Giants,3,2:02,2,8,PHI 24,24-7,7,0.14,0.37,.23
2015-11-08,49ers,Falcons,4,9:17,2,8,SFO 39,17-13,7,1.13,1.36,.23
2016-10-23,Falcons,Chargers,3,3:00,2,8,ATL 37,27-20,7,0.99,1.22,.23
2016-10-16,49ers,Bills,3,5:19,2,8,BUF 47,13-17,7,2.05,2.28,.23
2016-09-11,Ravens,Bills,4,2:26,2,8,RAV 48,13-7,7,1.72,1.95,.23
2016-12-19,Panthers,Redskins,3,8:28,2,8,CAR 31,20-9,7,0.6,0.83,.23
2017-01-01,Jaguars,Colts,3,8:32,2,8,JAX 39,17-10,7,1.13,1.36,.23
2014-09-29,Chiefs,Patriots,4,6:38,2,8,KAN 34,41-14,6,0.8,0.89,.09
2014-12-14,Bengals,Browns,4,8:24,2,8,CIN 16,23-0,6,-0.51,-0.44,.07
2014-09-04,Packers,Seahawks,4,11:38,2,8,SEA 37,10-29,6,2.71,2.81,.10
2014-09-14,Falcons,Bengals,3,3:33,2,8,CIN 48,3-24,6,1.98,2.08,.10
2014-11-30,Colts,Redskins,3,10:49,2,8,CLT 46,21-17,6,1.59,1.69,.10
2014-09-21,Broncos,Seahawks,3,15:00,2,8,DEN 22,3-17,6,0,0.1,.10
2014-12-14,49ers,Seahawks,4,7:04,2,8,SEA 45,7-17,6,2.18,2.28,.10
2015-10-25,Raiders,Chargers,3,14:24,2,8,RAI 22,30-6,6,0,0.1,.10
2015-11-22,Colts,Falcons,3,3:53,2,8,ATL 47,7-21,6,2.05,2.15,.10
2015-09-20,Cowboys,Eagles,4,12:02,2,8,DAL 42,13-3,6,1.32,1.42,.10
2016-09-25,Raiders,Titans,3,11:23,2,8,OTI 48,17-3,6,1.98,2.08,.10
2016-09-11,Chargers,Chiefs,4,12:12,2,8,KAN 42,27-10,6,2.38,2.48,.10
2016-09-11,Vikings,Titans,4,6:26,2,8,MIN 45,22-10,6,1.52,1.62,.10
2016-10-09,Vikings,Texans,4,9:47,2,8,MIN 32,31-6,6,0.66,0.76,.10
2016-09-25,Cowboys,Bears,3,6:28,2,8,DAL 27,24-10,6,0.33,0.43,.10
2014-10-19,Ravens,Falcons,4,14:18,2,8,RAV 35,20-0,5,0.86,0.83,-0.03
2014-12-14,49ers,Seahawks,4,11:03,2,8,SFO 24,7-17,5,0.14,0.1,-0.04
2014-12-14,Giants,Redskins,4,13:06,2,8,WAS 35,17-13,5,2.84,2.81,-0.03
2014-09-14,Packers,Jets,4,2:45,2,8,GNB 30,31-24,5,0.53,0.5,-0.03
2014-10-12,Titans,Jaguars,4,8:41,2,8,JAX 49,16-7,5,1.92,1.88,-0.04
2015-11-02,Panthers,Colts,4,2:22,2,8,CAR 22,23-20,5,0,-0.03,-0.03
2015-09-27,Seahawks,Bears,3,7:05,2,8,SEA 38,13-0,5,1.06,1.03,-0.03
2015-11-29,Texans,Saints,4,11:33,2,8,NOR 48,24-6,5,1.98,1.95,-0.03
2015-12-06,Bears,49ers,3,4:46,2,8,CHI 38,13-13,5,1.06,1.03,-0.03
2016-10-31,Bears,Vikings,3,6:31,2,8,CHI 29,20-3,5,0.47,0.43,-0.04
2016-11-06,Cowboys,Browns,4,5:17,2,8,CLE 41,35-10,5,2.45,2.41,-0.04
2016-10-16,Jaguars,Bears,3,11:14,2,8,JAX 23,0-10,5,0.07,0.04,-0.03
2016-09-18,Raiders,Falcons,3,14:12,2,8,RAI 31,7-13,5,0.6,0.56,-0.04
2016-11-20,Buccaneers,Chiefs,4,2:16,2,8,TAM 25,19-17,5,0.2,0.17,-0.03
2017-01-01,Broncos,Raiders,3,5:32,2,8,DEN 18,24-0,5,-0.35,-0.45,-0.10
2014-11-30,Packers,Patriots,4,2:34,2,8,GNB 39,26-21,4,1.13,0.96,-0.17
2014-11-23,Eagles,Titans,3,6:56,2,8,PHI 41,34-17,4,1.26,1.09,-0.17
2014-10-16,Jets,Patriots,3,12:32,2,8,NWE 42,12-17,4,2.38,2.21,-0.17
2014-09-14,Bengals,Falcons,4,3:28,2,8,ATL 40,24-10,4,2.51,2.34,-0.17
2014-10-02,Packers,Vikings,4,14:14,2,8,GNB 22,42-7,4,0,-0.16,-0.16
2014-12-11,Cardinals,Rams,3,10:14,2,8,CRD 32,6-3,4,0.66,0.5,-0.16
2014-12-18,Titans,Jaguars,3,8:52,2,8,OTI 22,10-14,4,0,-0.16,-0.16
2015-11-22,Chiefs,Chargers,3,5:46,2,8,KAN 49,12-3,4,1.79,1.62,-0.17
2015-11-08,Packers,Panthers,4,13:13,2,8,GNB 42,14-30,4,1.32,1.16,-0.16
2015-09-27,Saints,Panthers,4,15:00,2,8,NOR 38,16-20,4,1.06,0.89,-0.17
2015-11-19,Titans,Jaguars,4,14:23,2,8,JAX 41,13-9,4,2.45,2.28,-0.17
2015-09-14,Falcons,Eagles,4,15:00,2,8,ATL 40,20-17,4,1.19,1.02,-0.17
2015-10-11,Broncos,Raiders,3,14:22,2,8,DEN 35,3-7,4,0.86,0.7,-0.16
2015-11-22,Panthers,Redskins,4,6:26,2,8,CAR 21,44-14,4,-0.06,-0.29,-0.23
2015-10-04,Dolphins,Jets,3,8:50,2,8,MIA 49,7-27,4,1.79,1.62,-0.17
2016-01-03,Redskins,Cowboys,4,4:12,2,8,DAL 46,34-23,4,2.12,1.95,-0.17
2015-12-06,Dolphins,Ravens,4,2:00,2,8,RAV 36,15-13,4,2.78,2.61,-0.17
2015-11-08,Bills,Dolphins,3,3:15,2,8,MIA 38,19-14,4,2.64,2.48,-0.16
2015-10-08,Colts,Texans,3,10:02,2,8,CLT 39,20-10,4,1.13,0.96,-0.17
2015-10-04,Bengals,Chiefs,4,8:47,2,8,CIN 42,29-18,4,1.32,1.16,-0.16
2015-12-20,Redskins,Bills,4,5:04,2,8,WAS 42,35-17,4,1.32,1.16,-0.16
2015-11-15,Cardinals,Seahawks,4,2:14,2,8,CRD 48,32-29,4,1.72,1.55,-0.17
2015-11-29,Redskins,Giants,3,6:03,2,8,WAS 41,17-0,4,1.26,1.09,-0.17
2016-10-23,Giants,Rams,4,3:23,2,8,NYG 22,17-10,4,0,-0.16,-0.16
2016-10-10,Panthers,Buccaneers,4,15:00,2,8,TAM 48,14-14,4,1.98,1.82,-0.16
2016-09-25,Eagles,Steelers,4,2:00,2,8,PHI 32,34-3,4,0.66,0.5,-0.16
2016-10-02,Titans,Texans,3,12:05,2,8,OTI 45,17-20,4,1.52,1.35,-0.17
2016-10-16,Colts,Texans,3,6:24,2,8,CLT 26,13-9,4,0.27,0.1,-0.17
2016-11-13,Titans,Packers,4,2:46,2,8,OTI 33,47-25,4,0.73,0.56,-0.17
2016-11-20,Giants,Bears,4,11:06,2,8,NYG 33,22-16,4,0.73,0.56,-0.17
2016-12-04,Raiders,Bills,4,2:36,2,8,RAI 25,38-24,4,0.2,0.04,-0.16
2016-12-11,Dolphins,Cardinals,3,6:29,2,8,MIA 35,21-9,4,0.86,0.7,-0.16
2016-12-11,Jaguars,Vikings,3,14:24,2,8,JAX 27,9-9,4,0.33,0.17,-0.16
2016-12-11,Giants,Cowboys,3,10:06,2,8,NYG 46,0-7,4,1.59,1.42,-0.17
2017-01-01,Bengals,Ravens,3,12:58,2,8,50,20-3,4,1.85,1.68,-0.17
2014-12-28,Panthers,Falcons,4,7:24,2,8,CAR 42,34-3,3,1.32,1.03,-0.29
2014-11-09,Falcons,Buccaneers,3,4:25,2,8,ATL 37,16-10,3,0.99,0.7,-0.29
2014-11-23,Browns,Falcons,3,5:06,2,8,CLE 32,16-14,3,0.66,0.37,-0.29
2014-09-14,Cowboys,Titans,4,3:02,2,8,DAL 34,26-10,3,0.8,0.5,-0.30
2014-12-14,Eagles,Cowboys,3,11:17,2,8,PHI 16,10-21,3,-0.51,-0.8,-0.29
2014-11-23,Bears,Buccaneers,3,8:14,2,8,CHI 39,7-10,3,1.13,0.83,-0.30
2014-11-02,Raiders,Seahawks,4,8:23,2,8,RAI 34,17-30,3,0.8,0.5,-0.30
2014-10-19,Cardinals,Raiders,4,14:24,2,8,CRD 15,21-13,3,-0.57,-0.83,-0.26
2014-11-02,Jaguars,Bengals,4,13:19,2,8,JAX 27,10-26,3,0.33,0.04,-0.29
2014-10-19,Ravens,Falcons,4,2:46,2,8,ATL 38,22-7,3,2.64,2.34,-0.30
2014-11-30,Broncos,Chiefs,4,5:57,2,8,KAN 44,29-16,3,2.25,1.95,-0.30
2014-10-05,Eagles,Rams,4,13:53,2,8,PHI 35,34-14,3,0.86,0.56,-0.30
2014-10-19,Rams,Seahawks,3,11:25,2,8,RAM 23,21-6,3,0.07,-0.23,-0.30
2014-09-14,Jets,Packers,4,6:22,2,8,GNB 40,24-31,3,2.51,2.21,-0.30
2014-12-14,Bills,Packers,4,2:17,2,8,50,19-13,3,1.85,1.55,-0.30
2015-11-01,Steelers,Bengals,3,12:31,2,8,PIT 19,7-6,3,-0.25,-0.62,-0.37
2015-11-15,Cardinals,Seahawks,4,13:48,2,8,CRD 30,25-23,3,0.53,0.23,-0.30
2015-12-20,Eagles,Cardinals,3,8:34,2,8,PHI 26,10-23,3,0.27,-0.03,-0.30
2015-11-15,Rams,Bears,3,5:02,2,8,RAM 37,10-24,3,0.99,0.7,-0.29
2015-09-27,Panthers,Saints,3,3:23,2,8,NOR 44,17-16,3,2.25,1.95,-0.30
2016-09-11,Saints,Raiders,4,14:31,2,8,RAI 36,24-13,3,2.78,2.48,-0.30
2016-10-16,Rams,Lions,3,3:47,2,8,RAM 35,21-21,3,0.86,0.56,-0.30
2016-09-25,Raiders,Titans,4,8:13,2,8,OTI 44,17-10,3,2.25,1.95,-0.30
2016-10-16,Falcons,Seahawks,4,10:08,2,8,ATL 40,24-17,3,1.19,0.89,-0.30
2016-10-02,Broncos,Buccaneers,3,4:49,2,8,DEN 27,20-7,3,0.33,0.04,-0.29
2016-09-11,Texans,Bears,4,4:06,2,8,HTX 26,23-14,3,0.27,-0.03,-0.30
2016-09-11,Buccaneers,Falcons,4,2:27,2,8,TAM 44,31-24,3,1.46,1.16,-0.30
2016-10-30,Lions,Texans,3,11:22,2,8,DET 25,3-14,3,0.2,-0.1,-0.30
2016-11-13,Saints,Broncos,4,9:05,2,8,NOR 27,17-17,3,0.33,0.04,-0.29
2016-11-20,Redskins,Packers,3,12:58,2,8,WAS 48,13-10,3,1.72,1.42,-0.30
2016-12-04,Broncos,Jaguars,4,2:00,2,8,DEN 24,17-10,3,0.14,-0.16,-0.30
2016-12-18,Colts,Vikings,3,9:34,2,8,CLT 35,27-0,3,0.86,0.56,-0.30
2017-01-01,Panthers,Buccaneers,4,11:22,2,8,TAM 49,10-10,3,1.92,1.62,-0.30
2014-11-27,Eagles,Cowboys,4,8:42,2,8,DAL 49,33-10,2,1.92,1.49,-0.43
2014-10-19,Bills,Vikings,3,14:23,2,8,BUF 34,10-13,2,0.8,0.37,-0.43
2014-10-19,Packers,Panthers,3,11:45,2,8,GNB 44,28-3,2,1.46,1.03,-0.43
2014-12-28,Cardinals,49ers,3,7:02,2,8,SFO 49,17-13,2,1.92,1.49,-0.43
2014-09-07,Texans,Redskins,3,7:12,2,8,HTX 39,14-6,2,1.13,0.7,-0.43
2014-10-12,Broncos,Jets,4,4:23,2,8,DEN 31,24-17,2,0.6,0.17,-0.43
2014-11-27,Seahawks,49ers,4,5:01,2,8,SEA 45,19-3,2,1.52,1.09,-0.43
2014-10-05,Eagles,Rams,4,2:12,2,8,RAM 46,34-28,2,2.12,1.69,-0.43
2014-12-14,Chiefs,Raiders,4,6:07,2,8,KAN 31,31-6,2,0.6,0.17,-0.43
2014-09-04,Packers,Seahawks,3,10:03,2,8,GNB 22,10-20,2,0,-0.43,-0.43
2014-12-28,Lions,Packers,3,11:13,2,8,GNB 37,7-14,2,2.71,2.28,-0.43
2015-09-27,Eagles,Jets,4,2:00,2,8,NYJ 46,24-17,2,2.12,1.69,-0.43
2015-10-25,Eagles,Panthers,3,11:24,2,8,PHI 22,6-21,2,0,-0.43,-0.43
2015-12-06,Steelers,Colts,4,12:13,2,8,PIT 24,35-10,2,0.14,-0.29,-0.43
2015-12-20,Chargers,Dolphins,4,15:00,2,8,SDG 40,23-7,2,1.19,0.76,-0.43
2015-09-20,Browns,Titans,4,3:07,2,8,CLE 48,21-14,2,1.72,1.29,-0.43
2015-12-06,Ravens,Dolphins,4,3:43,2,8,MIA 39,13-15,2,2.58,2.15,-0.43
2015-11-15,Cardinals,Seahawks,3,9:45,2,8,CRD 40,22-10,2,1.19,0.76,-0.43
2015-10-18,Ravens,49ers,3,13:46,2,8,RAV 39,6-16,2,1.13,0.7,-0.43
2015-12-06,Bengals,Browns,4,2:00,2,8,CLE 35,37-3,2,2.84,2.41,-0.43
2015-12-27,Colts,Dolphins,3,11:32,2,8,CLT 35,15-6,2,0.86,0.43,-0.43
2015-11-30,Ravens,Browns,4,6:07,2,8,RAV 38,27-20,2,1.06,0.63,-0.43
2015-10-04,Eagles,Redskins,4,9:13,2,8,WAS 48,20-16,2,1.98,1.55,-0.43
2015-09-13,Rams,Seahawks,4,10:37,2,8,SEA 37,24-21,2,2.71,2.28,-0.43
2015-10-22,Seahawks,49ers,4,4:00,2,8,SEA 45,20-3,2,1.52,1.09,-0.43
2015-09-13,Jaguars,Panthers,3,7:26,2,8,JAX 42,9-17,2,1.32,0.89,-0.43
2015-10-11,Chiefs,Bears,4,3:01,2,8,KAN 22,17-12,2,0,-0.43,-0.43
2015-12-20,Redskins,Bills,4,14:22,2,8,WAS 46,28-17,2,1.59,1.16,-0.43
2015-11-29,Bengals,Rams,4,2:20,2,8,CIN 25,31-7,2,0.2,-0.23,-0.43
2016-09-25,Chargers,Colts,4,5:56,2,8,SDG 20,22-20,2,-0.13,-0.66,-0.53
2016-10-09,Eagles,Lions,4,4:19,2,8,PHI 25,23-21,2,0.2,-0.23,-0.43
2016-10-09,Patriots,Browns,3,3:18,2,8,NWE 37,30-7,2,0.99,0.56,-0.43
2016-10-16,Panthers,Saints,3,3:05,2,8,CAR 43,17-31,2,1.39,0.96,-0.43
2016-09-29,Bengals,Dolphins,4,4:08,2,8,CIN 33,22-7,2,0.73,0.3,-0.43
2016-10-23,Dolphins,Bills,4,2:40,2,8,MIA 32,21-17,2,0.66,0.23,-0.43
2016-09-25,Panthers,Vikings,3,4:55,2,8,MIN 46,10-16,2,2.12,1.69,-0.43
2016-11-27,Saints,Rams,4,7:50,2,8,NOR 35,49-21,2,0.86,0.43,-0.43
2016-12-11,Bengals,Browns,4,4:38,2,8,CIN 27,23-10,2,0.33,-0.1,-0.43
2014-09-25,Giants,Redskins,4,2:00,2,8,NYG 46,45-14,1,1.59,0.37,-1.22
2014-09-28,Chargers,Jaguars,4,8:53,2,8,SDG 37,30-14,1,0.99,0.43,-0.56
2014-10-12,Eagles,Giants,4,6:43,2,8,PHI 47,27-0,1,1.65,1.09,-0.56
2014-09-14,Giants,Cardinals,3,14:20,2,8,NYG 20,7-10,1,-0.13,-2.24,-2.11
2014-11-23,Bengals,Texans,3,8:13,2,8,50,16-3,1,1.85,1.29,-0.56
2014-09-21,Packers,Lions,3,3:32,2,8,GNB 37,7-12,1,0.99,0.43,-0.56
2014-12-07,Browns,Colts,3,6:34,2,8,CLE 20,21-10,1,-0.13,-0.79,-0.66
2014-12-28,Texans,Jaguars,4,4:48,2,8,HTX 30,23-17,1,0.53,-0.03,-0.56
2014-10-12,Browns,Steelers,4,4:41,2,8,CLE 24,31-3,1,0.14,-0.43,-0.57
2015-09-20,Buccaneers,Saints,3,10:43,2,8,NOR 46,17-7,1,2.12,1.55,-0.57
2015-09-28,Packers,Chiefs,4,6:49,2,8,GNB 33,38-22,1,0.73,0.17,-0.56
2015-10-26,Cardinals,Ravens,3,5:43,2,8,CRD 15,17-10,1,-0.57,-1.06,-0.49
2015-12-06,Dolphins,Ravens,4,2:38,2,8,MIA 47,15-13,1,1.65,1.09,-0.56
2015-11-26,Lions,Eagles,4,2:14,2,8,DET 22,45-14,1,0,-0.56,-0.56
2015-10-04,Raiders,Bears,3,5:59,2,8,RAI 38,17-16,1,1.06,0.5,-0.56
2015-11-08,Rams,Vikings,3,2:33,2,8,RAM 39,15-18,1,1.13,0.56,-0.57
2015-12-06,Broncos,Chargers,4,5:58,2,8,DEN 47,17-3,1,1.65,1.09,-0.56
2015-11-29,Chargers,Jaguars,3,14:31,2,8,SDG 22,21-9,1,0,-0.56,-0.56
2016-09-25,Broncos,Bengals,4,4:12,2,8,CIN 38,29-17,1,2.64,2.08,-0.56
2016-10-09,Lions,Eagles,4,13:32,2,8,PHI 39,21-20,1,2.58,2.02,-0.56
2016-10-16,Patriots,Bengals,4,10:22,2,8,CIN 48,25-17,1,1.98,1.42,-0.56
2016-10-30,Colts,Chiefs,3,13:55,2,8,CLT 41,7-17,1,1.26,0.7,-0.56
2016-10-23,Raiders,Jaguars,4,3:54,2,8,JAX 46,26-16,1,2.12,1.55,-0.57
2016-10-23,Dolphins,Bills,4,6:51,2,8,BUF 47,14-17,1,2.05,1.49,-0.56
2016-12-04,Seahawks,Panthers,4,6:07,2,8,CAR 48,37-7,1,1.98,1.42,-0.56
2016-12-05,Colts,Jets,4,5:50,2,8,NYJ 39,41-10,1,2.58,2.02,-0.56
2016-12-11,Dolphins,Cardinals,3,14:20,2,8,MIA 25,14-9,1,0.2,-0.36,-0.56
2016-12-18,Falcons,49ers,4,4:49,2,8,SFO 44,38-13,1,2.25,1.68,-0.57
2016-12-24,Bears,Redskins,3,14:43,2,8,CHI 27,14-24,1,0.33,-0.23,-0.56
2014-12-07,Bengals,Steelers,3,12:15,2,8,CIN 44,14-10,0,1.46,0.76,-0.70
2014-09-21,Texans,Giants,4,11:37,2,8,HTX 29,10-20,0,0.47,-0.23,-0.70
2014-12-28,Texans,Jaguars,4,3:13,2,8,HTX 40,23-17,0,1.19,0.5,-0.69
2014-10-05,Eagles,Rams,4,7:50,2,8,PHI 45,34-21,0,1.52,0.83,-0.69
2014-09-18,Falcons,Buccaneers,4,8:02,2,8,ATL 22,56-7,0,0,-0.69,-0.69
2014-12-14,Giants,Redskins,4,2:48,2,8,NYG 38,24-13,0,1.06,0.37,-0.69
2014-11-02,Eagles,Texans,3,10:22,2,8,PHI 22,17-14,0,0,-0.69,-0.69
2014-12-14,Panthers,Buccaneers,4,2:00,2,8,CAR 49,19-17,0,1.79,1.09,-0.70
2015-12-27,Bills,Cowboys,3,2:39,2,8,DAL 44,9-6,0,2.25,1.55,-0.70
2015-11-22,Raiders,Lions,3,13:35,2,8,DET 35,0-9,0,2.84,2.15,-0.69
2015-11-15,Dolphins,Eagles,4,2:00,2,8,MIA 39,20-19,0,1.13,0.43,-0.70
2015-12-27,Falcons,Panthers,3,14:22,2,8,ATL 22,7-7,0,0,-0.69,-0.69
2015-09-27,Eagles,Jets,3,6:44,2,8,PHI 22,24-7,0,0,-0.69,-0.69
2016-09-18,Rams,Seahawks,4,4:44,2,8,RAM 30,9-3,0,0.53,-0.16,-0.69
2016-10-09,Steelers,Jets,3,13:09,2,8,PIT 44,14-13,0,1.46,0.76,-0.70
2016-11-17,Panthers,Saints,4,2:00,2,8,CAR 35,23-23,0,0.86,0.17,-0.69
2014-10-26,Lions,Falcons,3,12:23,2,8,ATL 48,0-21,-1,1.98,1.16,-0.82
2015-10-11,Buccaneers,Jaguars,3,7:44,2,8,TAM 35,20-17,-1,0.86,0.04,-0.82
2015-11-01,Rams,49ers,4,5:48,2,8,RAM 17,27-6,-1,-0.44,-1.25,-0.81
2015-09-13,Bears,Packers,3,10:57,2,8,CHI 27,13-17,-1,0.33,-0.49,-0.82
2015-10-18,Bears,Lions,3,14:27,2,8,CHI 22,13-21,-1,0,-0.82,-0.82
2016-10-23,Rams,Giants,3,12:46,2,8,RAM 35,10-10,-1,0.86,0.04,-0.82
2016-12-11,Seahawks,Packers,4,3:23,2,8,SEA 43,10-38,-1,1.39,0.56,-0.83
2016-12-24,49ers,Rams,3,6:26,2,8,SFO 19,7-14,-1,-0.25,-1.13,-0.88
2017-01-01,Chiefs,Chargers,4,2:02,2,8,SDG 44,36-27,-1,2.25,1.42,-0.83
2014-10-12,Seahawks,Cowboys,4,13:09,2,8,DAL 48,20-20,-2,1.98,1.03,-0.95
2014-09-28,Steelers,Buccaneers,3,11:10,2,8,PIT 38,17-17,-2,1.06,0.1,-0.96
2014-12-07,Jaguars,Texans,3,13:11,2,8,JAX 37,13-10,-2,0.99,0.04,-0.95
2015-09-20,Redskins,Rams,3,14:25,2,8,WAS 22,17-0,-2,0,-0.96,-0.96
2015-11-01,Raiders,Jets,4,4:59,2,8,RAI 40,34-20,-2,1.19,0.23,-0.96
2016-09-22,Patriots,Texans,4,7:42,2,8,NWE 48,27-0,-2,1.72,0.76,-0.96
2016-11-06,Dolphins,Jets,3,12:34,2,8,MIA 38,14-13,-2,1.06,0.1,-0.96
2014-11-30,Bengals,Buccaneers,4,3:20,2,8,CIN 22,14-13,-3,0,-1.14,-1.14
2015-11-01,Cardinals,Browns,4,6:53,2,8,CRD 42,31-20,-3,1.32,0.23,-1.09
2015-10-18,Vikings,Chiefs,3,2:58,2,8,MIN 25,13-0,-3,0.2,-0.89,-1.09
2016-11-13,49ers,Cardinals,3,4:51,2,8,SFO 23,13-20,-3,0.07,-1.02,-1.09
2014-09-14,Bills,Dolphins,4,6:44,2,8,MIA 46,26-10,-4,2.12,0.89,-1.23
2016-12-04,Texans,Packers,3,5:25,2,8,HTX 49,7-7,-4,1.79,0.56,-1.23
2016-12-18,Ravens,Eagles,3,7:42,2,8,RAV 41,20-14,-4,1.26,0.04,-1.22
2014-09-07,Vikings,Rams,4,9:07,2,8,RAM 46,20-3,-6,2.12,0.63,-1.49
2016-12-22,Eagles,Giants,3,14:16,2,8,PHI 22,21-13,-6,0,-1.69,-1.69
2014-12-07,Chiefs,Cardinals,1,9:48,2,8,KAN 37,6-3,63,0.99,7,6.01
2015-12-06,Bills,Texans,1,3:15,2,8,BUF 31,7-6,32,0.6,3.12,2.52
2016-09-25,Raiders,Titans,2,2:00,2,8,RAI 32,10-3,30,0.66,3.05,2.39
2016-10-30,Bills,Patriots,1,14:29,2,8,BUF 27,0-0,28,0.33,2.59,2.26
2014-09-21,Colts,Jaguars,1,3:44,2,8,JAX 38,3-0,27,2.64,4.84,2.20
2014-09-14,Chiefs,Broncos,1,8:46,2,8,KAN 42,0-7,25,1.32,3.38,2.06
2014-11-23,Broncos,Dolphins,2,10:47,2,8,DEN 49,3-14,25,1.79,3.84,2.05
2015-12-27,49ers,Lions,2,13:08,2,8,SFO 46,7-10,25,1.59,3.64,2.05
2014-12-20,Chargers,49ers,2,9:49,2,8,SDG 29,0-21,22,0.47,2.32,1.85
2016-10-09,Titans,Dolphins,2,8:17,2,8,MIA 42,7-7,22,2.38,4.24,1.86
2016-09-18,Chargers,Jaguars,1,11:52,2,8,JAX 47,0-0,21,2.05,3.84,1.79
2016-10-30,Jets,Browns,2,13:42,2,8,NYJ 47,0-10,18,1.65,3.25,1.60
2015-11-22,Eagles,Buccaneers,1,7:17,2,8,PHI 22,7-0,16,0,1.47,1.47
2017-01-01,Bengals,Ravens,1,2:33,2,8,CIN 42,7-3,15,1.32,2.72,1.40
2015-09-13,Chargers,Lions,1,3:51,2,8,SDG 43,0-7,14,1.39,2.72,1.33
2014-12-14,Dolphins,Patriots,2,11:30,2,8,MIA 18,3-7,13,-0.35,1,1.35
2015-11-22,Texans,Jets,1,7:22,2,8,HTX 22,0-0,13,0,1.27,1.27
2016-12-11,Jets,49ers,1,4:55,2,8,NYJ 36,0-14,13,0.93,2.19,1.26
2014-11-02,Ravens,Steelers,2,10:48,2,8,RAV 32,7-0,12,0.66,1.86,1.20
2014-10-27,Cowboys,Redskins,1,7:53,2,8,DAL 38,0-3,12,1.06,2.26,1.20
2015-11-12,Bills,Jets,2,12:44,2,8,BUF 41,0-3,12,1.26,2.46,1.20
2015-11-29,Bills,Chiefs,1,14:14,2,8,BUF 25,0-0,12,0.2,1.4,1.20
2015-11-01,Raiders,Jets,2,3:47,2,8,NYJ 48,21-3,12,1.98,3.18,1.20
2015-11-01,Cowboys,Seahawks,1,6:41,2,8,DAL 34,0-3,12,0.8,1.99,1.19
2016-11-24,Lions,Vikings,1,12:20,2,8,DET 39,0-0,12,1.13,2.32,1.19
2014-11-20,Chiefs,Raiders,1,5:50,2,8,KAN 16,0-7,11,-0.51,0.74,1.25
2014-10-26,Patriots,Bears,2,12:35,2,8,NWE 43,10-0,11,1.39,2.52,1.13
2014-10-20,Texans,Steelers,1,8:24,2,8,HTX 38,0-0,11,1.06,2.19,1.13
2015-11-29,49ers,Cardinals,1,3:33,2,8,SFO 18,0-3,11,-0.35,0.87,1.22
2015-11-22,Eagles,Buccaneers,1,12:09,2,8,50,0-0,11,1.85,2.98,1.13
2016-10-23,Chiefs,Saints,1,13:04,2,8,KAN 37,0-0,11,0.99,2.13,1.14
2015-11-29,Seahawks,Steelers,1,4:53,2,8,SEA 36,0-3,10,0.93,1.99,1.06
2015-11-15,Eagles,Dolphins,1,8:08,2,8,PHI 44,9-3,10,1.46,2.52,1.06
2015-12-27,Rams,Seahawks,2,11:13,2,8,RAM 32,10-0,10,0.66,1.73,1.07
2016-11-24,Steelers,Colts,1,12:56,2,8,50,0-0,10,1.85,2.92,1.07
2016-11-27,Jaguars,Bills,1,2:07,2,8,JAX 43,7-0,10,1.39,2.46,1.07
2014-11-27,Eagles,Cowboys,2,14:36,2,8,PHI 22,14-7,9,0,1,1.00
2014-12-07,Steelers,Bengals,1,6:05,2,8,PIT 22,0-0,9,0,1,1.00
2015-12-24,Raiders,Chargers,1,7:47,2,8,RAI 42,0-7,9,1.32,2.32,1.00
2015-10-04,Texans,Falcons,1,7:47,2,8,HTX 22,0-7,9,0,1,1.00
2015-11-29,Patriots,Broncos,2,2:00,2,8,NWE 22,14-7,9,0,1,1.00
2016-11-06,Colts,Packers,1,2:13,2,8,CLT 15,14-3,9,-0.57,0.54,1.11
2016-11-20,Dolphins,Rams,2,7:09,2,8,MIA 44,0-7,9,1.46,2.46,1.00
2016-11-27,Seahawks,Buccaneers,1,2:19,2,8,SEA 27,0-14,9,0.33,1.33,1.00
2016-12-04,Eagles,Bengals,1,9:44,2,8,PHI 27,0-3,9,0.33,1.33,1.00
2014-09-14,Packers,Jets,1,6:56,2,8,NYJ 49,0-14,8,1.92,2.85,.93
2014-11-30,Giants,Jaguars,1,5:05,2,8,JAX 49,0-0,8,1.92,2.85,.93
2014-09-14,Buccaneers,Rams,1,2:32,2,8,TAM 22,7-7,8,0,0.94,.94
2015-10-12,Steelers,Chargers,2,9:22,2,8,PIT 26,0-7,8,0.27,1.2,.93
2015-12-24,Raiders,Chargers,2,8:52,2,8,RAI 41,7-14,8,1.26,2.19,.93
2015-09-20,Redskins,Rams,2,8:59,2,8,WAS 31,10-0,8,0.6,1.53,.93
2015-09-20,Browns,Titans,2,10:14,2,8,OTI 48,14-0,8,1.98,2.92,.94
2015-12-20,Falcons,Jaguars,2,8:50,2,8,ATL 21,7-3,8,-0.06,0.87,.93
2016-09-25,Redskins,Giants,1,11:43,2,8,WAS 42,0-7,8,1.32,2.26,.94
2016-10-16,Bills,49ers,1,4:56,2,8,BUF 47,0-3,8,1.65,2.59,.94
2016-09-25,Seahawks,49ers,1,11:58,2,8,SEA 40,7-0,8,1.19,0.92,-0.27
2016-11-27,Buccaneers,Seahawks,1,14:20,2,8,TAM 24,0-0,8,0.14,1.07,.93
2016-12-04,Seahawks,Panthers,1,8:59,2,8,CAR 44,3-0,8,2.25,3.18,.93
2014-11-30,Raiders,Rams,2,12:57,2,8,RAM 39,0-21,7,2.58,2.81,.23
2014-10-19,Chiefs,Chargers,2,12:06,2,8,KAN 36,7-7,7,0.93,1.16,.23
2014-09-07,Browns,Steelers,1,9:26,2,8,CLE 27,0-3,7,0.33,0.56,.23
2014-09-07,Rams,Vikings,1,4:46,2,8,RAM 29,0-3,7,0.47,0.7,.23
2014-12-14,Buccaneers,Panthers,2,9:59,2,8,CAR 44,7-6,7,2.25,2.48,.23
2014-12-22,Bengals,Broncos,2,15:00,2,8,DEN 43,7-7,7,2.31,2.54,.23
2014-10-19,Lions,Saints,2,13:10,2,8,DET 21,0-7,7,-0.06,1.8,1.86
2014-12-28,Broncos,Raiders,1,3:05,2,8,DEN 22,10-7,7,0,0.23,.23
2015-11-08,Colts,Broncos,2,4:47,2,8,CLT 25,17-0,7,0.2,0.43,.23
2015-12-06,Colts,Steelers,2,13:56,2,8,CLT 50,3-6,7,1.85,2.08,.23
2015-11-08,Raiders,Steelers,2,9:22,2,8,PIT 38,7-11,7,2.64,2.87,.23
2015-10-18,Lions,Bears,2,12:03,2,8,DET 23,7-10,7,0.07,0.3,.23
2015-11-26,Packers,Bears,2,14:21,2,8,GNB 21,7-0,7,-0.06,0.1,.16
2015-10-25,Eagles,Panthers,1,14:30,2,8,PHI 22,0-0,7,0,0.23,.23
2015-10-25,Colts,Saints,1,12:26,2,8,CLT 21,0-0,7,-0.06,0.1,.16
2015-10-11,Rams,Packers,2,9:56,2,8,RAM 45,0-14,7,1.52,1.75,.23
2016-09-26,Falcons,Saints,1,7:53,2,8,ATL 46,0-7,7,1.59,1.82,.23
2016-11-06,Raiders,Broncos,2,2:24,2,8,RAI 27,13-7,7,0.33,0.56,.23
2016-11-13,Broncos,Saints,2,2:52,2,8,DEN 32,10-0,7,0.66,0.89,.23
2016-10-30,Chiefs,Colts,2,9:24,2,8,KAN 17,10-7,7,-0.44,-0.27,.17
2016-12-11,Bengals,Browns,2,2:00,2,8,CIN 39,20-0,7,1.13,1.36,.23
2014-12-21,Panthers,Browns,2,11:30,2,8,CAR 35,3-3,6,0.86,0.96,.10
2014-09-28,49ers,Eagles,2,8:16,2,8,SFO 22,10-21,6,0,0.1,.10
2014-12-07,Saints,Panthers,2,9:55,2,8,NOR 47,3-17,6,1.65,1.75,.10
2014-11-02,Seahawks,Raiders,1,8:32,2,8,SEA 30,0-3,6,0.53,0.63,.10
2014-09-14,Chargers,Seahawks,2,7:11,2,8,SEA 36,10-7,6,2.78,2.87,.09
2014-11-02,Cardinals,Cowboys,1,3:05,2,8,CRD 30,0-10,6,0.53,0.63,.10
2014-09-07,Bengals,Ravens,1,6:22,2,8,CIN 42,3-0,6,1.32,1.42,.10
2014-09-28,49ers,Eagles,1,10:58,2,8,SFO 37,0-7,6,0.99,1.09,.10
2015-11-15,Lions,Packers,2,14:23,2,8,DET 48,0-3,6,1.72,1.82,.10
2015-12-10,Vikings,Cardinals,2,3:07,2,8,MIN 22,7-10,6,0,0.1,.10
2015-11-08,Rams,Vikings,2,7:39,2,8,RAM 45,9-10,6,1.52,1.62,.10
2015-12-28,Broncos,Bengals,1,5:34,2,8,DEN 43,0-7,6,1.39,2.52,1.13
2015-10-12,Steelers,Chargers,1,13:06,2,8,PIT 47,0-0,6,1.65,1.75,.10
2015-11-01,Titans,Texans,1,7:05,2,8,OTI 22,3-0,6,0,0.1,.10
2015-11-22,Colts,Falcons,1,8:48,2,8,CLT 22,0-0,6,0,0.1,.10
2016-10-23,Eagles,Vikings,2,2:00,2,8,50,8-3,6,1.85,1.95,.10
2016-12-11,Titans,Broncos,2,3:10,2,8,DEN 47,10-0,6,2.05,2.15,.10
2017-01-01,49ers,Seahawks,2,2:13,2,8,SFO 23,14-19,6,0.07,0.17,.10
2014-09-21,Rams,Cowboys,2,12:48,2,8,RAM 35,14-0,5,0.86,0.83,-0.03
2014-11-20,Raiders,Chiefs,2,6:40,2,8,RAI 17,14-3,5,-0.44,-0.51,-0.07
2014-10-12,Chargers,Raiders,1,2:17,2,8,SDG 43,7-7,5,1.39,1.36,-0.03
2014-11-16,Texans,Browns,1,10:09,2,8,CLE 45,0-0,5,2.18,2.15,-0.03
2014-12-28,Packers,Lions,2,5:15,2,8,GNB 44,7-0,5,1.46,1.42,-0.04
2014-11-23,Eagles,Titans,2,7:51,2,8,PHI 33,20-14,5,0.73,0.7,-0.03
2014-12-28,Bengals,Steelers,1,5:59,2,8,PIT 40,0-7,5,2.51,2.48,-0.03
2014-12-18,Titans,Jaguars,2,6:44,2,8,JAX 48,7-0,5,1.98,1.95,-0.03
2014-10-26,Buccaneers,Vikings,1,4:01,2,8,TAM 48,0-0,5,1.72,1.69,-0.03
2015-09-13,Bears,Packers,2,15:00,2,8,CHI 22,3-7,5,0,-0.03,-0.03
2015-09-13,Packers,Bears,1,8:49,2,8,GNB 41,0-3,5,1.26,1.22,-0.04
2015-09-27,Vikings,Chargers,1,13:39,2,8,MIN 37,0-0,5,0.99,0.96,-0.03
2015-11-29,49ers,Cardinals,1,2:36,2,8,SFO 31,0-3,5,0.6,0.56,-0.04
2015-12-13,Rams,Lions,1,8:24,2,8,RAM 42,0-0,5,1.32,1.29,-0.03
2015-11-01,49ers,Rams,1,11:30,2,8,RAM 41,0-0,5,2.45,2.41,-0.04
2015-09-28,Chiefs,Packers,1,13:17,2,8,KAN 26,0-0,5,0.27,0.23,-0.04
2016-09-12,Rams,49ers,2,12:57,2,8,SFO 40,0-7,5,2.51,2.48,-0.03
2016-10-09,Titans,Dolphins,1,5:47,2,8,OTI 49,0-0,5,1.79,1.75,-0.04
2016-12-15,Rams,Seahawks,1,9:24,2,8,RAM 30,0-0,5,0.53,0.5,-0.03
2016-10-10,Buccaneers,Panthers,1,12:33,2,8,TAM 38,0-0,5,1.06,1.03,-0.03
2016-09-18,Chiefs,Texans,2,3:33,2,8,KAN 25,3-10,5,0.2,0.17,-0.03
2016-10-09,Raiders,Chargers,1,10:33,2,8,RAI 24,0-0,5,0.14,0.1,-0.04
2016-12-05,Colts,Jets,2,6:02,2,8,CLT 32,17-3,5,0.66,0.63,-0.03
2016-12-11,Titans,Broncos,1,3:42,2,8,OTI 46,10-0,5,1.59,1.55,-0.04
2016-12-18,Patriots,Broncos,1,14:13,2,8,NWE 26,0-0,5,0.27,0.23,-0.04
2017-01-01,Titans,Texans,1,12:13,2,8,OTI 34,0-0,5,0.8,0.76,-0.04
2014-09-28,Panthers,Ravens,1,3:34,2,8,CAR 19,0-0,4,-0.25,-0.49,-0.24
2014-12-21,Giants,Rams,2,9:43,2,8,NYG 22,13-3,4,0,-0.16,-0.16
2014-12-28,Bears,Vikings,1,4:14,2,8,CHI 16,0-3,4,-0.51,-0.68,-0.17
2014-11-30,Steelers,Saints,2,10:43,2,8,PIT 28,6-0,4,0.4,0.23,-0.17
2014-11-09,Cardinals,Rams,1,12:32,2,8,CRD 43,0-0,4,1.39,1.22,-0.17
2014-11-16,Redskins,Buccaneers,2,15:00,2,8,TAM 43,0-10,4,2.31,2.15,-0.16
2014-12-28,Ravens,Browns,1,7:45,2,8,RAV 43,0-0,4,1.39,1.22,-0.17
2014-09-08,Lions,Giants,2,5:37,2,8,DET 49,14-7,4,1.79,1.62,-0.17
2014-10-05,Giants,Falcons,1,10:36,2,8,NYG 33,0-0,4,0.73,0.56,-0.17
2014-12-21,Bills,Raiders,1,11:41,2,8,RAI 46,0-0,4,2.12,1.95,-0.17
2014-11-23,Cardinals,Seahawks,1,2:03,2,8,CRD 37,0-3,4,0.99,0.83,-0.16
2015-10-18,Panthers,Seahawks,1,13:21,2,8,CAR 36,0-0,4,0.93,0.76,-0.17
2016-01-03,Chiefs,Raiders,2,2:51,2,8,RAI 43,14-10,4,2.31,2.15,-0.16
2015-09-13,Lions,Chargers,2,10:18,2,8,SDG 44,14-3,4,2.25,2.08,-0.17
2015-09-27,Broncos,Lions,1,5:54,2,8,DET 46,0-0,4,2.12,1.95,-0.17
2015-12-27,Saints,Jaguars,1,3:56,2,8,NOR 24,7-0,4,0.14,-0.03,-0.17
2015-11-08,Eagles,Cowboys,1,4:54,2,8,PHI 41,0-7,4,1.26,1.09,-0.17
2015-11-01,Buccaneers,Falcons,1,7:15,2,8,TAM 22,0-3,4,0,-0.16,-0.16
2015-09-20,Saints,Buccaneers,2,9:31,2,8,NOR 26,0-3,4,0.27,0.1,-0.17
2015-09-28,Chiefs,Packers,2,5:33,2,8,KAN 24,7-17,4,0.14,-0.03,-0.17
2015-12-13,Redskins,Bears,2,8:51,2,8,CHI 49,14-0,4,1.92,1.75,-0.17
2015-10-25,Steelers,Chiefs,2,6:17,2,8,KAN 39,3-6,4,2.58,2.41,-0.17
2015-10-25,Chiefs,Steelers,2,3:56,2,8,KAN 34,6-3,4,0.8,0.63,-0.17
2015-10-11,Raiders,Broncos,2,4:18,2,8,RAI 35,7-3,4,0.86,0.7,-0.16
2016-09-18,Packers,Vikings,2,9:35,2,8,GNB 27,7-7,4,0.33,0.17,-0.16
2016-10-30,Redskins,Bengals,1,2:31,2,8,WAS 21,7-7,4,-0.06,-0.29,-0.23
2016-09-26,Falcons,Saints,1,4:27,2,8,ATL 28,7-7,4,0.4,0.23,-0.17
2016-09-11,Packers,Jaguars,1,3:05,2,8,GNB 27,7-7,4,0.33,0.17,-0.16
2016-10-30,Jets,Browns,2,7:26,2,8,NYJ 32,7-10,4,0.66,0.5,-0.16
2016-09-25,49ers,Seahawks,2,14:29,2,8,SFO 47,0-14,4,1.65,1.49,-0.16
2016-11-13,Eagles,Falcons,1,10:46,2,8,PHI 21,0-0,4,-0.06,-0.29,-0.23
2016-10-23,Cardinals,Seahawks,2,10:04,2,8,CRD 36,0-0,4,0.93,0.76,-0.17
2016-11-27,Texans,Chargers,2,13:40,2,8,SDG 43,0-0,4,2.31,2.15,-0.16
2016-11-13,Chargers,Dolphins,1,14:23,2,8,SDG 27,0-0,4,0.33,0.17,-0.16
2016-11-27,Broncos,Chiefs,1,10:43,2,8,DEN 15,0-0,4,-0.57,-0.71,-0.14
2014-11-16,Lions,Cardinals,1,4:17,2,8,CRD 38,0-14,3,2.64,2.34,-0.30
2014-12-14,Seahawks,49ers,1,9:59,2,8,SEA 24,0-0,3,0.14,-0.16,-0.30
2014-09-21,Raiders,Patriots,1,12:32,2,8,RAI 37,0-0,3,0.99,0.7,-0.29
2014-09-04,Packers,Seahawks,2,8:58,2,8,GNB 46,7-10,3,1.59,1.29,-0.30
2014-10-13,Rams,49ers,1,14:30,2,8,RAM 22,0-0,3,0,-0.3,-0.30
2014-11-16,Saints,Bengals,1,14:31,2,8,NOR 22,0-0,3,0,-0.3,-0.30
2014-09-21,Chargers,Bills,2,7:10,2,8,SDG 35,10-0,3,0.86,0.56,-0.30
2014-09-21,Seahawks,Broncos,1,14:24,2,8,SEA 22,0-0,3,0,-0.3,-0.30
2014-12-18,Titans,Jaguars,2,10:32,2,8,OTI 42,7-0,3,1.32,1.03,-0.29
2014-09-21,Packers,Lions,1,3:16,2,8,GNB 43,0-7,3,1.39,2.32,.93
2015-09-27,Bears,Seahawks,1,8:18,2,8,CHI 37,0-0,3,0.99,0.7,-0.29
2015-09-27,Bears,Seahawks,2,9:26,2,8,SEA 48,0-3,3,1.98,1.69,-0.29
2015-09-13,Cowboys,Giants,1,14:24,2,8,DAL 20,0-0,3,-0.13,-0.53,-0.40
2015-09-17,Chiefs,Broncos,2,10:22,2,8,KAN 41,0-0,3,1.26,2.85,1.59
2015-11-22,Colts,Falcons,2,6:30,2,8,CLT 39,0-14,3,1.13,0.83,-0.30
2015-10-18,Broncos,Browns,1,13:25,2,8,DEN 30,0-0,3,0.53,0.23,-0.30
2015-12-07,Redskins,Cowboys,2,15:00,2,8,WAS 22,0-0,3,0,-0.3,-0.30
2015-10-04,Jaguars,Colts,2,3:43,2,8,JAX 34,10-10,3,0.8,0.5,-0.30
2015-11-08,Jaguars,Jets,2,14:32,2,8,NYJ 46,3-14,3,2.12,1.82,-0.30
2015-12-06,Jaguars,Titans,1,11:52,2,8,JAX 45,0-0,3,1.52,1.22,-0.30
2015-10-22,Seahawks,49ers,2,11:04,2,8,SFO 37,7-0,3,2.71,2.41,-0.30
2015-12-28,Bengals,Broncos,2,13:31,2,8,DEN 36,7-0,3,2.78,2.48,-0.30
2015-12-06,Broncos,Chargers,2,12:13,2,8,SDG 49,14-0,3,1.92,1.62,-0.30
2015-09-20,Giants,Falcons,2,13:42,2,8,NYG 48,0-7,3,1.72,1.42,-0.30
2015-11-22,Buccaneers,Eagles,1,9:34,2,8,TAM 46,0-7,3,1.59,1.29,-0.30
2015-12-24,Chargers,Raiders,1,2:30,2,8,SDG 44,7-7,3,1.46,1.16,-0.30
2015-10-11,Packers,Rams,2,13:45,2,8,GNB 42,14-0,3,1.32,1.03,-0.29
2015-10-04,Texans,Falcons,1,12:46,2,8,HTX 47,0-0,3,1.65,1.36,-0.29
2015-10-11,Bills,Titans,2,13:39,2,8,BUF 22,0-3,3,0,-0.3,-0.30
2015-11-29,Bengals,Rams,1,4:18,2,8,CIN 22,7-0,3,0,-0.3,-0.30
2015-12-13,Raiders,Broncos,1,8:13,2,8,RAI 28,0-3,3,0.4,0.1,-0.30
2015-10-04,Panthers,Buccaneers,1,6:28,2,8,CAR 22,10-3,3,0,-0.3,-0.30
2016-10-24,Texans,Broncos,1,14:34,2,8,HTX 27,0-0,3,0.33,0.04,-0.29
2016-09-18,Raiders,Falcons,1,2:48,2,8,RAI 48,0-0,3,1.72,1.42,-0.30
2016-10-17,Jets,Cardinals,2,15:00,2,8,NYJ 23,0-7,3,0.07,-0.23,-0.30
2016-11-27,Bengals,Ravens,2,5:23,2,8,CIN 35,3-10,3,0.86,0.56,-0.30
2016-12-04,Falcons,Chiefs,2,4:14,2,8,ATL 39,13-13,3,1.13,0.83,-0.30
2016-12-04,Steelers,Giants,1,13:11,2,8,PIT 38,0-0,3,1.06,0.76,-0.30
2016-12-18,Patriots,Broncos,2,2:44,2,8,NWE 21,10-3,3,-0.06,-0.42,-0.36
2017-01-01,Raiders,Broncos,1,9:34,2,8,RAI 27,0-7,3,0.33,0.04,-0.29
2014-10-05,Chargers,Jets,1,3:12,2,8,NYJ 40,7-0,2,2.51,2.08,-0.43
2014-12-11,Cardinals,Rams,1,6:18,2,8,CRD 22,0-3,2,0,-0.43,-0.43
2014-11-30,Saints,Steelers,2,2:49,2,8,NOR 33,7-6,2,0.73,0.3,-0.43
2014-09-07,Bills,Bears,1,14:27,2,8,BUF 22,0-0,2,0,-0.43,-0.43
2014-11-30,Broncos,Chiefs,1,11:50,2,8,50,0-0,2,1.85,1.42,-0.43
2014-11-09,Bills,Chiefs,1,4:42,2,8,BUF 31,7-3,2,0.6,0.17,-0.43
2014-12-21,Bills,Raiders,2,14:23,2,8,BUF 22,7-7,2,0,-0.43,-0.43
2014-12-21,Bears,Lions,1,9:10,2,8,CHI 19,0-0,2,-0.25,-0.75,-0.50
2015-11-08,Vikings,Rams,2,9:49,2,8,MIN 33,10-9,2,0.73,0.3,-0.43
2015-12-14,Dolphins,Giants,1,10:07,2,8,MIA 44,0-3,2,1.46,1.03,-0.43
2015-12-06,Jets,Giants,2,6:22,2,8,NYG 38,3-10,2,2.64,2.21,-0.43
2015-11-22,Bengals,Cardinals,2,9:09,2,8,CIN 22,7-7,2,0,-0.43,-0.43
2015-10-25,Eagles,Panthers,2,3:04,2,8,PHI 22,3-14,2,0,-0.43,-0.43
2015-10-25,Redskins,Buccaneers,1,4:27,2,8,WAS 16,0-10,2,-0.51,-0.92,-0.41
2015-12-20,Bengals,49ers,1,3:35,2,8,CIN 21,0-0,2,-0.06,-0.55,-0.49
2015-10-29,Patriots,Dolphins,2,4:44,2,8,MIA 37,9-0,2,2.71,2.28,-0.43
2015-11-08,49ers,Falcons,1,4:37,2,8,SFO 18,0-3,2,-0.35,-0.82,-0.47
2015-10-18,Jets,Redskins,1,5:05,2,8,WAS 38,0-7,2,2.64,2.21,-0.43
2015-11-15,Cowboys,Buccaneers,1,7:41,2,8,TAM 39,0-0,2,2.58,2.15,-0.43
2015-10-04,Bills,Giants,2,3:21,2,8,BUF 22,3-16,2,0,-0.43,-0.43
2015-12-20,Eagles,Cardinals,2,13:31,2,8,PHI 27,3-10,2,0.33,-0.1,-0.43
2015-10-22,Seahawks,49ers,1,5:15,2,8,SEA 17,7-0,2,-0.44,-0.88,-0.44
2015-09-14,Eagles,Falcons,1,14:45,2,8,PHI 22,0-0,2,0,-0.43,-0.43
2016-10-30,Bills,Patriots,2,2:44,2,8,BUF 43,10-21,2,1.39,0.96,-0.43
2016-09-11,Dolphins,Seahawks,1,4:31,2,8,MIA 22,0-3,2,0,-0.43,-0.43
2016-10-16,Steelers,Dolphins,1,13:09,2,8,PIT 36,0-0,2,0.93,0.5,-0.43
2016-09-18,Bengals,Steelers,1,10:56,2,8,CIN 37,0-0,2,0.99,0.56,-0.43
2016-11-27,Raiders,Panthers,2,5:42,2,8,RAI 35,17-7,2,0.86,0.43,-0.43
2016-11-27,Chiefs,Broncos,1,12:12,2,8,KAN 36,0-0,2,0.93,0.5,-0.43
2016-12-24,49ers,Rams,2,2:52,2,8,RAM 45,7-14,2,2.18,1.75,-0.43
2017-01-01,Falcons,Saints,2,9:40,2,8,NOR 35,21-10,2,2.84,2.41,-0.43
2014-09-21,Raiders,Patriots,2,14:23,2,8,RAI 30,3-0,1,0.53,-0.03,-0.56
2014-10-19,Raiders,Cardinals,2,4:56,2,8,RAI 23,0-14,1,0.07,-0.49,-0.56
2014-09-28,49ers,Eagles,2,10:03,2,8,SFO 35,10-14,1,0.86,0.3,-0.56
2014-12-07,Jets,Vikings,1,14:13,2,8,NYJ 22,0-7,1,0,-0.56,-0.56
2014-09-21,Jaguars,Colts,1,9:01,2,8,JAX 22,0-3,1,0,-0.56,-0.56
2014-12-14,Raiders,Chiefs,2,7:20,2,8,RAI 22,0-10,1,0,-0.56,-0.56
2014-09-14,Giants,Cardinals,2,13:49,2,8,CRD 46,0-10,1,2.12,1.55,-0.57
2014-12-21,Vikings,Dolphins,1,9:34,2,8,MIN 48,0-0,1,1.72,1.16,-0.56
2014-10-12,Patriots,Bills,2,3:13,2,8,NWE 22,7-7,1,0,-0.56,-0.56
2014-09-21,Titans,Bengals,1,3:33,2,8,OTI 42,0-3,1,1.32,0.76,-0.56
2015-11-08,Dolphins,Bills,2,5:29,2,8,BUF 43,7-12,1,2.31,1.75,-0.56
2015-09-20,Browns,Titans,1,2:44,2,8,OTI 46,14-0,1,2.12,1.55,-0.57
2015-12-13,Titans,Jets,2,8:48,2,8,OTI 22,0-13,1,0,-0.56,-0.56
2015-12-13,Saints,Buccaneers,1,10:55,2,8,TAM 46,0-0,1,2.12,0.9,-1.22
2015-11-01,49ers,Rams,2,6:18,2,8,SFO 22,3-13,1,0,-0.56,-0.56
2015-09-13,Texans,Chiefs,2,9:50,2,8,HTX 22,6-17,1,0,-0.56,-0.56
2015-11-08,Jets,Jaguars,2,9:33,2,8,NYJ 26,14-3,1,0.27,-0.3,-0.57
2015-11-23,Bills,Patriots,2,7:26,2,8,BUF 33,3-3,1,0.73,0.17,-0.56
2015-12-20,Chiefs,Ravens,2,2:48,2,8,RAV 49,21-7,1,1.92,1.36,-0.56
2015-09-20,Jaguars,Dolphins,1,13:12,2,8,JAX 31,0-0,1,0.6,0.04,-0.56
2016-10-17,Cardinals,Jets,1,5:56,2,8,CRD 37,7-0,1,0.99,0.43,-0.56
2016-09-18,Chiefs,Texans,1,7:15,2,8,KAN 31,0-7,1,0.6,0.04,-0.56
2016-10-16,Seahawks,Falcons,2,14:16,2,8,SEA 21,7-0,1,-0.06,-0.68,-0.62
2016-11-13,Titans,Packers,1,3:29,2,8,50,14-0,1,1.85,1.29,-0.56
2016-09-08,Broncos,Panthers,2,2:24,2,8,DEN 27,7-14,1,0.33,-0.23,-0.56
2016-09-11,Bears,Texans,1,9:44,2,8,CHI 37,0-0,1,0.99,0.43,-0.56
2016-10-23,Bills,Dolphins,1,6:18,2,8,BUF 42,0-3,1,1.32,0.76,-0.56
2016-12-17,Dolphins,Jets,2,7:25,2,8,MIA 38,6-7,1,1.06,0.5,-0.56
2016-12-18,Bengals,Steelers,1,14:19,2,8,CIN 27,0-0,1,0.33,-0.23,-0.56
2014-12-21,Jets,Patriots,1,7:41,2,8,NYJ 47,0-0,0,1.65,0.96,-0.69
2014-09-21,Rams,Cowboys,2,8:28,2,8,DAL 42,14-0,0,2.38,1.69,-0.69
2014-10-12,Broncos,Jets,1,9:16,2,8,DEN 25,3-0,0,0.2,-1.56,-1.76
2014-11-02,Cowboys,Cardinals,2,11:52,2,8,DAL 24,10-7,0,0.14,-0.56,-0.70
2014-11-30,Panthers,Vikings,1,14:18,2,8,CAR 22,0-0,0,0,-0.69,-0.69
2014-12-07,Seahawks,Eagles,1,3:03,2,8,SEA 20,0-7,0,-0.13,-0.91,-0.78
2014-11-16,Raiders,Chargers,1,13:19,2,8,RAI 21,0-7,0,-0.06,-0.81,-0.75
2014-12-21,Bills,Raiders,2,5:09,2,8,BUF 33,7-10,0,0.73,0.04,-0.69
2014-09-21,Cowboys,Rams,2,6:59,2,8,DAL 20,0-14,0,-0.13,-0.91,-0.78
2014-11-30,Chiefs,Broncos,1,8:17,2,8,KAN 37,0-7,0,0.99,0.3,-0.69
2014-09-14,Cowboys,Titans,2,8:15,2,8,DAL 40,10-0,0,1.19,0.5,-0.69
2014-09-28,Raiders,Dolphins,1,13:52,2,8,MIA 42,0-0,0,2.38,1.69,-0.69
2015-10-25,Saints,Colts,2,10:51,2,8,NOR 32,20-0,0,0.66,-0.03,-0.69
2015-09-20,Dolphins,Jaguars,1,2:43,2,8,MIA 26,3-10,0,0.27,-0.43,-0.70
2015-10-08,Colts,Texans,2,12:05,2,8,CLT 49,10-0,0,1.79,1.09,-0.70
2015-09-20,Bears,Cardinals,1,11:45,2,8,CRD 44,0-7,0,2.25,1.55,-0.70
2015-11-22,49ers,Seahawks,1,14:29,2,8,SFO 22,0-0,0,0,-0.69,-0.69
2015-11-22,Ravens,Rams,2,4:54,2,8,RAV 22,0-7,0,0,-0.69,-0.69
2016-01-03,49ers,Rams,1,6:59,2,8,SFO 34,0-3,0,0.8,0.1,-0.70
2015-12-27,Bears,Buccaneers,1,8:01,2,8,CHI 22,0-0,0,0,-0.69,-0.69
2015-09-20,Eagles,Cowboys,2,9:55,2,8,PHI 17,0-3,0,-0.44,-1.12,-0.68
2016-01-03,Eagles,Giants,2,10:48,2,8,PHI 22,14-13,0,0,-0.69,-0.69
2015-10-11,Cowboys,Patriots,1,6:03,2,8,DAL 35,0-3,0,0.86,0.17,-0.69
2016-10-27,Titans,Jaguars,2,12:34,2,8,JAX 45,10-0,0,2.18,1.49,-0.69
2016-10-27,Titans,Jaguars,1,13:16,2,8,OTI 48,0-0,0,1.72,-0.56,-2.28
2016-11-06,Rams,Panthers,1,13:57,2,8,RAM 42,0-0,0,1.32,0.63,-0.69
2016-11-13,Rams,Jets,2,11:10,2,8,NYJ 41,3-6,0,2.45,1.75,-0.70
2016-12-01,Cowboys,Vikings,1,13:17,2,8,DAL 35,0-0,0,0.86,0.17,-0.69
2016-12-18,49ers,Falcons,2,2:33,2,8,SFO 40,7-28,0,1.19,0.5,-0.69
2017-01-01,Seahawks,49ers,1,9:06,2,8,SEA 27,3-7,0,0.33,-0.36,-0.69
2014-10-05,Cardinals,Broncos,2,12:09,2,8,DEN 38,6-7,-1,2.64,1.82,-0.82
2014-09-21,Bills,Chargers,1,9:12,2,8,BUF 22,0-7,-1,0,-0.82,-0.82
2014-12-21,Ravens,Texans,1,9:54,2,8,RAV 17,0-3,-1,-0.44,-1.25,-0.81
2015-10-05,Lions,Seahawks,1,12:07,2,8,DET 38,0-0,-1,1.06,0.23,-0.83
2015-11-08,Packers,Panthers,1,9:25,2,8,GNB 27,0-3,-1,0.33,-0.49,-0.82
2015-10-04,Redskins,Eagles,2,3:22,2,8,WAS 35,13-0,-1,0.86,0.04,-0.82
2015-09-27,Cardinals,49ers,1,13:04,2,8,SFO 44,0-0,-1,2.25,1.42,-0.83
2016-09-18,Cowboys,Redskins,1,12:40,2,8,WAS 47,0-0,-1,2.05,1.22,-0.83
2016-10-16,Lions,Rams,1,4:38,2,8,DET 30,7-7,-1,0.53,-0.3,-0.83
2016-11-06,Dolphins,Jets,2,3:08,2,8,NYJ 44,14-13,-1,2.25,1.42,-0.83
2014-11-02,Cowboys,Cardinals,1,6:17,2,8,DAL 32,7-0,-2,0.66,-0.3,-0.96
2014-10-12,Giants,Eagles,2,3:41,2,8,NYG 22,0-20,-2,0,-0.96,-0.96
2015-09-27,Bills,Dolphins,2,5:06,2,8,BUF 24,17-0,-2,0.14,-0.82,-0.96
2015-12-13,Patriots,Texans,1,12:25,2,8,NWE 36,0-0,-2,0.93,-0.03,-0.96
2015-12-20,Texans,Colts,2,5:02,2,8,CLT 37,0-10,-2,2.71,1.75,-0.96
2016-10-02,Patriots,Bills,2,13:44,2,8,NWE 37,0-10,-2,0.99,0.04,-0.95
2016-09-18,Seahawks,Rams,1,6:22,2,8,SEA 21,0-3,-2,-0.06,-1.07,-1.01
2016-10-23,Bengals,Browns,2,12:54,2,8,CIN 27,7-3,-2,0.33,-0.62,-0.95
2016-11-13,49ers,Cardinals,1,13:35,2,8,SFO 28,0-0,-2,0.4,-0.56,-0.96
2014-10-19,Browns,Jaguars,1,9:09,2,8,CLE 26,0-0,-3,0.27,-0.82,-1.09
2015-09-20,Eagles,Cowboys,2,6:44,2,8,PHI 28,0-3,-3,0.4,-0.69,-1.09
2015-09-13,Chiefs,Texans,2,3:21,2,8,HTX 45,27-6,-3,2.18,1.09,-1.09
2015-11-15,Dolphins,Eagles,1,14:13,2,8,MIA 34,0-0,-3,0.8,-0.29,-1.09
2016-12-24,Bengals,Texans,1,14:16,2,8,CIN 43,0-0,-3,1.39,0.3,-1.09
2015-11-19,Titans,Jaguars,1,6:44,2,8,OTI 42,3-0,-4,1.32,0.1,-1.22
2016-12-04,Dolphins,Ravens,2,12:10,2,8,RAV 36,0-14,-4,2.78,1.55,-1.23
2015-10-25,Texans,Dolphins,1,10:20,2,8,HTX 22,0-7,-5,0,-1.51,-1.51
2016-01-03,Chiefs,Raiders,2,9:54,2,8,RAI 43,14-3,-6,2.31,0.83,-1.48
2016-01-03,Buccaneers,Panthers,2,3:45,2,8,TAM 22,3-17,-6,0,-1.69,-1.69
2016-09-11,Bills,Ravens,1,11:02,2,8,BUF 34,0-0,-6,0.8,-0.69,-1.49