2014-10-05,Chargers,Jets,3,10:10,2,6,SDG 26,21-0,52,0.41,4.11,3.70
2016-10-16,Bills,49ers,4,5:47,2,6,SFO 44,44-16,44,2.39,7,4.61
2014-10-05,Texans,Cowboys,3,9:34,2,6,DAL 48,0-3,33,2.12,4.58,2.46
2016-10-30,Saints,Seahawks,4,14:27,2,6,SEA 38,16-17,28,2.78,4.91,2.13
2014-11-16,Rams,Broncos,3,5:11,2,6,DEN 48,13-7,27,2.12,4.17,2.05
2016-10-30,Falcons,Packers,3,8:43,2,6,ATL 48,19-24,26,1.86,3.84,1.98
2014-12-14,Redskins,Giants,3,12:41,2,6,WAS 33,10-10,23,0.87,2.65,1.78
2016-12-11,Texans,Colts,4,8:29,2,6,HTX 29,19-17,20,0.6,2.19,1.59
2015-09-13,Jets,Browns,3,4:06,2,6,NYJ 49,21-10,19,1.92,3.45,1.53
2014-11-09,Jets,Steelers,3,7:35,2,6,PIT 41,17-3,18,2.58,4.04,1.46
2014-11-16,Seahawks,Chiefs,4,12:24,2,6,SEA 41,20-24,17,1.4,2.79,1.39
2014-12-21,Raiders,Bills,3,12:03,2,6,BUF 36,13-10,17,2.91,4.31,1.40
2015-09-27,Falcons,Cowboys,4,8:51,2,6,ATL 42,32-28,17,1.46,2.85,1.39
2016-01-03,Browns,Steelers,3,7:19,2,6,50,9-17,17,1.99,3.38,1.39
2014-11-30,Jaguars,Giants,3,4:18,2,6,JAX 37,10-21,16,1.13,2.46,1.33
2014-12-07,Saints,Panthers,4,2:39,2,6,NOR 19,10-41,16,-0.11,1.27,1.38
2016-10-27,Titans,Jaguars,3,4:09,2,6,OTI 24,33-8,16,0.27,0.41,.14
2016-11-24,Steelers,Colts,4,3:24,2,6,PIT 28,28-7,16,0.54,1.86,1.32
2016-09-22,Patriots,Texans,3,12:21,2,6,HTX 38,10-0,14,2.78,3.97,1.19
2016-09-25,Packers,Lions,4,11:47,2,6,GNB 32,34-20,14,0.8,1.99,1.19
2016-12-04,Raiders,Bills,3,7:02,2,6,BUF 38,9-24,14,2.78,3.97,1.19
2014-12-01,Dolphins,Jets,3,14:02,2,6,MIA 29,3-10,13,0.6,1.73,1.13
2014-11-09,Ravens,Titans,4,7:07,2,6,RAV 42,21-7,13,1.46,2.59,1.13
2015-12-20,Redskins,Bills,4,12:18,2,6,BUF 36,28-17,13,2.91,4.78,1.87
2016-10-02,Jaguars,Colts,3,7:26,2,6,JAX 41,20-6,13,1.4,2.52,1.12
2016-11-27,Seahawks,Buccaneers,4,9:41,2,6,SEA 45,5-14,13,1.66,2.79,1.13
2016-12-11,Giants,Cowboys,4,10:59,2,6,DAL 36,10-7,13,2.91,4.04,1.13
2016-12-24,Seahawks,Cardinals,3,14:27,2,6,SEA 38,3-14,13,1.2,2.32,1.12
2014-09-14,Texans,Raiders,4,13:26,2,6,HTX 24,27-7,12,0.27,1.33,1.06
2014-09-14,Rams,Buccaneers,3,7:18,2,6,RAM 36,10-14,12,1.07,2.13,1.06
2015-11-29,Texans,Saints,4,2:08,2,6,HTX 37,24-6,12,1.13,2.19,1.06
2015-12-03,Packers,Lions,3,6:54,2,6,DET 45,0-20,12,2.32,3.38,1.06
2016-12-15,Seahawks,Rams,3,12:21,2,6,SEA 35,10-3,12,1,2.06,1.06
2016-12-18,Bills,Browns,4,14:08,2,6,CLE 36,24-13,12,2.91,3.97,1.06
2014-09-07,Buccaneers,Panthers,3,13:14,2,6,TAM 37,0-10,11,1.13,2.13,1.00
2014-12-20,49ers,Chargers,4,11:14,2,6,SFO 38,35-21,11,1.2,2.19,.99
2016-01-03,Chiefs,Raiders,4,8:36,2,6,RAI 42,23-10,11,2.52,3.51,.99
2015-12-13,Jaguars,Colts,3,6:32,2,6,JAX 39,23-16,11,1.26,2.26,1.00
2016-10-16,Bengals,Patriots,4,5:37,2,6,CIN 29,17-28,11,0.6,1.6,1.00
2016-11-24,Redskins,Cowboys,3,14:17,2,6,WAS 29,6-17,11,0.6,1.6,1.00
2016-12-04,Packers,Texans,4,13:39,2,6,HTX 43,7-7,11,2.45,3.45,1.00
2016-12-18,Titans,Chiefs,3,10:31,2,6,OTI 24,7-17,11,0.27,1.27,1.00
2017-01-01,Packers,Lions,3,4:48,2,6,GNB 31,17-14,11,0.74,1.73,.99
2014-11-23,Seahawks,Cardinals,4,4:05,2,6,50,19-3,10,1.99,2.92,.93
2014-09-07,Ravens,Bengals,3,13:24,2,6,RAV 35,0-15,10,1,1.93,.93
2014-11-02,Raiders,Seahawks,3,8:39,2,6,RAI 16,10-24,10,-0.37,0.67,1.04
2014-12-28,Seahawks,Rams,4,2:05,2,6,RAM 43,20-6,10,2.45,3.38,.93
2015-10-11,Bears,Chiefs,3,8:01,2,6,CHI 19,3-17,10,-0.11,0.87,.98
2015-09-14,Falcons,Eagles,3,12:38,2,6,ATL 24,20-10,10,0.27,1.2,.93
2015-12-06,Titans,Jaguars,3,2:40,2,6,OTI 40,21-19,10,1.33,2.26,.93
2016-10-09,Titans,Dolphins,3,3:04,2,6,OTI 42,24-17,10,1.46,2.39,.93
2016-12-11,Bengals,Browns,4,3:16,2,6,CIN 39,23-10,10,1.26,2.19,.93
2014-12-14,Patriots,Dolphins,4,2:00,2,6,NWE 38,41-13,9,1.2,2.06,.86
2014-11-23,Cowboys,Giants,4,11:30,2,6,DAL 42,24-21,9,1.46,2.32,.86
2014-09-07,Colts,Broncos,3,5:33,2,6,CLT 47,7-24,9,1.79,2.65,.86
2014-09-21,Titans,Bengals,3,12:50,2,6,OTI 47,0-19,9,1.79,2.65,.86
2015-10-25,Jaguars,Bills,3,13:23,2,6,JAX 45,27-13,9,1.66,2.52,.86
2015-11-29,Buccaneers,Colts,3,5:22,2,6,CLT 49,12-16,9,2.06,2.92,.86
2015-09-20,Cowboys,Eagles,4,13:23,2,6,DAL 31,13-3,9,0.74,1.6,.86
2015-12-13,Panthers,Falcons,3,9:50,2,6,ATL 39,28-0,9,2.72,3.58,.86
2015-09-27,Vikings,Chargers,3,8:19,2,6,MIN 29,17-7,9,0.6,1.47,.87
2014-11-23,Texans,Bengals,3,5:39,2,6,HTX 22,10-16,8,0.14,1.93,1.79
2014-11-09,Saints,49ers,3,11:23,2,6,NOR 20,10-21,8,0.01,0.81,.80
2014-09-14,Saints,Browns,4,5:37,2,6,CLE 44,24-23,8,2.39,3.18,.79
2015-12-20,Eagles,Cardinals,3,4:24,2,6,PHI 20,10-23,8,0.01,0.81,.80
2015-10-25,Eagles,Panthers,4,8:42,2,6,PHI 24,16-24,8,0.27,1.07,.80
2016-10-20,Bears,Packers,3,8:30,2,6,CHI 29,10-13,8,0.6,1.4,.80
2014-09-21,Ravens,Browns,4,3:26,2,6,RAV 29,20-21,7,0.6,1.66,1.06
2014-10-26,Panthers,Seahawks,4,15:00,2,6,CAR 46,6-6,7,1.73,2.46,.73
2014-09-04,Seahawks,Packers,4,5:50,2,6,SEA 49,29-16,7,1.92,2.65,.73
2014-10-19,Ravens,Falcons,3,7:28,2,6,RAV 48,20-0,7,1.86,2.59,.73
2014-09-21,Cardinals,49ers,3,6:57,2,6,CRD 38,13-14,7,1.2,2.92,1.72
2015-10-18,Panthers,Seahawks,4,6:45,2,6,CAR 36,14-23,7,1.07,1.8,.73
2015-11-26,Packers,Bears,4,2:08,2,6,GNB 42,13-17,7,1.46,2.19,.73
2015-09-14,49ers,Vikings,4,14:10,2,6,SFO 24,10-3,7,0.27,1,.73
2015-11-29,Raiders,Titans,3,14:20,2,6,RAI 35,10-6,7,1,1.73,.73
2015-11-08,Falcons,49ers,4,12:44,2,6,ATL 28,13-17,7,0.54,1.27,.73
2016-10-09,Vikings,Texans,4,3:32,2,6,HTX 42,31-13,7,2.52,3.25,.73
2016-10-02,Bills,Patriots,4,2:41,2,6,BUF 25,16-0,7,0.34,1.07,.73
2016-11-03,Falcons,Buccaneers,4,6:07,2,6,TAM 40,40-20,7,2.65,3.38,.73
2016-11-27,Falcons,Cardinals,3,14:22,2,6,ATL 29,17-13,7,0.6,1.33,.73
2016-11-27,Bengals,Ravens,4,3:07,2,6,CIN 40,12-19,7,1.33,2.06,.73
2016-12-18,Browns,Bills,3,5:06,2,6,CLE 37,10-24,7,1.13,1.86,.73
2016-12-24,Jaguars,Titans,3,4:53,2,6,OTI 36,22-10,7,2.91,3.64,.73
2016-12-24,Seahawks,Cardinals,4,11:01,2,6,SEA 39,10-21,7,1.26,1.99,.73
2014-11-24,Bills,Jets,4,7:24,2,6,NYJ 40,31-3,6,2.65,3.31,.66
2014-11-16,Bears,Vikings,4,3:13,2,6,CHI 21,21-13,6,0.08,0.74,.66
2014-12-11,Cardinals,Rams,4,5:27,2,6,CRD 24,12-6,6,0.27,0.94,.67
2014-12-14,Giants,Redskins,4,9:31,2,6,NYG 28,17-13,6,0.54,1.2,.66
2016-01-03,Lions,Bears,3,4:07,2,6,DET 43,10-10,6,1.53,2.19,.66
2015-12-10,Vikings,Cardinals,4,14:08,2,6,MIN 40,10-20,6,1.33,1.99,.66
2015-12-06,Ravens,Dolphins,3,14:56,2,6,RAV 26,3-15,6,0.41,1.07,.66
2016-09-11,Bills,Ravens,3,14:24,2,6,BUF 29,7-10,6,0.6,1.27,.67
2016-10-16,Panthers,Saints,4,3:52,2,6,NOR 41,30-38,6,2.58,3.25,.67
2016-11-20,Steelers,Browns,3,5:48,2,6,PIT 41,14-3,6,1.4,2.06,.66
2014-09-29,Chiefs,Patriots,3,13:24,2,6,KAN 32,17-0,5,0.8,0.76,-0.04
2014-12-07,Giants,Titans,3,12:56,2,6,NYG 45,23-0,5,1.66,1.62,-0.04
2014-10-19,Vikings,Bills,3,6:04,2,6,MIN 33,13-10,5,0.87,0.83,-0.04
2014-09-14,Falcons,Bengals,3,5:51,2,6,ATL 24,3-24,5,0.27,0.23,-0.04
2014-10-26,Ravens,Bengals,3,9:17,2,6,RAV 21,6-14,5,0.08,-0.12,-0.20
2014-09-14,Texans,Raiders,4,10:39,2,6,RAI 49,27-7,5,2.06,2.02,-0.04
2014-11-09,Broncos,Raiders,4,12:10,2,6,DEN 25,41-10,5,0.34,0.3,-0.04
2014-09-07,Jets,Raiders,4,3:39,2,6,NYJ 25,19-7,5,0.34,0.3,-0.04
2014-12-28,Cowboys,Redskins,3,7:22,2,6,WAS 42,27-10,5,2.52,2.48,-0.04
2014-10-12,Packers,Dolphins,3,9:17,2,6,GNB 44,10-10,5,1.59,1.55,-0.04
2015-11-15,Panthers,Titans,3,14:21,2,6,CAR 15,14-10,5,-0.43,-0.37,.06
2015-10-12,Chargers,Steelers,3,13:24,2,6,SDG 41,7-3,5,1.4,1.36,-0.04
2015-12-27,Bears,Buccaneers,3,4:17,2,6,CHI 28,13-14,5,0.54,0.5,-0.04
2016-01-03,Titans,Colts,3,2:40,2,6,OTI 35,17-27,5,1,0.96,-0.04
2015-10-25,Chiefs,Steelers,4,2:00,2,6,PIT 49,23-13,5,2.06,2.02,-0.04
2015-11-22,Broncos,Bears,4,5:59,2,6,CHI 49,17-9,5,2.06,2.02,-0.04
2015-11-08,Falcons,49ers,3,14:17,2,6,SFO 46,13-17,5,2.25,2.21,-0.04
2015-12-06,Broncos,Chargers,4,13:09,2,6,DEN 21,17-3,5,0.08,-0.12,-0.20
2015-09-27,Cardinals,49ers,3,8:24,2,6,CRD 31,38-7,5,0.74,0.7,-0.04
2015-10-25,Vikings,Lions,4,5:00,2,6,MIN 44,28-17,5,1.59,1.55,-0.04
2015-12-20,Patriots,Titans,3,8:34,2,6,NWE 34,24-10,5,0.93,0.89,-0.04
2016-09-11,Cardinals,Patriots,3,9:21,2,6,CRD 29,7-17,5,0.6,0.56,-0.04
2016-11-13,Vikings,Redskins,3,8:13,2,6,MIN 29,20-17,5,0.6,0.56,-0.04
2016-11-13,Texans,Jaguars,4,12:46,2,6,HTX 40,21-13,5,1.33,1.29,-0.04
2016-09-25,Jets,Chiefs,3,6:21,2,6,NYJ 43,3-17,5,1.53,1.49,-0.04
2016-10-16,Packers,Cowboys,3,14:15,2,6,GNB 29,6-17,5,0.6,0.56,-0.04
2016-09-08,Panthers,Broncos,3,13:02,2,6,CAR 39,17-7,5,1.26,1.22,-0.04
2016-09-22,Patriots,Texans,3,13:58,2,6,NWE 49,10-0,5,1.92,1.88,-0.04
2016-10-23,Bills,Dolphins,3,14:07,2,6,BUF 25,10-6,5,0.34,0.3,-0.04
2016-09-11,Bills,Ravens,3,12:21,2,6,RAV 42,7-10,5,2.52,2.48,-0.04
2016-11-27,Chargers,Texans,4,3:25,2,6,HTX 43,21-10,5,2.45,2.41,-0.04
2016-11-27,Jaguars,Bills,4,10:10,2,6,JAX 29,21-28,5,0.6,0.56,-0.04
2016-12-04,Ravens,Dolphins,4,2:52,2,6,RAV 33,38-6,5,0.87,0.83,-0.04
2016-12-11,Steelers,Bills,4,5:23,2,6,BUF 42,24-13,5,2.52,2.48,-0.04
2016-12-11,Bengals,Browns,3,7:34,2,6,CIN 22,20-7,5,0.14,-0.02,-0.16
2014-11-16,Panthers,Falcons,3,14:22,2,6,CAR 24,3-6,4,0.27,0.1,-0.17
2014-12-28,Panthers,Falcons,3,6:48,2,6,CAR 18,27-3,4,-0.21,-0.44,-0.23
2014-09-14,Patriots,Vikings,3,13:09,2,6,MIN 47,24-7,4,2.19,2.01,-0.18
2014-10-05,Panthers,Bears,4,12:11,2,6,CAR 43,21-24,4,1.53,1.36,-0.17
2014-12-28,Texans,Jaguars,4,10:09,2,6,HTX 24,21-17,4,0.27,0.1,-0.17
2014-10-27,Redskins,Cowboys,4,8:47,2,6,WAS 24,17-17,4,0.27,0.1,-0.17
2015-10-04,Buccaneers,Panthers,3,11:50,2,6,TAM 24,10-24,4,0.27,0.1,-0.17
2015-09-20,Texans,Panthers,3,13:07,2,6,HTX 48,3-10,4,1.86,1.69,-0.17
2015-10-19,Eagles,Giants,3,10:16,2,6,PHI 19,17-7,4,-0.11,-0.39,-0.28
2015-10-25,Cowboys,Giants,3,14:18,2,6,DAL 30,13-10,4,0.67,0.5,-0.17
2015-12-13,Saints,Buccaneers,4,2:35,2,6,NOR 29,24-17,4,0.6,0.43,-0.17
2015-11-01,Bengals,Steelers,3,5:39,2,6,CIN 31,6-10,4,0.74,0.56,-0.18
2015-11-05,Bengals,Browns,4,15:00,2,6,CIN 46,17-10,4,1.73,1.55,-0.18
2015-10-11,Rams,Packers,3,7:49,2,6,RAM 39,10-21,4,1.26,1.09,-0.17
2015-10-05,Seahawks,Lions,4,7:52,2,6,SEA 28,13-10,4,0.54,0.37,-0.17
2015-11-29,Bengals,Rams,3,3:33,2,6,CIN 32,31-7,4,0.8,0.63,-0.17
2015-10-26,Ravens,Cardinals,3,8:17,2,6,RAV 35,10-17,4,1,0.83,-0.17
2015-09-27,Jaguars,Patriots,3,8:27,2,6,JAX 24,3-30,4,0.27,0.1,-0.17
2015-12-27,Bears,Buccaneers,4,11:15,2,6,TAM 49,20-14,4,2.06,1.88,-0.18
2016-01-03,Packers,Vikings,3,5:56,2,6,MIN 39,3-13,4,2.72,2.54,-0.18
2015-10-22,Seahawks,49ers,3,8:28,2,6,SEA 20,17-0,4,0.01,-0.32,-0.33
2015-10-04,Broncos,Vikings,3,3:22,2,6,DEN 28,20-10,4,0.54,0.37,-0.17
2016-09-18,Texans,Chiefs,4,13:11,2,6,KAN 43,13-6,4,2.45,2.28,-0.17
2016-09-18,Chargers,Jaguars,4,4:39,2,6,SDG 21,38-7,4,0.08,-0.24,-0.32
2016-09-25,Rams,Buccaneers,4,5:32,2,6,TAM 47,31-26,4,2.19,2.01,-0.18
2016-10-30,Seahawks,Saints,4,10:16,2,6,NOR 36,17-22,4,2.91,2.74,-0.17
2016-10-16,Titans,Browns,4,10:46,2,6,CLE 36,21-13,4,2.91,2.74,-0.17
2016-10-16,Chiefs,Raiders,4,4:34,2,6,KAN 31,26-10,4,0.74,0.56,-0.18
2016-09-11,Bills,Ravens,3,5:39,2,6,BUF 43,7-10,4,1.53,1.36,-0.17
2016-09-25,Panthers,Vikings,3,9:05,2,6,CAR 24,10-16,4,0.27,0.1,-0.17
2016-10-02,49ers,Cowboys,4,14:21,2,6,SFO 41,17-21,4,1.4,1.22,-0.18
2016-11-20,49ers,Patriots,3,11:41,2,6,SFO 35,10-13,4,1,0.83,-0.17
2016-11-20,Titans,Colts,4,15:00,2,6,OTI 48,14-21,4,1.86,1.69,-0.17
2016-11-27,Raiders,Panthers,3,9:53,2,6,RAI 29,24-13,4,0.6,0.43,-0.17
2016-12-04,Bears,49ers,4,9:45,2,6,CHI 45,24-6,4,1.66,1.49,-0.17
2016-12-08,Raiders,Chiefs,4,6:01,2,6,RAI 33,13-21,4,0.87,0.7,-0.17
2016-12-11,Eagles,Redskins,3,8:30,2,6,PHI 22,13-14,4,0.14,-0.14,-0.28
2016-12-18,Colts,Vikings,3,3:12,2,6,CLT 16,27-3,4,-0.37,-0.48,-0.11
2016-12-24,Bengals,Texans,3,8:23,2,6,CIN 34,3-3,4,0.93,0.76,-0.17
2016-12-25,Ravens,Steelers,4,5:25,2,6,RAV 44,20-24,4,1.59,1.42,-0.17
2017-01-01,Broncos,Raiders,4,10:06,2,6,DEN 44,24-6,4,1.59,1.42,-0.17
2014-12-14,Bengals,Browns,3,8:34,2,6,CLE 42,20-0,3,2.52,2.21,-0.31
2014-10-19,Jaguars,Browns,4,7:03,2,6,JAX 39,10-6,3,1.26,0.96,-0.30
2014-10-12,Bengals,Panthers,3,7:30,2,6,CIN 35,17-17,3,1,0.7,-0.30
2014-11-23,Cowboys,Giants,4,10:12,2,6,NYG 45,24-21,3,2.32,2.02,-0.30
2014-10-06,Seahawks,Redskins,4,13:33,2,6,WAS 49,17-10,3,2.06,1.75,-0.31
2014-09-14,Bengals,Falcons,4,7:54,2,6,CIN 45,24-10,3,1.66,1.36,-0.30
2014-10-26,Bills,Jets,4,2:00,2,6,BUF 24,43-23,3,0.27,-0.03,-0.30
2014-11-23,Broncos,Dolphins,3,14:30,2,6,DEN 24,17-21,3,0.27,-0.03,-0.30
2014-09-21,Raiders,Patriots,3,12:19,2,6,NWE 44,3-10,3,2.39,2.08,-0.31
2014-10-26,Patriots,Bears,4,15:00,2,6,NWE 35,45-15,3,1,0.7,-0.30
2014-10-05,Chargers,Jets,4,11:37,2,6,SDG 47,31-0,3,1.79,1.49,-0.30
2014-10-12,Broncos,Jets,4,13:09,2,6,DEN 23,24-10,3,0.21,-0.16,-0.37
2014-10-26,Eagles,Cardinals,3,5:10,2,6,CRD 47,10-14,3,2.19,1.88,-0.31
2014-11-30,Vikings,Panthers,4,6:08,2,6,CAR 43,31-13,3,2.45,2.15,-0.30
2015-09-20,Steelers,49ers,4,9:16,2,6,PIT 24,36-18,3,0.27,-0.03,-0.30
2015-09-20,Cowboys,Eagles,3,11:41,2,6,DAL 36,13-0,3,1.07,0.12,-0.95
2015-10-25,Panthers,Eagles,4,6:17,2,6,CAR 28,24-16,3,0.54,0.23,-0.31
2015-11-01,Chargers,Ravens,3,9:04,2,6,SDG 37,16-16,3,1.13,2.59,1.46
2015-09-20,Cowboys,Eagles,3,3:04,2,6,DAL 34,13-0,3,0.93,0.63,-0.30
2016-01-03,Bears,Lions,3,12:38,2,6,CHI 35,0-10,3,1,0.7,-0.30
2015-12-27,Titans,Texans,3,10:21,2,6,OTI 39,0-24,3,1.26,0.96,-0.30
2015-11-08,Giants,Buccaneers,4,8:05,2,6,TAM 37,20-18,3,2.85,2.54,-0.31
2015-11-01,Texans,Titans,4,3:52,2,6,OTI 47,20-6,3,2.19,1.88,-0.31
2016-01-03,Bears,Lions,3,6:20,2,6,DET 37,3-10,3,2.85,2.54,-0.31
2015-10-08,Texans,Colts,3,12:29,2,6,HTX 24,10-20,3,0.27,-0.03,-0.30
2015-10-22,49ers,Seahawks,3,10:30,2,6,SFO 30,0-17,3,0.67,0.37,-0.30
2015-12-06,Steelers,Colts,3,13:24,2,6,PIT 29,21-10,3,0.6,0.3,-0.30
2015-11-01,Rams,49ers,4,9:31,2,6,RAM 31,20-6,3,0.74,0.43,-0.31
2015-12-06,Patriots,Eagles,3,3:39,2,6,NWE 22,14-28,3,0.14,-0.27,-0.41
2015-11-26,Packers,Bears,3,8:52,2,6,GNB 40,13-14,3,1.33,1.03,-0.30
2015-10-11,Buccaneers,Jaguars,4,4:19,2,6,TAM 39,38-24,3,1.26,0.32,-0.94
2016-01-03,Bengals,Ravens,4,11:15,2,6,CIN 32,21-9,3,0.8,0.5,-0.30
2016-10-23,Chiefs,Saints,4,5:50,2,6,KAN 43,24-14,3,1.53,1.22,-0.31
2016-09-11,Raiders,Saints,3,14:22,2,6,RAI 29,10-17,3,0.6,0.3,-0.30
2016-11-13,Steelers,Cowboys,3,4:54,2,6,PIT 36,18-16,3,1.07,0.76,-0.31
2016-09-18,Ravens,Browns,3,5:20,2,6,RAV 21,19-20,3,0.08,-0.37,-0.45
2016-10-23,Eagles,Vikings,3,9:43,2,6,PHI 37,11-3,3,1.13,0.83,-0.30
2016-10-10,Buccaneers,Panthers,4,5:31,2,6,CAR 46,14-14,3,2.25,3.71,1.46
2016-10-23,Seahawks,Cardinals,3,14:22,2,6,SEA 32,0-3,3,0.8,0.5,-0.30
2016-10-09,Bills,Rams,4,5:10,2,6,BUF 29,23-19,3,0.6,0.3,-0.30
2016-09-11,Chargers,Chiefs,4,7:48,2,6,SDG 41,27-17,3,1.4,1.09,-0.31
2016-10-30,Eagles,Cowboys,4,10:30,2,6,PHI 42,23-16,3,1.46,1.16,-0.30
2016-11-13,Seahawks,Patriots,3,14:26,2,6,SEA 29,19-14,3,0.6,0.3,-0.30
2016-10-16,Bears,Jaguars,3,12:47,2,6,CHI 29,10-0,3,0.6,0.3,-0.30
2016-11-13,Panthers,Chiefs,3,6:45,2,6,CAR 35,17-3,3,1,0.7,-0.30
2016-11-27,Saints,Rams,3,10:55,2,6,RAM 45,35-21,3,2.32,2.02,-0.30
2016-12-04,Steelers,Giants,4,9:22,2,6,PIT 19,21-7,3,-0.11,-0.51,-0.40
2016-12-04,Broncos,Jaguars,4,7:39,2,6,JAX 43,17-10,3,2.45,2.15,-0.30
2016-12-11,Falcons,Rams,4,14:12,2,6,ATL 35,41-7,3,1,0.7,-0.30
2016-12-24,Panthers,Falcons,3,13:12,2,6,CAR 41,3-20,3,1.4,1.09,-0.31
2017-01-01,Buccaneers,Panthers,3,11:40,2,6,TAM 16,10-7,3,-0.37,-0.6,-0.23
2014-12-28,Browns,Ravens,4,10:02,2,6,CLE 24,10-6,2,0.27,-0.16,-0.43
2014-10-12,Bears,Falcons,4,14:20,2,6,ATL 35,19-13,2,2.98,2.54,-0.44
2014-10-12,Jets,Broncos,4,10:13,2,6,DEN 36,10-24,2,2.91,2.48,-0.43
2014-09-07,Cowboys,49ers,3,13:29,2,6,DAL 34,3-28,2,0.93,0.5,-0.43
2014-10-12,Titans,Jaguars,4,11:19,2,6,OTI 20,16-7,2,0.01,-0.57,-0.58
2014-11-09,49ers,Saints,4,8:48,2,6,SFO 47,21-17,2,1.79,1.35,-0.44
2014-11-23,Seahawks,Cardinals,3,14:10,2,6,SEA 15,9-3,2,-0.43,-0.72,-0.29
2014-12-18,Jaguars,Titans,4,2:09,2,6,OTI 42,21-13,2,2.52,2.08,-0.44
2014-11-02,Jets,Chiefs,3,14:23,2,6,NYJ 38,10-21,2,1.2,0.76,-0.44
2015-10-11,Bills,Titans,3,3:50,2,6,BUF 46,0-10,2,1.73,1.29,-0.44
2015-12-13,Browns,49ers,4,3:49,2,6,SFO 42,24-3,2,2.52,2.08,-0.44
2015-11-08,Patriots,Redskins,4,8:38,2,6,NWE 21,27-3,2,0.08,-0.49,-0.57
2015-12-26,Redskins,Eagles,4,4:28,2,6,PHI 49,38-24,2,2.06,1.62,-0.44
2015-12-20,Vikings,Bears,4,4:27,2,6,CHI 39,31-17,2,2.72,2.28,-0.44
2016-01-03,Ravens,Bengals,4,15:00,2,6,CIN 45,9-21,2,2.32,1.88,-0.44
2016-01-03,Patriots,Dolphins,3,14:33,2,6,NWE 24,3-10,2,0.27,-0.16,-0.43
2015-11-08,Jets,Jaguars,4,2:00,2,6,JAX 46,28-23,2,2.25,1.82,-0.43
2015-11-08,Vikings,Rams,4,6:09,2,6,MIN 34,18-15,2,0.93,0.5,-0.43
2016-09-25,Bengals,Broncos,3,3:26,2,6,DEN 37,14-16,2,2.85,2.41,-0.44
2016-09-25,49ers,Seahawks,3,11:52,2,6,SFO 45,3-24,2,1.66,1.22,-0.44
2016-10-09,Lions,Eagles,4,2:14,2,6,PHI 41,21-23,2,2.58,2.15,-0.43
2016-10-16,Titans,Browns,4,12:34,2,6,OTI 45,21-13,2,1.66,1.22,-0.44
2016-10-09,Patriots,Browns,3,5:15,2,6,NWE 29,30-7,2,0.6,0.17,-0.43
2016-10-23,Buccaneers,49ers,4,2:33,2,6,TAM 46,34-17,2,1.73,1.29,-0.44
2016-10-27,Titans,Jaguars,4,7:15,2,6,OTI 20,36-8,2,0.01,-0.57,-0.58
2016-10-17,Jets,Cardinals,4,7:15,2,6,NYJ 46,3-28,2,1.73,1.29,-0.44
2016-11-13,Eagles,Falcons,4,2:12,2,6,ATL 35,21-15,2,2.98,2.54,-0.44
2016-12-04,Lions,Saints,4,8:10,2,6,NOR 35,25-13,2,2.98,2.54,-0.44
2016-12-08,Chiefs,Raiders,4,13:40,2,6,KAN 45,21-13,2,1.66,1.22,-0.44
2016-12-11,Titans,Broncos,3,11:35,2,6,DEN 48,13-0,2,2.12,1.68,-0.44
2016-12-18,Jaguars,Texans,3,13:19,2,6,JAX 43,13-11,2,1.53,1.09,-0.44
2016-12-24,Raiders,Colts,4,4:46,2,6,RAI 43,33-22,2,1.53,1.09,-0.44
2017-01-01,Dolphins,Patriots,4,2:00,2,6,NWE 40,14-35,2,2.65,2.21,-0.44
2014-09-18,Falcons,Buccaneers,3,10:19,2,6,ATL 22,35-0,1,0.14,-0.53,-0.67
2014-09-07,49ers,Cowboys,3,9:10,2,6,SFO 34,28-3,1,0.93,0.37,-0.56
2014-10-16,Jets,Patriots,4,15:00,2,6,NYJ 33,19-20,1,0.87,0.3,-0.57
2014-09-07,Redskins,Texans,3,13:15,2,6,WAS 33,6-14,1,0.87,0.3,-0.57
2014-09-07,Steelers,Browns,4,8:02,2,6,PIT 49,27-27,1,1.92,1.36,-0.56
2014-09-21,Browns,Ravens,3,14:28,2,6,CLE 24,7-10,1,0.27,-0.3,-0.57
2014-12-14,Ravens,Jaguars,4,3:15,2,6,RAV 41,17-12,1,1.4,0.83,-0.57
2014-11-16,Saints,Bengals,3,10:40,2,6,NOR 24,3-13,1,0.27,-0.3,-0.57
2014-10-26,Titans,Texans,3,10:44,2,6,OTI 35,3-20,1,1,0.43,-0.57
2014-10-05,Chiefs,49ers,3,5:41,2,6,KAN 24,17-16,1,0.27,-0.3,-0.57
2014-10-12,Jets,Broncos,3,14:23,2,6,NYJ 24,7-17,1,0.27,-0.3,-0.57
2015-09-13,Cardinals,Saints,3,11:20,2,6,CRD 24,14-13,1,0.27,-0.3,-0.57
2015-11-02,Panthers,Colts,4,6:22,2,6,CAR 24,23-13,1,0.27,-0.3,-0.57
2015-09-10,Patriots,Steelers,3,14:06,2,6,NWE 34,14-3,1,0.93,0.37,-0.56
2016-01-03,Chargers,Broncos,3,12:49,2,6,SDG 39,6-7,1,1.26,0.7,-0.56
2015-12-27,Patriots,Jets,4,9:42,2,6,NWE 35,13-20,1,1,0.43,-0.57
2015-11-29,Redskins,Giants,4,4:09,2,6,WAS 27,20-14,1,0.47,-0.1,-0.57
2015-09-27,Raiders,Browns,4,3:19,2,6,CLE 39,27-20,1,2.72,2.15,-0.57
2015-10-25,Texans,Dolphins,3,12:31,2,6,HTX 28,0-41,1,0.54,-0.03,-0.57
2015-10-11,Falcons,Redskins,4,7:23,2,6,ATL 24,12-13,1,0.27,-0.3,-0.57
2015-12-13,Seahawks,Ravens,3,13:39,2,6,SEA 41,14-6,1,1.4,0.83,-0.57
2015-11-29,Vikings,Falcons,4,4:28,2,6,ATL 36,13-3,1,2.91,2.34,-0.57
2015-12-13,Broncos,Raiders,3,9:21,2,6,DEN 24,12-7,1,0.27,-0.3,-0.57
2016-01-03,Eagles,Giants,4,12:43,2,6,PHI 43,28-27,1,1.53,0.96,-0.57
2015-09-27,Eagles,Jets,4,5:44,2,6,PHI 36,24-14,1,1.07,0.5,-0.57
2016-09-11,Patriots,Cardinals,3,2:29,2,6,NWE 41,17-14,1,1.4,0.83,-0.57
2016-11-13,Vikings,Redskins,4,8:05,2,6,MIN 30,20-23,1,0.67,0.1,-0.57
2016-10-03,Vikings,Giants,4,11:02,2,6,50,17-10,1,1.99,1.42,-0.57
2016-10-30,Cowboys,Eagles,3,3:58,2,6,PHI 39,10-20,1,2.72,2.15,-0.57
2016-10-02,Seahawks,Jets,4,6:44,2,6,NYJ 44,24-10,1,2.39,1.82,-0.57
2016-09-11,Jets,Bengals,4,6:29,2,6,CIN 38,19-20,1,2.78,2.21,-0.57
2016-11-13,Eagles,Falcons,3,14:16,2,6,PHI 23,7-6,1,0.21,-0.42,-0.63
2016-09-25,Buccaneers,Rams,3,9:16,2,6,TAM 33,20-17,1,0.87,0.3,-0.57
2016-11-13,49ers,Cardinals,4,8:55,2,6,CRD 48,13-20,1,2.12,1.55,-0.57
2016-12-19,Panthers,Redskins,4,9:16,2,6,CAR 49,23-12,1,1.92,1.36,-0.56
2017-01-01,Falcons,Saints,4,6:08,2,6,ATL 24,38-19,1,0.27,-0.3,-0.57
2017-01-01,Chiefs,Chargers,4,9:36,2,6,SDG 46,33-20,1,2.25,1.69,-0.56
2014-12-07,Titans,Giants,3,10:50,2,6,50,0-30,0,1.99,1.29,-0.70
2014-09-07,Texans,Redskins,4,4:32,2,6,WAS 46,14-6,0,2.25,1.55,-0.70
2014-11-23,Browns,Falcons,3,13:24,2,6,CLE 35,13-14,0,1,0.3,-0.70
2014-10-19,Bears,Dolphins,3,11:41,2,6,50,0-14,0,1.99,1.29,-0.70
2014-12-14,Cowboys,Eagles,3,14:22,2,6,DAL 24,21-10,0,0.27,-0.43,-0.70
2014-10-12,Broncos,Jets,4,2:13,2,6,DEN 46,24-17,0,1.73,1.03,-0.70
2014-10-12,Eagles,Giants,4,2:38,2,6,50,27-0,0,1.99,1.29,-0.70
2014-09-21,Bengals,Titans,3,7:32,2,6,CIN 45,19-0,0,1.66,0.96,-0.70
2014-12-14,Browns,Bengals,3,14:26,2,6,CLE 24,0-20,0,0.27,-0.43,-0.70
2014-12-21,Cowboys,Colts,4,10:59,2,6,CLT 43,35-0,0,2.45,1.75,-0.70
2014-09-07,Eagles,Jaguars,4,15:00,2,6,PHI 16,14-17,0,-0.37,-0.95,-0.58
2014-11-23,Eagles,Titans,3,5:44,2,6,OTI 43,34-17,0,2.45,1.75,-0.70
2014-11-09,Lions,Dolphins,3,5:04,2,6,MIA 40,10-6,0,2.65,1.95,-0.70
2014-12-07,Eagles,Seahawks,3,13:28,2,6,50,7-17,0,1.99,1.29,-0.70
2015-12-20,Patriots,Titans,4,8:52,2,6,NWE 24,27-10,0,0.27,-0.43,-0.70
2016-01-03,Steelers,Browns,4,12:48,2,6,50,17-12,0,1.99,1.29,-0.70
2016-10-03,Vikings,Giants,3,6:11,2,6,MIN 23,17-3,0,0.21,-0.55,-0.76
2016-10-23,Buccaneers,49ers,4,7:21,2,6,TAM 27,27-17,0,0.47,-0.23,-0.70
2016-11-06,Saints,49ers,4,11:26,2,6,SFO 47,38-23,0,2.19,1.49,-0.70
2016-10-16,Dolphins,Steelers,4,13:41,2,6,PIT 36,23-8,0,2.91,2.21,-0.70
2016-11-10,Ravens,Browns,3,4:32,2,6,CLE 39,13-7,0,2.72,2.01,-0.71
2016-11-20,Eagles,Seahawks,3,2:36,2,6,PHI 31,7-23,0,0.74,0.04,-0.70
2016-11-27,Browns,Giants,3,10:53,2,6,NYG 48,6-14,0,2.12,1.42,-0.70
2016-12-04,Bears,49ers,3,13:39,2,6,CHI 40,7-6,0,1.33,0.63,-0.70
2016-12-04,Bears,49ers,3,3:48,2,6,CHI 39,21-6,0,1.26,0.56,-0.70
2016-12-04,Seahawks,Panthers,4,14:21,2,6,SEA 47,30-7,0,1.79,1.09,-0.70
2016-12-11,Falcons,Rams,4,2:00,2,6,ATL 29,41-14,0,0.6,-0.1,-0.70
2016-12-24,Titans,Jaguars,3,14:24,2,6,OTI 29,7-19,0,0.6,-0.1,-0.70
2017-01-01,Falcons,Saints,4,10:31,2,6,ATL 22,38-19,0,0.14,-0.66,-0.80
2017-01-01,Dolphins,Patriots,3,5:57,2,6,MIA 26,14-27,0,0.41,-0.29,-0.70
2014-11-30,Texans,Titans,4,12:40,2,6,HTX 41,31-14,-1,1.4,0.56,-0.84
2014-10-26,Vikings,Buccaneers,3,14:26,2,6,MIN 24,3-0,-1,0.27,-0.56,-0.83
2014-12-07,Lions,Buccaneers,4,12:06,2,6,DET 46,27-17,-1,1.73,0.89,-0.84
2014-12-14,Steelers,Falcons,4,9:02,2,6,PIT 34,27-20,-1,0.93,0.1,-0.83
2014-12-28,Seahawks,Rams,4,5:15,2,6,SEA 24,20-6,-1,0.27,-0.56,-0.83
2015-09-27,Cardinals,49ers,3,5:51,2,6,SFO 35,38-7,-1,2.98,2.15,-0.83
2015-09-13,Cardinals,Saints,4,3:07,2,6,NOR 37,24-19,-1,2.85,2.02,-0.83
2015-11-16,Texans,Bengals,4,10:06,2,6,HTX 42,10-6,-1,1.46,0.63,-0.83
2015-11-19,Titans,Jaguars,4,5:15,2,6,OTI 19,13-9,-1,-0.11,-1,-0.89
2015-09-13,Jaguars,Panthers,4,12:17,2,6,JAX 42,9-17,-1,1.46,0.63,-0.83
2015-09-13,Giants,Cowboys,3,13:45,2,6,NYG 35,13-6,-1,1,0.17,-0.83
2016-10-06,49ers,Cardinals,3,12:09,2,6,SFO 29,7-14,-1,0.6,-0.23,-0.83
2016-09-18,Broncos,Colts,3,6:07,2,6,DEN 39,13-13,-1,1.26,0.43,-0.83
2014-09-08,Giants,Lions,3,14:23,2,6,NYG 24,7-14,-2,0.27,-0.69,-0.96
2015-11-22,Buccaneers,Eagles,3,12:27,2,6,TAM 35,28-14,-2,1,0.04,-0.96
2015-10-11,Chiefs,Bears,4,8:45,2,6,KAN 48,17-6,-2,1.86,0.89,-0.97
2015-09-20,Redskins,Rams,3,6:14,2,6,WAS 34,17-10,-2,0.93,-0.03,-0.96
2015-10-18,Cardinals,Steelers,4,3:46,2,6,PIT 37,13-18,-2,2.85,1.88,-0.97
2016-01-03,Eagles,Giants,4,2:00,2,6,NYG 41,35-30,-2,2.58,1.62,-0.96
2016-11-06,Browns,Cowboys,4,9:08,2,6,CLE 16,10-35,-2,-0.37,-1.19,-0.82
2016-10-02,Patriots,Bills,4,15:00,2,6,NWE 29,0-16,-2,0.6,-0.36,-0.96
2016-11-24,Redskins,Cowboys,3,4:19,2,6,DAL 49,6-17,-2,2.06,1.09,-0.97
2014-11-30,Broncos,Chiefs,3,8:19,2,6,KAN 36,20-10,-3,2.91,1.82,-1.09
2016-09-12,Rams,49ers,3,12:31,2,6,RAM 45,0-14,-3,1.66,0.56,-1.10
2014-09-28,Bills,Texans,3,3:26,2,6,HTX 44,10-17,-4,2.39,1.16,-1.23
2016-09-18,Rams,Seahawks,4,2:18,2,6,SEA 43,9-3,-4,2.45,1.22,-1.23
2016-10-16,Bills,49ers,3,11:56,2,6,BUF 42,17-13,-4,1.46,0.23,-1.23
2016-10-02,Seahawks,Jets,3,12:17,2,6,SEA 43,14-10,-4,1.53,0.3,-1.23
2014-09-21,Eagles,Redskins,3,14:03,2,6,PHI 40,21-20,-5,1.33,-0.03,-1.36
2014-09-14,Panthers,Lions,4,3:22,2,6,CAR 27,24-7,-5,0.47,-0.89,-1.36
2015-09-13,Panthers,Jaguars,3,12:50,2,6,JAX 37,10-9,-5,2.85,1.49,-1.36
2015-11-26,Bears,Packers,4,5:48,2,6,GNB 40,17-13,-5,2.65,1.29,-1.36
2014-12-07,Chargers,Patriots,3,6:01,2,6,NWE 48,14-13,-6,2.12,0.63,-1.49
2014-10-26,Jaguars,Dolphins,1,14:31,2,6,JAX 24,0-0,41,0.27,3.25,2.98
2014-11-02,Jaguars,Bengals,1,6:10,2,6,JAX 18,0-0,39,-0.21,2.72,2.93
2015-10-18,Patriots,Colts,2,9:42,2,6,CLT 38,16-14,38,2.78,7,4.22
2015-09-20,Bills,Patriots,1,14:22,2,6,BUF 24,0-0,23,0.27,2.06,1.79
2015-10-11,Seahawks,Bengals,1,8:35,2,6,SEA 35,0-7,23,1,2.79,1.79
2015-10-18,Dolphins,Titans,1,2:40,2,6,MIA 45,7-3,22,1.66,3.38,1.72
2016-10-16,Redskins,Eagles,2,3:41,2,6,WAS 29,14-14,22,0.6,2.32,1.72
2014-12-28,Jaguars,Texans,1,8:42,2,6,JAX 41,0-7,21,1.4,3.38,1.98
2014-11-02,Buccaneers,Browns,2,11:00,2,6,CLE 44,0-6,21,2.39,4.04,1.65
2015-11-15,Dolphins,Eagles,2,12:16,2,6,MIA 26,3-16,20,0.41,1.99,1.58
2016-11-24,Cowboys,Redskins,1,13:50,2,6,DAL 44,0-0,20,1.59,3.18,1.59
2015-12-13,Packers,Cowboys,1,8:47,2,6,GNB 24,0-0,18,0.27,1.73,1.46
2014-12-07,Chargers,Patriots,2,15:00,2,6,NWE 35,0-3,17,2.98,4.37,1.39
2015-10-22,Seahawks,49ers,1,3:15,2,6,SEA 32,7-0,17,0.8,2.19,1.39
2017-01-01,Bears,Vikings,2,7:02,2,6,CHI 42,0-17,17,1.46,2.85,1.39
2015-12-27,Bears,Buccaneers,2,6:57,2,6,TAM 38,7-7,16,2.78,4.11,1.33
2015-09-14,Vikings,49ers,2,8:16,2,6,MIN 22,0-0,15,0.14,1.4,1.26
2015-12-13,Steelers,Bengals,2,9:11,2,6,CIN 41,10-0,15,2.58,3.84,1.26
2016-10-23,Browns,Bengals,2,10:36,2,6,CLE 49,3-7,15,1.92,3.18,1.26
2014-10-26,Saints,Packers,1,12:27,2,6,NOR 24,0-7,14,0.27,1.47,1.20
2015-12-06,Buccaneers,Falcons,1,14:18,2,6,TAM 32,0-0,14,0.8,1.99,1.19
2015-12-20,49ers,Bengals,1,2:15,2,6,SFO 27,0-0,14,0.47,1.66,1.19
2015-10-18,Dolphins,Titans,1,14:16,2,6,MIA 24,0-0,14,0.27,1.47,1.20
2016-09-25,Eagles,Steelers,2,4:19,2,6,PIT 38,10-3,14,2.78,3.97,1.19
2014-11-16,Eagles,Packers,2,9:30,2,6,PHI 35,3-24,13,1,2.13,1.13
2014-10-05,Bears,Panthers,2,14:20,2,6,CAR 48,14-7,13,2.12,3.25,1.13
2014-09-07,Eagles,Jaguars,1,8:30,2,6,PHI 22,0-7,13,0.14,1.27,1.13
2016-01-03,Rams,49ers,2,8:22,2,6,RAM 24,3-10,13,0.27,1.4,1.13
2015-11-29,49ers,Cardinals,1,14:31,2,6,SFO 24,0-0,13,0.27,1.4,1.13
2014-09-25,Redskins,Giants,1,12:14,2,6,WAS 19,0-0,12,-0.11,1,1.11
2016-11-20,Browns,Steelers,2,4:13,2,6,CLE 29,0-6,12,0.6,1.66,1.06
2016-11-24,Steelers,Colts,1,3:25,2,6,PIT 46,7-0,12,1.73,2.79,1.06
2016-12-05,Colts,Jets,1,4:11,2,6,CLT 24,14-0,12,0.27,2.32,2.05
2014-11-16,Buccaneers,Redskins,1,8:08,2,6,TAM 24,3-0,11,0.27,1.27,1.00
2015-11-22,Vikings,Packers,1,4:13,2,6,MIN 40,0-3,11,1.33,2.32,.99
2015-09-13,Jaguars,Panthers,1,4:00,2,6,CAR 39,0-3,11,2.72,3.71,.99
2015-11-01,Packers,Broncos,1,12:11,2,6,GNB 27,0-0,11,0.47,1.47,1.00
2016-09-12,49ers,Rams,1,5:10,2,6,RAM 37,0-0,11,2.85,4.17,1.32
2016-10-23,Dolphins,Bills,1,13:34,2,6,MIA 32,0-0,11,0.8,1.8,1.00
2016-10-09,Lions,Eagles,1,13:09,2,6,PHI 48,0-0,11,2.12,3.12,1.00
2016-09-11,Texans,Bears,1,2:07,2,6,HTX 35,0-7,11,1,1.99,.99
2014-11-02,Browns,Buccaneers,1,3:33,2,6,CLE 49,3-0,10,1.92,2.85,.93
2014-12-08,Packers,Falcons,1,3:39,2,6,ATL 42,7-7,10,2.52,3.45,.93
2015-09-20,Panthers,Texans,1,2:18,2,6,CAR 42,0-3,10,1.46,2.39,.93
2016-10-06,49ers,Cardinals,1,2:29,2,6,SFO 20,0-0,10,0.01,0.94,.93
2016-10-16,Bills,49ers,2,2:00,2,6,SFO 48,14-13,10,2.12,3.05,.93
2016-10-16,Chiefs,Raiders,1,11:16,2,6,KAN 35,0-7,10,1,1.93,.93
2016-12-11,Titans,Broncos,2,15:00,2,6,DEN 46,10-0,10,2.25,3.18,.93
2016-12-11,Jets,49ers,2,12:47,2,6,NYJ 42,0-14,10,1.46,2.39,.93
2014-12-14,Jaguars,Ravens,1,14:33,2,6,JAX 19,0-0,9,-0.11,0.81,.92
2014-12-14,Vikings,Lions,1,2:47,2,6,DET 47,0-0,9,2.19,3.05,.86
2014-10-26,Dolphins,Jaguars,2,3:51,2,6,MIA 27,7-3,9,0.47,1.33,.86
2015-12-13,Bills,Eagles,2,15:00,2,6,50,7-7,9,1.99,2.85,.86
2015-11-01,Vikings,Bears,2,12:13,2,6,CHI 41,7-3,9,2.58,3.45,.87
2015-09-13,Bills,Colts,1,6:42,2,6,BUF 38,0-0,9,1.2,2.06,.86
2015-10-12,Steelers,Chargers,2,7:59,2,6,PIT 38,0-7,9,1.2,2.06,.86
2016-10-09,Steelers,Jets,2,7:41,2,6,NYJ 45,7-6,9,2.32,3.18,.86
2016-12-04,Patriots,Rams,1,14:20,2,6,NWE 24,0-0,9,0.27,1.14,.87
2014-11-09,Cowboys,Jaguars,1,6:54,2,6,DAL 24,3-7,8,0.27,1.07,.80
2014-09-08,Chargers,Cardinals,2,2:57,2,6,SDG 24,3-3,8,0.27,1.07,.80
2014-10-12,Bills,Patriots,2,8:12,2,6,BUF 37,0-7,8,1.13,1.93,.80
2014-11-16,Texans,Browns,2,8:23,2,6,HTX 30,7-7,8,0.67,1.47,.80
2014-10-05,Patriots,Bengals,1,5:19,2,6,NWE 46,7-0,8,1.73,2.52,.79
2015-09-13,Ravens,Broncos,2,9:07,2,6,DEN 48,0-6,8,2.12,2.92,.80
2015-10-18,Texans,Jaguars,1,4:16,2,6,JAX 36,0-0,8,2.91,3.71,.80
2015-12-06,49ers,Bears,2,13:00,2,6,SFO 23,6-13,8,0.21,1,.79
2016-10-02,Jaguars,Colts,2,8:11,2,6,JAX 29,7-6,8,0.6,1.4,.80
2016-11-20,Colts,Titans,2,6:46,2,6,CLT 20,21-0,8,0.01,0.81,.80
2014-10-26,Seahawks,Panthers,2,4:13,2,6,SEA 20,3-6,7,0.01,0.74,.73
2014-10-12,Cowboys,Seahawks,2,9:51,2,6,SEA 49,7-10,7,2.06,2.79,.73
2014-10-05,Eagles,Rams,2,2:00,2,6,RAM 41,13-7,7,2.58,3.31,.73
2014-09-07,Bengals,Ravens,1,12:22,2,6,RAV 46,0-0,7,2.25,2.98,.73
2014-09-07,Panthers,Buccaneers,1,8:15,2,6,CAR 27,0-0,7,0.47,1.2,.73
2015-11-22,Chiefs,Chargers,1,14:23,2,6,KAN 24,0-0,7,0.27,1,.73
2015-12-13,Browns,49ers,1,11:54,2,6,CLE 45,0-0,7,1.66,2.39,.73
2015-10-11,Eagles,Saints,1,3:11,2,6,PHI 24,0-7,7,0.27,1,.73
2015-12-13,Bills,Eagles,1,14:35,2,6,BUF 24,0-0,7,0.27,1,.73
2015-12-06,Eagles,Patriots,2,14:19,2,6,PHI 23,0-7,7,0.21,0.94,.73
2015-12-27,Saints,Jaguars,2,12:46,2,6,JAX 39,14-0,7,2.72,3.45,.73
2016-09-18,Ravens,Browns,2,8:42,2,6,RAV 26,2-20,7,0.41,1.14,.73
2016-10-09,Packers,Giants,2,4:31,2,6,GNB 18,14-3,7,-0.21,0.94,1.15
2016-10-16,Bengals,Patriots,1,11:30,2,6,CIN 20,0-3,7,0.01,0.74,.73
2016-11-27,Chiefs,Broncos,1,7:49,2,6,DEN 35,0-0,7,2.98,3.71,.73
2016-12-04,Patriots,Rams,1,5:05,2,6,NWE 23,7-0,7,0.21,0.94,.73
2016-12-18,Bengals,Steelers,1,12:20,2,6,PIT 42,0-0,7,2.52,3.25,.73
2016-12-24,Rams,49ers,1,11:34,2,6,RAM 17,0-0,7,-0.3,0.54,.84
2014-11-02,Jets,Chiefs,2,9:50,2,6,NYJ 44,0-14,6,1.59,2.26,.67
2014-12-21,Packers,Buccaneers,2,7:53,2,6,TAM 47,7-0,6,2.19,2.85,.66
2014-11-23,Rams,Chargers,1,8:28,2,6,RAM 36,0-3,6,1.07,1.73,.66
2014-12-14,Colts,Texans,2,10:04,2,6,CLT 36,7-7,6,1.07,1.73,.66
2015-11-01,Steelers,Bengals,1,11:01,2,6,CIN 36,0-0,6,2.91,3.58,.67
2015-12-10,Vikings,Cardinals,2,12:48,2,6,MIN 15,7-10,6,-0.43,0.34,.77
2015-10-25,Rams,Browns,2,7:12,2,6,RAM 45,10-3,6,1.66,2.32,.66
2015-10-11,Giants,49ers,2,6:54,2,6,SFO 46,10-3,6,2.25,2.92,.67
2016-09-08,Panthers,Broncos,2,8:12,2,6,CAR 46,7-7,6,1.73,2.39,.66
2016-09-25,Cowboys,Bears,1,12:54,2,6,CHI 39,0-0,6,2.72,3.38,.66
2016-11-20,Cardinals,Vikings,1,8:59,2,6,CRD 37,0-7,6,1.13,1.8,.67
2014-10-19,Lions,Saints,1,14:26,2,6,DET 24,0-0,5,0.27,0.23,-0.04
2014-09-14,Patriots,Vikings,2,4:19,2,6,NWE 43,17-7,5,1.53,1.49,-0.04
2014-09-21,Patriots,Raiders,2,8:46,2,6,NWE 46,0-3,5,1.73,1.69,-0.04
2014-12-28,Cardinals,49ers,1,5:45,2,6,SFO 36,7-7,5,2.91,2.87,-0.04
2014-12-14,Cowboys,Eagles,2,6:16,2,6,DAL 42,21-7,5,1.46,1.42,-0.04
2014-10-16,Jets,Patriots,2,13:35,2,6,NYJ 44,6-7,5,1.59,1.55,-0.04
2014-11-30,Chargers,Ravens,1,3:06,2,6,RAV 38,0-10,5,2.78,2.74,-0.04
2014-10-12,Panthers,Bengals,1,12:52,2,6,CAR 40,0-0,5,1.33,1.29,-0.04
2014-09-04,Seahawks,Packers,1,11:20,2,6,SEA 39,0-0,5,1.26,1.22,-0.04
2014-10-23,Broncos,Chargers,1,8:31,2,6,DEN 16,0-0,5,-0.37,-0.37,.00
2014-12-20,49ers,Chargers,2,4:16,2,6,SFO 40,21-7,5,1.33,1.29,-0.04
2014-11-23,Colts,Jaguars,1,14:19,2,6,CLT 41,0-0,5,1.4,1.36,-0.04
2014-09-21,Giants,Texans,1,14:37,2,6,NYG 24,0-0,5,0.27,0.23,-0.04
2014-11-02,Rams,49ers,1,6:54,2,6,RAM 29,0-3,5,0.6,0.56,-0.04
2014-09-21,Jaguars,Colts,2,8:42,2,6,JAX 24,0-20,5,0.27,0.23,-0.04
2014-11-16,Redskins,Buccaneers,2,6:52,2,6,WAS 27,0-13,5,0.47,0.43,-0.04
2014-09-14,Browns,Saints,2,11:37,2,6,CLE 15,10-0,5,-0.43,-0.37,.06
2014-12-14,Raiders,Chiefs,1,11:24,2,6,RAI 16,0-0,5,-0.37,-0.37,.00
2014-11-16,Chargers,Raiders,1,5:08,2,6,SDG 38,7-3,5,1.2,1.16,-0.04
2014-10-26,Seahawks,Panthers,2,3:04,2,6,SEA 31,3-6,5,0.74,0.7,-0.04
2014-10-05,Texans,Cowboys,2,9:29,2,6,HTX 15,0-0,5,-0.43,-0.37,.06
2014-12-28,Redskins,Cowboys,2,7:32,2,6,WAS 24,7-27,5,0.27,0.23,-0.04
2014-12-28,Bengals,Steelers,2,5:10,2,6,CIN 24,10-17,5,0.27,0.23,-0.04
2015-12-20,Chargers,Dolphins,1,9:46,2,6,SDG 18,0-0,5,-0.21,-0.32,-0.11
2015-09-13,Bengals,Raiders,1,13:03,2,6,CIN 45,0-0,5,1.66,1.62,-0.04
2015-10-25,Chargers,Raiders,2,4:15,2,6,SDG 24,3-23,5,0.27,0.23,-0.04
2015-10-11,Eagles,Saints,2,9:43,2,6,PHI 35,7-7,5,1,0.96,-0.04
2015-11-22,Eagles,Buccaneers,2,7:42,2,6,PHI 43,7-21,5,1.53,1.49,-0.04
2015-10-04,Packers,49ers,2,2:48,2,6,SFO 47,7-3,5,2.19,2.15,-0.04
2016-01-03,Titans,Colts,2,5:52,2,6,OTI 24,14-13,5,0.27,0.23,-0.04
2015-11-02,Colts,Panthers,2,4:05,2,6,CLT 44,6-10,5,1.59,1.55,-0.04
2015-12-06,Raiders,Chiefs,1,14:23,2,6,RAI 24,0-0,5,0.27,0.23,-0.04
2015-12-03,Packers,Lions,2,2:00,2,6,GNB 32,0-17,5,0.8,0.76,-0.04
2015-12-20,Ravens,Chiefs,2,5:35,2,6,RAV 18,7-21,5,-0.21,-0.32,-0.11
2015-11-22,Broncos,Bears,2,9:59,2,6,DEN 24,7-3,5,0.27,0.23,-0.04
2015-12-06,Bengals,Browns,1,14:11,2,6,CIN 24,0-0,5,0.27,0.23,-0.04
2015-12-13,Jets,Titans,1,14:25,2,6,NYJ 24,0-0,5,0.27,0.23,-0.04
2015-11-15,Packers,Lions,1,13:23,2,6,GNB 43,0-0,5,1.53,1.49,-0.04
2015-10-18,Lions,Bears,1,4:04,2,6,DET 22,7-3,5,0.14,-0.02,-0.16
2015-11-08,Panthers,Packers,1,14:20,2,6,CAR 34,0-0,5,0.93,0.89,-0.04
2016-10-06,49ers,Cardinals,2,7:06,2,6,SFO 48,0-0,5,1.86,1.82,-0.04
2016-10-09,Broncos,Falcons,2,10:08,2,6,DEN 39,3-10,5,1.26,1.22,-0.04
2016-11-07,Bills,Seahawks,1,7:25,2,6,SEA 45,7-7,5,2.32,2.28,-0.04
2016-09-18,Colts,Broncos,1,9:41,2,6,DEN 35,0-0,5,2.98,2.94,-0.04
2016-10-02,Colts,Jaguars,2,15:00,2,6,CLT 29,3-7,5,0.6,0.56,-0.04
2016-11-27,Chargers,Texans,2,9:04,2,6,SDG 40,0-7,5,1.33,1.29,-0.04
2016-12-04,Saints,Lions,2,12:32,2,6,NOR 29,0-10,5,0.6,0.56,-0.04
2016-12-11,Jaguars,Vikings,1,7:18,2,6,JAX 29,0-6,5,0.6,0.56,-0.04
2016-12-18,Eagles,Ravens,2,5:41,2,6,RAV 39,11-13,5,2.72,2.68,-0.04
2016-12-18,Saints,Cardinals,1,11:24,2,6,NOR 43,0-7,5,1.53,1.49,-0.04
2016-12-24,Buccaneers,Saints,1,10:21,2,6,TAM 28,0-0,5,0.54,0.5,-0.04
2016-12-22,Eagles,Giants,1,11:56,2,6,NYG 41,0-0,5,2.58,2.54,-0.04
2017-01-01,Packers,Lions,1,13:27,2,6,GNB 29,0-0,5,0.6,0.56,-0.04
2014-11-16,Rams,Broncos,2,10:17,2,6,RAM 24,10-0,4,0.27,0.1,-0.17
2014-11-09,Jets,Steelers,2,7:25,2,6,NYJ 15,17-0,4,-0.43,-0.48,-0.05
2014-09-21,Seahawks,Broncos,2,12:50,2,6,SEA 46,3-3,4,1.73,1.55,-0.18
2014-09-21,Rams,Cowboys,1,10:17,2,6,DAL 38,0-0,4,2.78,2.61,-0.17
2014-11-27,Seahawks,49ers,1,8:00,2,6,SEA 25,0-0,4,0.34,0.17,-0.17
2014-11-16,Bengals,Saints,2,8:42,2,6,CIN 18,7-3,4,-0.21,-0.44,-0.23
2014-12-14,Lions,Vikings,1,14:28,2,6,DET 24,0-0,4,0.27,0.1,-0.17
2014-11-16,Falcons,Panthers,1,9:51,2,6,ATL 36,0-0,4,1.07,0.89,-0.18
2014-12-07,Panthers,Saints,1,2:51,2,6,CAR 37,17-0,4,1.13,0.96,-0.17
2014-12-04,Cowboys,Bears,1,11:59,2,6,CHI 38,0-0,4,2.78,2.61,-0.17
2014-11-23,Cowboys,Giants,2,12:15,2,6,NYG 43,3-14,4,2.45,2.28,-0.17
2014-11-16,Seahawks,Chiefs,1,2:00,2,6,SEA 45,0-7,4,1.66,1.49,-0.17
2015-12-27,Lions,49ers,2,10:47,2,6,DET 24,10-14,4,0.27,0.1,-0.17
2015-11-26,Bears,Packers,2,12:23,2,6,CHI 38,0-7,4,1.2,1.03,-0.17
2015-11-12,Jets,Bills,1,8:20,2,6,NYJ 17,0-0,4,-0.3,-0.47,-0.17
2015-09-20,Bears,Cardinals,2,2:15,2,6,CHI 15,14-28,4,-0.43,-0.48,-0.05
2015-09-24,Redskins,Giants,1,14:22,2,6,WAS 23,0-0,4,0.21,-0.03,-0.24
2015-12-10,Vikings,Cardinals,1,6:51,2,6,MIN 24,0-3,4,0.27,0.1,-0.17
2016-01-03,Giants,Eagles,1,11:50,2,6,NYG 41,0-7,4,1.4,1.22,-0.18
2015-12-20,Seahawks,Browns,2,5:50,2,6,SEA 16,14-10,4,-0.37,-0.48,-0.11
2016-01-03,Patriots,Dolphins,2,4:46,2,6,NWE 43,3-3,4,1.53,1.36,-0.17
2016-09-25,Jaguars,Ravens,1,3:15,2,6,JAX 26,0-7,4,0.41,0.23,-0.18
2016-10-09,Rams,Bills,1,14:20,2,6,RAM 25,0-0,4,0.34,0.17,-0.17
2016-09-18,Giants,Saints,2,10:12,2,6,NYG 36,0-0,4,1.07,0.89,-0.18
2016-09-25,Bengals,Broncos,2,11:03,2,6,CIN 36,7-10,4,1.07,0.89,-0.18
2016-10-30,Redskins,Bengals,1,11:03,2,6,CIN 36,0-0,4,2.91,2.74,-0.17
2016-09-25,Dolphins,Browns,2,12:52,2,6,MIA 29,7-3,4,0.6,0.43,-0.17
2016-09-11,Bears,Texans,2,9:20,2,6,CHI 26,7-3,4,0.41,0.23,-0.18
2016-09-15,Bills,Jets,2,2:18,2,6,BUF 44,7-20,4,1.59,1.42,-0.17
2016-11-06,Packers,Colts,1,3:44,2,6,GNB 22,3-14,4,0.14,-0.14,-0.28
2016-11-06,Jaguars,Chiefs,2,9:12,2,6,JAX 27,0-10,4,0.47,0.3,-0.17
2016-11-20,Bears,Giants,1,13:38,2,6,CHI 44,0-0,4,1.59,1.42,-0.17
2016-11-21,Texans,Raiders,1,5:39,2,6,HTX 41,3-0,4,1.4,1.22,-0.18
2016-11-24,Redskins,Cowboys,2,7:16,2,6,WAS 29,3-10,4,0.6,0.43,-0.17
2016-12-11,Packers,Seahawks,1,3:33,2,6,SEA 35,7-3,4,2.98,2.81,-0.17
2016-12-11,Cowboys,Giants,2,14:23,2,6,DAL 49,7-0,4,1.92,1.75,-0.17
2016-12-18,Saints,Cardinals,2,9:37,2,6,CRD 40,10-7,4,2.65,2.48,-0.17
2016-12-18,Giants,Lions,1,13:22,2,6,NYG 41,0-0,4,1.4,1.22,-0.18
2016-12-24,Falcons,Panthers,2,13:21,2,6,ATL 15,13-0,4,-0.43,-0.48,-0.05
2016-12-26,Cowboys,Lions,1,12:52,2,6,DET 49,0-0,4,2.06,1.88,-0.18
2014-11-09,Steelers,Jets,1,6:13,2,6,PIT 26,0-3,3,0.41,0.1,-0.31
2014-11-27,Cowboys,Eagles,2,6:50,2,6,DAL 20,7-17,3,0.01,-0.45,-0.46
2014-10-06,Redskins,Seahawks,2,8:22,2,6,WAS 24,0-10,3,0.27,-0.03,-0.30
2014-09-21,Packers,Lions,1,11:29,2,6,GNB 24,0-7,3,0.27,-0.03,-0.30
2014-12-28,Eagles,Giants,2,13:39,2,6,PHI 47,14-10,3,1.79,1.49,-0.30
2014-12-21,Bills,Raiders,1,8:07,2,6,50,7-0,3,1.99,1.69,-0.30
2014-09-07,Raiders,Jets,2,8:09,2,6,RAI 48,7-3,3,1.86,1.55,-0.31
2014-09-28,Texans,Bills,2,2:46,2,6,HTX 24,0-10,3,0.27,-0.03,-0.30
2014-09-22,Jets,Bears,1,12:48,2,6,NYJ 36,0-7,3,1.07,0.76,-0.31
2014-11-30,Buccaneers,Bengals,1,6:23,2,6,CIN 48,3-0,3,2.12,1.82,-0.30
2014-10-02,Vikings,Packers,2,9:51,2,6,MIN 16,0-14,3,-0.37,0.54,.91
2014-12-28,Raiders,Broncos,2,7:31,2,6,RAI 41,7-17,3,1.4,1.09,-0.31
2014-11-23,Titans,Eagles,1,10:01,2,6,OTI 46,0-14,3,1.73,1.42,-0.31
2014-11-10,Panthers,Eagles,1,9:33,2,6,CAR 35,0-10,3,1,0.7,-0.30
2014-10-12,Cowboys,Seahawks,1,6:40,2,6,DAL 24,0-10,3,0.27,-0.03,-0.30
2014-12-18,Titans,Jaguars,1,14:00,2,6,OTI 20,0-0,3,0.01,-0.45,-0.46
2015-12-20,Giants,Panthers,2,7:06,2,6,NYG 49,7-7,3,1.92,1.62,-0.30
2015-11-23,Bills,Patriots,1,3:31,2,6,50,0-3,3,1.99,1.69,-0.30
2015-09-20,49ers,Steelers,1,3:47,2,6,SFO 17,0-8,3,-0.3,-0.59,-0.29
2015-09-20,Falcons,Giants,1,12:58,2,6,ATL 30,0-0,3,0.67,0.37,-0.30
2015-10-18,Jaguars,Texans,1,12:32,2,6,JAX 39,0-0,3,1.26,0.96,-0.30
2015-09-13,Bears,Packers,2,2:00,2,6,CHI 25,10-10,3,0.34,0.04,-0.30
2015-10-26,Cardinals,Ravens,2,9:53,2,6,CRD 20,7-3,3,0.01,-0.45,-0.46
2016-01-03,Packers,Vikings,1,8:54,2,6,GNB 36,0-3,3,1.07,0.76,-0.31
2015-12-17,Buccaneers,Rams,1,2:44,2,6,TAM 24,3-14,3,0.27,-0.03,-0.30
2015-11-22,Eagles,Buccaneers,2,6:36,2,6,TAM 38,7-21,3,2.78,2.48,-0.30
2015-10-11,Packers,Rams,1,2:53,2,6,RAM 46,7-0,3,2.25,1.95,-0.30
2015-09-24,Giants,Redskins,1,10:21,2,6,NYG 48,2-0,3,1.86,1.55,-0.31
2015-09-27,Patriots,Jaguars,1,6:25,2,6,NWE 30,7-0,3,0.67,0.37,-0.30
2015-10-18,Dolphins,Titans,1,12:57,2,6,MIA 42,0-0,3,1.46,1.16,-0.30
2015-12-20,Cardinals,Eagles,2,7:47,2,6,CRD 24,10-10,3,0.27,-0.03,-0.30
2015-11-09,Bears,Chargers,1,4:35,2,6,CHI 49,0-7,3,1.92,1.62,-0.30
2016-11-13,Jets,Rams,2,15:00,2,6,RAM 42,0-3,3,2.52,2.21,-0.31
2016-11-13,Chiefs,Panthers,2,7:48,2,6,KAN 41,0-10,3,1.4,1.09,-0.31
2016-09-25,Dolphins,Browns,2,7:45,2,6,MIA 18,7-3,3,-0.21,-0.56,-0.35
2016-09-25,49ers,Seahawks,1,3:40,2,6,SFO 34,0-14,3,0.93,0.63,-0.30
2016-11-24,Lions,Vikings,1,14:25,2,6,DET 29,0-0,3,0.6,0.3,-0.30
2016-11-27,Titans,Bears,2,6:38,2,6,OTI 42,14-7,3,1.46,1.16,-0.30
2016-12-11,Buccaneers,Saints,2,12:38,2,6,TAM 33,10-0,3,0.87,0.56,-0.31
2014-10-27,Cowboys,Redskins,2,14:28,2,6,DAL 39,0-3,2,1.26,0.83,-0.43
2014-11-23,Eagles,Titans,2,6:31,2,6,OTI 38,20-14,2,2.78,2.34,-0.44
2014-10-05,Steelers,Jaguars,1,3:14,2,6,PIT 28,0-3,2,0.54,0.1,-0.44
2014-12-08,Falcons,Packers,1,10:00,2,6,ATL 42,0-7,2,1.46,1.02,-0.44
2014-09-08,Cardinals,Chargers,1,3:00,2,6,CRD 40,0-0,2,1.33,0.89,-0.44
2014-12-21,Cardinals,Seahawks,1,9:22,2,6,CRD 20,0-0,2,0.01,-0.57,-0.58
2014-09-14,Packers,Jets,2,9:00,2,6,NYJ 47,3-21,2,2.19,1.75,-0.44
2014-09-21,Colts,Jaguars,1,5:54,2,6,CLT 46,3-0,2,1.73,1.29,-0.44
2014-09-14,Lions,Panthers,2,7:01,2,6,DET 40,0-3,2,1.33,0.89,-0.44
2014-12-28,Colts,Titans,2,15:00,2,6,50,7-0,2,1.99,1.55,-0.44
2014-09-07,Texans,Redskins,1,2:24,2,6,HTX 38,0-0,2,1.2,0.76,-0.44
2014-12-14,Texans,Colts,2,13:38,2,6,HTX 40,7-7,2,1.33,0.89,-0.44
2014-11-16,Falcons,Panthers,1,14:25,2,6,ATL 24,0-0,2,0.27,-0.16,-0.43
2014-10-19,Packers,Panthers,2,15:00,2,6,GNB 24,21-0,2,0.27,-0.16,-0.43
2014-11-30,Texans,Titans,1,13:11,2,6,HTX 40,0-0,2,1.33,0.89,-0.44
2015-12-20,Bengals,49ers,1,12:39,2,6,CIN 35,0-0,2,1,0.56,-0.44
2015-09-13,Redskins,Dolphins,2,5:50,2,6,MIA 35,3-0,2,2.98,2.54,-0.44
2015-12-20,Eagles,Cardinals,1,10:18,2,6,PHI 30,0-7,2,0.67,0.23,-0.44
2015-12-27,Jaguars,Saints,1,9:53,2,6,JAX 30,0-7,2,0.67,0.23,-0.44
2015-11-08,Cowboys,Eagles,1,3:19,2,6,DAL 21,7-0,2,0.08,-0.49,-0.57
2015-10-25,Cowboys,Giants,1,2:30,2,6,DAL 33,3-0,2,0.87,0.43,-0.44
2015-10-04,Bills,Giants,2,9:52,2,6,BUF 24,3-16,2,0.27,-0.16,-0.43
2015-10-11,Jaguars,Buccaneers,2,6:48,2,6,JAX 24,7-13,2,0.27,-0.16,-0.43
2015-11-23,Bills,Patriots,2,10:24,2,6,NWE 36,0-3,2,2.91,2.48,-0.43
2015-10-25,Giants,Cowboys,2,6:57,2,6,NYG 24,7-6,2,0.27,-0.16,-0.43
2015-10-11,Giants,49ers,1,2:35,2,6,NYG 23,3-3,2,0.21,-0.29,-0.50
2015-12-20,Titans,Patriots,2,15:00,2,6,OTI 29,0-7,2,0.6,0.17,-0.43
2015-09-27,Bears,Seahawks,1,4:38,2,6,CHI 24,0-3,2,0.27,-0.16,-0.43
2015-10-18,49ers,Ravens,2,3:12,2,6,SFO 42,16-6,2,1.46,1.02,-0.44
2015-12-13,Jaguars,Colts,2,7:43,2,6,JAX 41,3-6,2,1.4,0.96,-0.44
2016-01-03,Broncos,Chargers,2,12:38,2,6,DEN 27,7-3,2,0.47,0.04,-0.43
2016-01-03,Rams,49ers,2,12:15,2,6,SFO 38,3-7,2,2.78,2.34,-0.44
2015-12-20,Bills,Redskins,1,4:12,2,6,WAS 38,0-7,2,2.78,2.34,-0.44
2016-09-18,Patriots,Dolphins,2,10:59,2,6,MIA 44,21-0,2,2.39,1.95,-0.44
2016-10-10,Buccaneers,Panthers,2,3:31,2,6,TAM 46,3-0,2,1.73,1.29,-0.44
2016-10-30,Saints,Seahawks,1,14:26,2,6,NOR 29,0-0,2,0.6,0.17,-0.43
2016-10-06,49ers,Cardinals,1,8:09,2,6,SFO 39,0-0,2,1.26,0.83,-0.43
2016-10-06,Cardinals,49ers,2,9:55,2,6,CRD 42,0-0,2,1.46,1.02,-0.44
2016-10-16,Eagles,Redskins,1,4:28,2,6,PHI 39,0-0,2,1.26,0.83,-0.43
2016-09-11,Colts,Lions,1,12:34,2,6,CLT 39,0-0,2,1.26,0.83,-0.43
2016-10-23,Jets,Ravens,1,9:06,2,6,NYJ 29,0-7,2,0.6,0.17,-0.43
2016-09-25,Rams,Buccaneers,1,9:56,2,6,RAM 33,7-0,2,0.87,0.43,-0.44
2016-11-06,Rams,Panthers,1,12:05,2,6,CAR 39,0-0,2,2.72,2.28,-0.44
2016-11-06,Ravens,Steelers,2,10:18,2,6,RAV 32,7-0,2,0.8,1.53,.73
2016-09-18,Jaguars,Chargers,1,4:25,2,6,JAX 18,0-7,2,-0.21,-0.68,-0.47
2016-11-20,Cardinals,Vikings,1,14:18,2,6,CRD 29,0-0,2,0.6,0.17,-0.43
2016-12-04,49ers,Bears,1,8:39,2,6,SFO 24,0-0,2,0.27,-0.16,-0.43
2016-12-18,Ravens,Eagles,2,12:07,2,6,RAV 48,10-11,2,1.86,1.42,-0.44
2016-12-24,Seahawks,Cardinals,2,6:15,2,6,SEA 46,0-7,2,1.73,1.29,-0.44
2017-01-01,Jaguars,Colts,2,13:10,2,6,CLT 47,10-0,2,2.19,1.75,-0.44
2017-01-01,Jaguars,Colts,2,2:00,2,6,50,17-3,2,1.99,1.55,-0.44
2017-01-01,Giants,Redskins,2,13:51,2,6,NYG 45,3-0,2,1.66,1.22,-0.44
2017-01-01,Lions,Packers,1,9:29,2,6,DET 30,0-0,2,0.67,0.23,-0.44
2014-10-05,Rams,Eagles,2,8:34,2,6,RAM 33,0-13,1,0.87,0.3,-0.57
2014-12-28,Cowboys,Redskins,2,15:00,2,6,DAL 34,17-7,1,0.93,0.37,-0.56
2014-09-25,Giants,Redskins,1,14:10,2,6,NYG 49,0-0,1,1.92,1.36,-0.56
2014-11-09,Raiders,Broncos,2,2:10,2,6,RAI 24,10-13,1,0.27,-0.3,-0.57
2014-10-19,Cowboys,Giants,2,10:41,2,6,DAL 24,7-7,1,0.27,-0.3,-0.57
2014-11-23,Packers,Vikings,1,13:17,2,6,GNB 36,0-0,1,1.07,0.5,-0.57
2014-10-19,Cowboys,Giants,1,7:31,2,6,NYG 40,0-0,1,2.65,2.08,-0.57
2014-09-21,Rams,Cowboys,1,13:46,2,6,RAM 36,0-0,1,1.07,0.5,-0.57
2014-11-30,Vikings,Panthers,1,12:13,2,6,CAR 41,0-0,1,2.58,2.01,-0.57
2014-12-21,Panthers,Browns,1,7:06,2,6,CAR 41,0-0,1,1.4,0.83,-0.57
2014-09-14,Titans,Cowboys,2,5:00,2,6,OTI 21,0-10,1,0.08,-0.62,-0.70
2014-11-16,Colts,Patriots,1,14:17,2,6,CLT 24,0-0,1,0.27,-0.3,-0.57
2014-09-07,Eagles,Jaguars,1,11:34,2,6,JAX 44,0-0,1,2.39,1.82,-0.57
2014-10-26,Packers,Saints,1,14:03,2,6,GNB 34,0-0,1,0.93,0.37,-0.56
2014-12-28,Giants,Eagles,1,5:32,2,6,NYG 24,7-14,1,0.27,-0.3,-0.57
2015-09-20,Rams,Redskins,1,13:52,2,6,RAM 36,0-0,1,1.07,0.5,-0.57
2015-11-22,Rams,Ravens,2,14:00,2,6,RAM 42,7-0,1,1.46,0.89,-0.57
2015-12-13,Titans,Jets,1,4:53,2,6,OTI 47,0-7,1,1.79,1.22,-0.57
2016-01-03,Seahawks,Cardinals,1,11:00,2,6,SEA 32,0-0,1,0.8,0.23,-0.57
2015-10-11,Cowboys,Patriots,2,3:03,2,6,DAL 18,3-10,1,-0.21,-0.8,-0.59
2015-09-14,Vikings,49ers,1,4:58,2,6,MIN 16,0-0,1,-0.37,-0.84,-0.47
2015-11-08,Cowboys,Eagles,2,14:13,2,6,DAL 38,7-0,1,1.2,0.63,-0.57
2015-11-01,Chargers,Ravens,2,2:07,2,6,RAV 43,10-13,1,2.45,1.88,-0.57
2015-12-20,Browns,Seahawks,1,14:30,2,6,CLE 24,0-0,1,0.27,-0.3,-0.57
2016-01-03,Dolphins,Patriots,2,7:30,2,6,MIA 24,3-3,1,0.27,-0.3,-0.57
2016-10-09,Falcons,Broncos,2,5:39,2,6,DEN 48,10-3,1,2.12,1.55,-0.57
2016-10-02,Panthers,Falcons,1,12:29,2,6,CAR 25,0-0,1,0.34,-0.23,-0.57
2016-09-11,Eagles,Browns,2,8:31,2,6,PHI 27,10-7,1,0.47,-0.1,-0.57
2016-09-18,Seahawks,Rams,2,8:20,2,6,SEA 16,3-3,1,-0.37,-0.84,-0.47
2016-10-30,Jets,Browns,1,11:05,2,6,NYJ 29,0-7,1,0.6,0.04,-0.56
2016-11-20,Dolphins,Rams,1,9:10,2,6,MIA 29,0-7,1,0.6,0.04,-0.56
2016-11-06,Vikings,Lions,1,13:08,2,6,MIN 47,0-0,1,1.79,1.22,-0.57
2016-11-06,Broncos,Raiders,2,13:36,2,6,DEN 29,0-13,1,0.6,0.04,-0.56
2016-09-25,Panthers,Vikings,2,7:17,2,6,MIN 38,10-2,1,2.78,2.21,-0.57
2016-12-04,49ers,Bears,1,4:24,2,6,SFO 31,0-0,1,0.74,0.17,-0.57
2014-11-16,Rams,Broncos,1,5:59,2,6,RAM 42,3-0,0,1.46,0.76,-0.70
2014-12-21,Raiders,Bills,1,4:59,2,6,RAI 20,0-7,0,0.01,-0.82,-0.83
2014-12-07,Jets,Vikings,1,8:26,2,6,MIN 35,2-7,0,2.98,2.28,-0.70
2014-09-07,Steelers,Browns,1,5:00,2,6,PIT 24,3-3,0,0.27,-0.43,-0.70
2014-11-16,Eagles,Packers,2,8:32,2,6,GNB 48,3-24,0,2.12,1.42,-0.70
2014-10-23,Chargers,Broncos,2,10:08,2,6,SDG 20,0-7,0,0.01,-0.82,-0.83
2014-10-05,Colts,Ravens,1,2:47,2,6,CLT 20,3-0,0,0.01,-0.82,-0.83
2014-09-14,Bills,Dolphins,1,9:00,2,6,BUF 45,0-0,0,1.66,0.96,-0.70
2014-12-14,Texans,Colts,2,2:00,2,6,HTX 16,7-14,0,-0.37,-0.95,-0.58
2015-11-15,Rams,Bears,1,8:33,2,6,RAM 34,7-7,0,0.93,0.23,-0.70
2015-12-20,Giants,Panthers,1,14:33,2,6,NYG 24,0-0,0,0.27,-0.43,-0.70
2015-09-13,Redskins,Dolphins,1,11:40,2,6,MIA 45,0-0,0,2.32,1.62,-0.70
2015-12-06,Ravens,Dolphins,1,8:22,2,6,RAV 18,0-0,0,-0.21,-0.92,-0.71
2015-09-21,Jets,Colts,2,9:18,2,6,CLT 40,7-0,0,2.65,1.95,-0.70
2015-12-13,Falcons,Panthers,2,13:11,2,6,ATL 48,0-21,0,1.86,1.16,-0.70
2015-12-13,Lions,Rams,1,11:38,2,6,DET 38,0-0,0,1.2,0.5,-0.70
2015-10-04,Cowboys,Saints,2,5:05,2,6,DAL 34,10-7,0,0.93,0.23,-0.70
2015-10-26,Ravens,Cardinals,2,7:57,2,6,RAV 20,3-7,0,0.01,-0.82,-0.83
2015-11-01,49ers,Rams,1,13:15,2,6,SFO 48,0-0,0,1.86,1.16,-0.70
2016-01-03,Redskins,Cowboys,1,12:13,2,6,WAS 43,0-0,0,1.53,0.83,-0.70
2016-10-10,Panthers,Buccaneers,2,11:20,2,6,TAM 44,0-3,0,2.39,1.69,-0.70
2016-09-11,Cowboys,Giants,2,8:33,2,6,NYG 50,6-7,0,1.99,1.29,-0.70
2016-09-11,Patriots,Cardinals,2,3:26,2,6,NWE 30,10-7,0,0.67,-0.3,-0.97
2016-10-30,Raiders,Buccaneers,2,14:15,2,6,RAI 29,0-10,0,0.6,-0.1,-0.70
2016-11-20,Eagles,Seahawks,2,6:40,2,6,PHI 43,7-13,0,1.53,0.83,-0.70
2016-11-27,Panthers,Raiders,2,12:03,2,6,CAR 16,7-14,0,-0.37,-0.95,-0.58
2016-12-04,Jaguars,Broncos,1,2:10,2,6,JAX 37,0-0,0,1.13,0.43,-0.70
2016-12-18,Vikings,Colts,2,13:44,2,6,MIN 42,0-10,0,1.46,0.76,-0.70
2017-01-01,Bears,Vikings,2,5:49,2,6,MIN 37,0-17,0,2.85,2.15,-0.70
2014-12-01,Jets,Dolphins,1,10:09,2,6,NYJ 19,0-0,-1,-0.11,-1,-0.89
2014-10-05,Saints,Buccaneers,1,13:32,2,6,NOR 41,0-0,-1,1.4,0.56,-0.84
2014-11-03,Giants,Colts,1,3:04,2,6,NYG 18,0-3,-1,-0.21,-1.65,-1.44
2014-12-14,Lions,Vikings,2,8:19,2,6,DET 35,0-14,-1,1,0.17,-0.83
2014-11-09,Bills,Chiefs,1,12:33,2,6,KAN 47,0-0,-1,2.19,1.36,-0.83
2015-09-20,49ers,Steelers,2,7:30,2,6,SFO 22,3-16,-1,0.14,-0.79,-0.93
2015-10-25,Redskins,Buccaneers,2,9:09,2,6,TAM 44,0-17,-1,2.39,1.55,-0.84
2015-11-29,Colts,Buccaneers,1,11:57,2,6,CLT 47,0-0,-1,1.79,0.96,-0.83
2016-09-25,Chiefs,Jets,1,11:37,2,6,KAN 21,0-0,-1,0.08,-0.87,-0.95
2016-10-09,Raiders,Chargers,2,3:41,2,6,RAI 29,6-10,-1,0.6,-0.23,-0.83
2016-11-06,Browns,Cowboys,2,7:59,2,6,CLE 25,3-14,-1,0.34,-0.49,-0.83
2016-12-11,Saints,Buccaneers,1,12:28,2,6,NOR 24,0-0,-1,0.27,-0.56,-0.83
2014-11-06,Browns,Bengals,2,9:32,2,6,CLE 27,14-3,-2,0.47,-0.49,-0.96
2014-12-21,Patriots,Jets,1,9:05,2,6,NWE 25,0-0,-2,0.34,-0.63,-0.97
2015-09-17,Chiefs,Broncos,2,11:56,2,6,KAN 26,0-0,-2,0.41,-0.56,-0.97
2015-09-21,Jets,Colts,2,11:24,2,6,NYJ 42,7-0,-2,1.46,0.5,-0.96
2015-10-11,Lions,Cardinals,1,9:28,2,6,DET 42,0-0,-2,1.46,0.5,-0.96
2015-10-25,Browns,Rams,1,10:09,2,6,CLE 34,0-7,-2,0.93,-0.03,-0.96
2015-11-29,Rams,Bengals,1,6:02,2,6,CIN 49,0-7,-2,2.06,1.09,-0.97
2015-12-13,Chargers,Chiefs,1,3:39,2,6,SDG 45,0-0,-2,1.66,0.7,-0.96
2015-12-13,Texans,Patriots,1,14:28,2,6,HTX 24,0-0,-2,0.27,-0.69,-0.96
2015-11-16,Texans,Bengals,1,7:37,2,6,HTX 21,0-0,-2,0.08,-1,-1.08
2016-09-25,Jaguars,Ravens,1,10:42,2,6,JAX 47,0-0,-2,1.79,0.83,-0.96
2016-09-18,Chargers,Jaguars,1,6:05,2,6,SDG 48,7-0,-2,1.86,0.89,-0.97
2016-11-21,Texans,Raiders,1,14:26,2,6,HTX 29,0-0,-2,0.6,-0.36,-0.96
2016-11-24,Cowboys,Redskins,2,11:54,2,6,DAL 41,7-3,-2,1.4,0.43,-0.97
2016-11-27,Giants,Browns,1,14:34,2,6,NYG 44,0-0,-2,1.59,0.63,-0.96
2016-12-04,Bengals,Eagles,1,3:22,2,6,CIN 47,3-0,-2,1.79,0.83,-0.96
2016-10-02,Panthers,Falcons,1,6:36,2,6,CAR 23,0-7,-3,0.21,-0.94,-1.15
2016-11-20,Jaguars,Lions,1,4:21,2,6,DET 43,0-0,-3,2.45,1.35,-1.10
2014-12-11,Rams,Cardinals,1,11:13,2,6,RAM 49,0-0,-5,1.92,0.56,-1.36
2014-10-06,Redskins,Seahawks,1,9:36,2,6,WAS 46,0-7,-6,1.73,0.23,-1.50
2014-11-02,Steelers,Ravens,1,7:02,2,6,PIT 16,0-7,-8,-0.37,-1.89,-1.52
2014-11-30,Giants,Jaguars,1,13:20,2,6,NYG 42,0-0,-11,1.46,-0.69,-2.15