2015-12-06,Raiders,Chiefs,1,12:44,2,7,RAI 36,0-0,35,1,3.64,2.64
2015-12-27,Panthers,Falcons,2,7:23,2,7,CAR 18,7-7,31,-0.28,2.19,2.47
2016-09-25,Giants,Redskins,2,2:09,2,7,NYG 45,21-16,25,1.59,3.58,1.99
2015-10-11,Eagles,Saints,2,12:30,2,7,PHI 35,0-7,24,0.93,2.85,1.92
2016-12-25,Ravens,Steelers,1,2:56,2,7,RAV 41,3-7,23,1.33,3.18,1.85
2015-12-06,Broncos,Chargers,1,13:12,2,7,SDG 47,0-0,22,2.12,3.91,1.79
2015-09-13,Bears,Packers,1,14:26,2,7,CHI 23,0-0,22,0.14,1.93,1.79
2015-11-08,Eagles,Cowboys,2,11:05,2,7,PHI 49,0-7,21,1.86,3.58,1.72
2014-12-14,Bengals,Browns,1,4:31,2,7,CIN 43,7-0,20,1.46,3.12,1.66
2014-10-30,Saints,Panthers,1,14:28,2,7,NOR 23,0-0,19,0.14,1.73,1.59
2014-09-07,Chiefs,Titans,1,2:14,2,7,KAN 22,0-0,17,0.07,1.53,1.46
2016-09-25,Titans,Raiders,1,13:48,2,7,OTI 42,0-0,17,1.39,2.85,1.46
2016-09-11,Eagles,Browns,2,3:00,2,7,PHI 24,10-7,17,0.21,1.66,1.45
2016-12-04,Bears,49ers,1,11:15,2,7,CHI 37,0-0,17,1.06,2.52,1.46
2014-10-12,Browns,Steelers,2,6:22,2,7,PIT 47,14-3,16,2.12,3.51,1.39
2015-09-27,Cardinals,49ers,2,11:11,2,7,CRD 27,21-0,15,0.4,1.73,1.33
2015-10-11,Buccaneers,Jaguars,1,12:33,2,7,JAX 42,0-0,15,2.45,3.78,1.33
2015-10-25,Rams,Browns,2,5:58,2,7,CLE 46,10-3,15,2.19,3.51,1.32
2016-10-27,Titans,Jaguars,2,8:19,2,7,OTI 41,17-0,15,1.33,2.65,1.32
2014-10-26,Rams,Chiefs,1,7:13,2,7,RAM 20,7-0,14,-0.06,1.2,1.26
2014-10-26,Panthers,Seahawks,2,6:39,2,7,SEA 38,6-3,14,2.71,3.58,.87
2014-12-07,Panthers,Saints,2,12:49,2,7,CAR 23,17-3,14,0.14,1.4,1.26
2016-11-13,Jets,Rams,2,2:40,2,7,NYJ 22,6-3,14,0.07,1.33,1.26
2015-10-25,Lions,Vikings,2,7:17,2,7,MIN 39,14-6,13,2.65,3.84,1.19
2016-10-10,Buccaneers,Panthers,1,3:26,2,7,TAM 42,3-0,13,1.39,2.59,1.20
2014-10-26,Jets,Bills,2,8:52,2,7,NYJ 19,7-21,12,-0.18,-0.14,.04
2014-11-30,Steelers,Saints,1,8:59,2,7,PIT 38,0-0,12,1.13,2.26,1.13
2015-11-29,Bengals,Rams,2,6:03,2,7,CIN 47,10-7,12,1.72,2.85,1.13
2015-09-14,49ers,Vikings,2,3:19,2,7,SFO 39,0-0,12,1.2,2.32,1.12
2016-12-04,49ers,Bears,1,5:22,2,7,SFO 15,0-0,12,-0.5,0.74,1.24
2014-09-21,Titans,Bengals,2,14:15,2,7,OTI 32,0-10,11,0.73,1.8,1.07
2014-12-21,Seahawks,Cardinals,1,12:33,2,7,SEA 34,0-0,11,0.87,1.93,1.06
2015-12-21,Saints,Lions,1,6:33,2,7,NOR 30,0-7,11,0.6,1.66,1.06
2015-10-25,Jets,Patriots,1,4:25,2,7,NYJ 20,3-3,11,-0.06,1,1.06
2015-12-27,49ers,Lions,1,12:28,2,7,DET 35,0-0,11,2.91,3.97,1.06
2014-12-14,Jets,Titans,2,5:15,2,7,NYJ 28,0-5,10,0.47,1.47,1.00
2014-11-23,Buccaneers,Bears,2,4:04,2,7,TAM 40,7-0,10,1.26,2.26,1.00
2014-10-26,Steelers,Colts,1,5:42,2,7,PIT 27,7-3,10,0.4,1.4,1.00
2016-10-02,Titans,Texans,1,4:56,2,7,OTI 31,0-14,10,0.67,1.66,.99
2016-11-20,Cardinals,Vikings,2,14:24,2,7,CRD 39,7-7,10,1.2,2.19,.99
2016-11-27,Buccaneers,Seahawks,2,8:38,2,7,TAM 42,14-5,10,1.39,2.39,1.00
2016-12-24,Jaguars,Titans,1,9:00,2,7,JAX 29,7-0,10,0.54,1.53,.99
2014-09-14,Falcons,Bengals,1,2:36,2,7,CIN 40,0-3,9,2.58,3.51,.93
2015-11-22,Cardinals,Bengals,1,12:54,2,7,CRD 45,0-0,9,1.59,2.52,.93
2016-10-09,Cowboys,Bengals,1,14:20,2,7,DAL 39,0-0,9,1.2,2.13,.93
2016-09-18,Titans,Lions,1,12:03,2,7,OTI 22,0-0,9,0.07,1,.93
2016-12-04,Jaguars,Broncos,2,5:54,2,7,JAX 49,3-7,9,1.86,2.79,.93
2014-10-26,Panthers,Seahawks,1,12:10,2,7,CAR 32,0-0,8,0.73,1.6,.87
2014-09-28,Bears,Packers,1,14:22,2,7,CHI 23,0-0,8,0.14,1,.86
2014-12-14,Panthers,Buccaneers,1,4:40,2,7,CAR 39,3-7,8,1.2,2.06,.86
2014-10-02,Vikings,Packers,2,4:17,2,7,MIN 23,0-28,8,0.14,1,.86
2014-11-16,Eagles,Packers,2,10:16,2,7,PHI 23,3-24,8,0.14,1,.86
2015-12-27,Saints,Jaguars,1,13:53,2,7,NOR 44,0-0,8,1.53,2.39,.86
2015-12-06,Patriots,Eagles,2,11:19,2,7,PHI 40,7-0,8,2.58,3.45,.87
2015-12-17,Buccaneers,Rams,1,11:19,2,7,TAM 23,0-7,8,0.14,1,.86
2015-12-20,Chiefs,Ravens,1,13:11,2,7,KAN 25,0-0,8,0.27,1.14,.87
2015-10-18,Panthers,Seahawks,1,4:54,2,7,CAR 23,0-3,8,0.14,1,.86
2016-10-09,Falcons,Broncos,1,8:12,2,7,ATL 31,7-0,8,0.67,1.53,.86
2016-09-25,Dolphins,Browns,1,12:15,2,7,MIA 42,0-0,8,1.39,2.26,.87
2016-10-23,Bengals,Browns,1,7:37,2,7,CIN 40,7-0,8,1.26,2.13,.87
2016-09-11,Jets,Bengals,2,7:20,2,7,NYJ 48,13-10,8,1.79,2.65,.86
2016-11-13,Cowboys,Steelers,1,9:16,2,7,DAL 43,0-6,8,1.46,2.32,.86
2014-11-16,49ers,Giants,1,10:39,2,7,NYG 39,0-0,7,2.65,3.45,.80
2014-12-28,Chiefs,Chargers,1,11:21,2,7,KAN 34,0-0,7,0.87,1.66,.79
2014-12-14,Bengals,Browns,1,14:10,2,7,CIN 22,0-0,7,0.07,0.87,.80
2015-12-20,Vikings,Bears,1,3:01,2,7,MIN 32,7-0,7,0.73,1.53,.80
2015-10-04,Buccaneers,Panthers,1,9:10,2,7,CAR 37,0-10,7,2.78,3.58,.80
2015-11-29,Texans,Saints,2,5:56,2,7,HTX 26,14-3,7,0.34,1.14,.80
2015-12-06,Broncos,Chargers,2,10:58,2,7,SDG 37,14-0,7,2.78,3.58,.80
2015-10-11,Falcons,Redskins,1,12:11,2,7,ATL 28,0-0,7,0.47,1.27,.80
2015-10-25,Titans,Falcons,2,14:13,2,7,OTI 44,0-0,7,1.53,2.32,.79
2015-09-14,Vikings,49ers,2,14:08,2,7,MIN 35,0-0,7,0.93,1.73,.80
2016-10-23,Jets,Ravens,1,3:47,2,7,NYJ 27,0-10,7,0.4,1.2,.80
2016-10-30,Packers,Falcons,1,9:06,2,7,GNB 28,0-3,7,0.47,1.27,.80
2016-12-18,Cowboys,Buccaneers,2,11:07,2,7,DAL 39,10-3,7,1.2,1.99,.79
2014-10-26,Jets,Bills,2,4:51,2,7,NYJ 40,7-24,6,1.26,1.36,.10
2014-09-07,Panthers,Buccaneers,1,14:26,2,7,CAR 23,0-0,6,0.14,0.23,.09
2014-09-07,Chiefs,Titans,1,14:19,2,7,KAN 29,0-0,6,0.54,0.63,.09
2014-10-16,Jets,Patriots,1,11:09,2,7,NWE 44,0-7,6,2.32,2.41,.09
2014-09-07,Dolphins,Patriots,2,14:28,2,7,NWE 44,7-10,6,2.32,2.41,.09
2014-11-09,Raiders,Broncos,2,5:31,2,7,RAI 23,10-6,6,0.14,0.23,.09
2014-09-14,Chargers,Seahawks,1,6:36,2,7,SEA 47,0-0,6,2.12,2.21,.09
2014-09-11,Steelers,Ravens,2,14:31,2,7,PIT 23,0-7,6,0.14,0.23,.09
2014-12-01,Jets,Dolphins,2,8:09,2,7,NYJ 23,10-0,6,0.14,0.23,.09
2014-12-28,Seahawks,Rams,1,4:26,2,7,RAM 48,0-3,6,2.05,2.15,.10
2015-10-05,Lions,Seahawks,1,5:20,2,7,DET 37,0-0,6,1.06,1.16,.10
2015-11-22,Rams,Ravens,2,9:36,2,7,RAM 46,7-0,6,1.66,1.75,.09
2015-10-08,Texans,Colts,2,15:00,2,7,HTX 34,0-10,6,0.87,0.96,.09
2015-09-20,Ravens,Raiders,2,12:20,2,7,RAV 23,10-17,6,0.14,0.23,.09
2015-12-06,Jaguars,Titans,1,3:30,2,7,JAX 28,0-7,6,0.47,0.56,.09
2015-12-27,Chiefs,Browns,1,11:01,2,7,CLE 35,0-0,6,2.91,3.01,.10
2016-09-25,Bengals,Broncos,1,3:26,2,7,CIN 45,7-3,6,1.59,1.69,.10
2016-10-23,Falcons,Chargers,2,12:53,2,7,ATL 28,6-10,6,0.47,0.56,.09
2016-10-16,Steelers,Dolphins,2,3:49,2,7,PIT 40,8-9,6,1.26,1.36,.10
2016-10-02,Redskins,Browns,2,7:06,2,7,WAS 40,14-14,6,1.26,1.36,.10
2016-11-06,Titans,Chargers,1,3:30,2,7,OTI 28,0-9,6,0.47,0.56,.09
2016-11-27,Giants,Browns,2,13:32,2,7,NYG 47,0-0,6,1.72,1.82,.10
2016-12-25,Chiefs,Broncos,2,4:43,2,7,KAN 41,21-10,6,1.33,1.42,.09
2016-12-24,Colts,Raiders,2,12:30,2,7,RAI 45,0-7,6,2.25,2.34,.09
2017-01-01,Bills,Jets,2,8:16,2,7,BUF 37,0-7,6,1.06,1.16,.10
2017-01-01,Ravens,Bengals,1,9:47,2,7,RAV 28,0-7,6,0.47,0.56,.09
2014-12-07,Panthers,Saints,2,11:34,2,7,CAR 40,17-3,5,1.26,1.22,-0.04
2014-09-14,Falcons,Bengals,1,4:37,2,7,ATL 35,0-3,5,0.93,0.89,-0.04
2014-09-14,Titans,Cowboys,1,10:27,2,7,OTI 23,0-0,5,0.14,0.1,-0.04
2014-09-29,Chiefs,Patriots,1,6:29,2,7,NWE 40,0-0,5,2.58,2.54,-0.04
2014-09-21,Broncos,Seahawks,1,7:12,2,7,SEA 37,0-3,5,2.78,2.74,-0.04
2014-10-19,Jaguars,Browns,1,10:34,2,7,JAX 40,0-0,5,1.26,1.22,-0.04
2014-10-05,Colts,Ravens,2,6:43,2,7,CLT 39,3-0,5,1.2,1.16,-0.04
2014-10-12,Bills,Patriots,2,7:18,2,7,BUF 48,0-7,5,1.79,1.75,-0.04
2014-12-28,Raiders,Broncos,1,9:04,2,7,RAI 23,0-3,5,0.14,0.1,-0.04
2014-09-11,Steelers,Ravens,1,13:10,2,7,PIT 39,0-0,5,1.2,1.16,-0.04
2014-11-30,Panthers,Vikings,1,6:18,2,7,CAR 23,0-14,5,0.14,0.1,-0.04
2014-11-16,Saints,Bengals,1,13:14,2,7,NOR 44,0-0,5,1.53,1.49,-0.04
2014-10-19,Redskins,Titans,1,2:31,2,7,WAS 37,3-3,5,1.06,1.03,-0.03
2016-01-03,Bears,Lions,1,5:42,2,7,DET 35,0-7,5,2.91,2.87,-0.04
2015-11-29,Raiders,Titans,2,6:33,2,7,RAI 43,7-6,5,1.46,1.42,-0.04
2015-11-01,Vikings,Bears,2,5:37,2,7,CHI 48,10-3,5,2.05,2.01,-0.04
2015-11-26,Packers,Bears,1,9:57,2,7,GNB 44,0-0,5,1.53,1.49,-0.04
2015-11-05,Browns,Bengals,1,6:35,2,7,CLE 23,0-7,5,0.14,0.1,-0.04
2015-09-20,Bears,Cardinals,1,4:03,2,7,CHI 47,0-7,5,1.72,1.69,-0.03
2015-09-13,Cowboys,Giants,1,10:59,2,7,DAL 43,0-0,5,1.46,1.42,-0.04
2015-11-08,Titans,Saints,2,6:24,2,7,OTI 32,17-21,5,0.73,0.7,-0.03
2015-11-09,Bears,Chargers,2,12:30,2,7,CHI 31,0-7,5,0.67,0.63,-0.04
2015-12-20,Broncos,Steelers,1,8:31,2,7,DEN 48,0-7,5,1.79,1.75,-0.04
2015-10-05,Lions,Seahawks,2,9:21,2,7,DET 35,0-7,5,0.93,0.89,-0.04
2016-10-09,Bengals,Cowboys,2,14:01,2,7,CIN 20,0-14,5,-0.06,-0.24,-0.18
2016-10-23,49ers,Buccaneers,1,4:09,2,7,SFO 16,7-0,5,-0.44,-0.47,-0.03
2016-12-18,Jaguars,Texans,1,3:45,2,7,JAX 39,0-0,5,1.2,1.16,-0.04
2016-12-18,Giants,Lions,2,13:25,2,7,NYG 28,7-3,5,0.47,0.43,-0.04
2014-10-12,Steelers,Browns,1,9:22,2,7,50,0-0,4,1.92,1.75,-0.17
2014-10-19,Falcons,Ravens,1,11:12,2,7,ATL 23,0-7,4,0.14,-0.03,-0.17
2014-12-28,Jets,Dolphins,2,10:05,2,7,NYJ 24,7-10,4,0.21,0.04,-0.17
2014-12-21,Texans,Ravens,1,3:07,2,7,HTX 38,3-0,4,1.13,0.96,-0.17
2014-11-09,Saints,49ers,1,12:28,2,7,NOR 26,0-7,4,0.34,0.17,-0.17
2014-11-16,Patriots,Colts,2,7:57,2,7,NWE 35,7-3,4,0.93,0.76,-0.17
2014-12-21,Cardinals,Seahawks,2,12:53,2,7,SEA 37,0-0,4,2.78,2.61,-0.17
2014-09-07,Chiefs,Titans,1,12:23,2,7,OTI 48,0-0,4,2.05,1.88,-0.17
2014-10-12,Lions,Vikings,1,5:30,2,7,DET 36,7-0,4,1,0.83,-0.17
2014-12-28,Browns,Ravens,2,6:48,2,7,RAV 36,0-3,4,2.85,2.68,-0.17
2015-12-13,Packers,Cowboys,1,13:16,2,7,GNB 23,0-0,4,0.14,-0.03,-0.17
2015-11-22,Chiefs,Chargers,2,10:01,2,7,SDG 47,6-3,4,2.12,1.95,-0.17
2015-10-11,Raiders,Broncos,2,13:10,2,7,RAI 37,0-3,4,1.06,0.89,-0.17
2015-12-27,Jets,Patriots,1,9:11,2,7,NYJ 37,0-0,4,1.06,0.89,-0.17
2015-11-01,Bears,Vikings,1,5:14,2,7,CHI 19,3-0,4,-0.18,-0.45,-0.27
2015-09-13,Ravens,Broncos,2,8:06,2,7,DEN 37,0-6,4,2.78,2.61,-0.17
2015-12-13,Rams,Lions,1,13:20,2,7,RAM 33,0-0,4,0.8,0.63,-0.17
2015-09-13,Jets,Browns,1,14:24,2,7,NYJ 23,0-0,4,0.14,-0.03,-0.17
2016-01-03,Bears,Lions,1,9:42,2,7,CHI 21,0-7,4,0.01,-0.27,-0.28
2015-11-22,Bengals,Cardinals,2,5:46,2,7,CIN 35,7-7,4,0.93,0.76,-0.17
2015-12-06,Vikings,Seahawks,1,12:47,2,7,MIN 33,0-0,4,0.8,0.63,-0.17
2016-01-03,Falcons,Saints,1,7:35,2,7,NOR 37,0-0,4,2.78,2.61,-0.17
2015-10-11,Saints,Eagles,2,11:06,2,7,NOR 16,7-7,4,-0.44,-0.59,-0.15
2016-11-13,Saints,Broncos,2,13:12,2,7,NOR 28,0-10,4,0.47,0.3,-0.17
2016-11-27,Panthers,Raiders,1,14:23,2,7,CAR 28,0-0,4,0.47,0.3,-0.17
2016-12-04,Broncos,Jaguars,1,11:27,2,7,DEN 27,0-0,4,0.4,0.23,-0.17
2016-12-11,Bears,Lions,1,8:04,2,7,CHI 23,0-0,4,0.14,-0.03,-0.17
2016-12-12,Patriots,Ravens,1,5:18,2,7,NWE 29,2-0,4,0.54,0.37,-0.17
2017-01-01,Giants,Redskins,1,12:11,2,7,NYG 25,0-0,4,0.27,0.1,-0.17
2014-11-23,Browns,Falcons,1,3:36,2,7,ATL 44,0-7,3,2.32,2.01,-0.31
2014-12-04,Cowboys,Bears,1,4:17,2,7,DAL 34,0-0,3,0.87,0.56,-0.31
2014-09-07,Dolphins,Patriots,2,5:10,2,7,NWE 47,7-17,3,2.12,1.82,-0.30
2014-10-19,Jaguars,Browns,2,3:46,2,7,JAX 23,0-6,3,0.14,-0.16,-0.30
2014-12-21,Buccaneers,Packers,1,12:40,2,7,TAM 21,0-0,3,0.01,-0.4,-0.41
2014-12-20,Eagles,Redskins,1,5:38,2,7,PHI 24,0-3,3,0.21,-0.1,-0.31
2014-12-28,Chargers,Chiefs,1,4:07,2,7,KAN 46,0-3,3,2.19,1.88,-0.31
2014-12-07,Titans,Giants,1,7:10,2,7,OTI 33,0-3,3,0.8,0.5,-0.30
2014-11-02,Redskins,Vikings,1,13:11,2,7,WAS 34,0-0,3,0.87,0.56,-0.31
2014-11-02,Cardinals,Cowboys,1,9:43,2,7,CRD 34,0-7,3,0.87,0.56,-0.31
2014-09-04,Packers,Seahawks,2,10:38,2,7,GNB 35,7-10,3,0.93,0.63,-0.30
2014-12-14,Broncos,Chargers,1,3:01,2,7,DEN 45,3-0,3,1.59,1.29,-0.30
2014-09-21,Bills,Chargers,1,14:29,2,7,BUF 23,0-0,3,0.14,-0.16,-0.30
2014-09-14,Redskins,Jaguars,1,6:10,2,7,WAS 33,7-0,3,0.8,0.5,-0.30
2016-01-03,Jaguars,Texans,1,11:35,2,7,JAX 44,0-0,3,1.53,1.22,-0.31
2015-12-13,Saints,Buccaneers,1,12:35,2,7,NOR 43,0-0,3,1.46,1.16,-0.30
2015-10-25,Jets,Patriots,1,2:29,2,7,NWE 43,3-3,3,2.38,2.08,-0.30
2015-09-27,Saints,Panthers,1,14:28,2,7,NOR 23,0-0,3,0.14,-0.16,-0.30
2015-09-20,Panthers,Texans,1,12:42,2,7,CAR 18,0-0,3,-0.28,-0.63,-0.35
2015-12-20,Ravens,Chiefs,1,2:07,2,7,RAV 19,7-14,3,-0.18,-0.57,-0.39
2015-12-27,Chiefs,Browns,1,5:53,2,7,CLE 35,7-0,3,2.91,2.61,-0.30
2016-01-03,Cowboys,Redskins,2,13:49,2,7,DAL 39,0-21,3,1.2,-1.09,-2.29
2016-10-09,Dolphins,Titans,1,4:12,2,7,MIA 21,0-0,3,0.01,-0.4,-0.41
2016-10-16,Steelers,Dolphins,1,7:19,2,7,PIT 39,0-3,3,1.2,0.25,-0.95
2016-10-16,Bengals,Patriots,2,15:00,2,7,CIN 39,0-3,3,1.2,0.89,-0.31
2016-10-02,Raiders,Ravens,1,9:50,2,7,RAI 34,0-0,3,0.87,0.56,-0.31
2016-10-23,Raiders,Jaguars,1,3:59,2,7,RAI 23,3-0,3,0.14,-0.16,-0.30
2016-11-10,Ravens,Browns,1,8:19,2,7,CLE 40,0-0,3,2.58,2.28,-0.30
2016-09-12,Rams,49ers,1,2:36,2,7,RAM 24,0-7,3,0.21,-0.1,-0.31
2016-09-29,Dolphins,Bengals,2,2:57,2,7,MIA 30,7-13,3,0.6,0.3,-0.30
2016-10-27,Titans,Jaguars,1,6:30,2,7,JAX 39,0-0,3,2.65,2.34,-0.31
2016-10-09,Lions,Eagles,1,4:00,2,7,DET 42,7-0,3,1.39,1.09,-0.30
2016-11-06,Ravens,Steelers,2,7:10,2,7,PIT 44,7-0,3,2.32,2.01,-0.31
2016-11-13,Packers,Titans,1,14:22,2,7,OTI 46,0-0,3,2.19,1.88,-0.31
2016-11-27,Jets,Patriots,1,12:40,2,7,NYJ 42,0-0,3,1.39,1.09,-0.30
2016-12-04,Redskins,Cardinals,2,6:58,2,7,CRD 45,3-7,3,2.25,1.95,-0.30
2016-12-11,Texans,Colts,2,13:56,2,7,HTX 41,3-3,3,1.33,1.02,-0.31
2016-12-11,Jets,49ers,1,3:26,2,7,SFO 48,0-14,3,2.05,1.75,-0.30
2016-12-24,Texans,Bengals,2,13:40,2,7,HTX 21,0-0,3,0.01,-0.4,-0.41
2017-01-01,Raiders,Broncos,2,10:53,2,7,RAI 28,0-10,3,0.47,0.17,-0.30
2014-12-07,Colts,Browns,1,10:51,2,7,CLT 26,0-0,2,0.34,-0.1,-0.44
2014-12-28,Jets,Dolphins,2,4:22,2,7,MIA 48,14-10,2,2.05,1.62,-0.43
2014-10-26,Raiders,Browns,2,5:25,2,7,RAI 23,0-9,2,0.14,-0.3,-0.44
2014-11-24,Ravens,Saints,1,2:02,2,7,50,7-7,2,1.92,1.49,-0.43
2014-09-25,Redskins,Giants,1,6:56,2,7,WAS 18,0-7,2,-0.28,-0.76,-0.48
2014-12-07,Seahawks,Eagles,2,11:27,2,7,SEA 19,7-7,2,-0.18,-0.7,-0.52
2014-11-16,Vikings,Bears,2,12:24,2,7,MIN 23,10-7,2,0.14,-0.3,-0.44
2014-10-26,Raiders,Browns,2,14:19,2,7,RAI 23,0-6,2,0.14,-0.3,-0.44
2014-11-30,Packers,Patriots,2,12:08,2,7,GNB 31,13-7,2,0.67,0.23,-0.44
2014-09-21,Lions,Packers,2,10:25,2,7,GNB 35,9-7,2,2.91,2.48,-0.43
2014-09-07,Ravens,Bengals,1,8:36,2,7,RAV 36,0-3,2,1,0.56,-0.44
2014-10-19,Seahawks,Rams,2,11:46,2,7,SEA 40,3-14,2,1.26,0.83,-0.43
2014-11-30,Titans,Texans,1,4:14,2,7,OTI 23,0-14,2,0.14,-0.3,-0.44
2014-09-22,Jets,Bears,2,4:59,2,7,CHI 41,6-17,2,2.52,3.97,1.45
2014-09-21,Browns,Ravens,1,7:35,2,7,CLE 34,0-3,2,0.87,0.43,-0.44
2014-11-23,Giants,Cowboys,1,13:34,2,7,NYG 23,0-0,2,0.14,-0.3,-0.44
2014-12-21,Rams,Giants,2,3:19,2,7,NYG 43,3-20,2,2.38,1.95,-0.43
2014-11-02,Rams,49ers,2,11:18,2,7,RAM 35,3-10,2,0.93,0.5,-0.43
2014-10-26,Bills,Jets,1,5:44,2,7,NYJ 47,7-0,2,2.12,1.69,-0.43
2014-09-21,Lions,Packers,1,10:16,2,7,DET 33,7-0,2,0.8,0.37,-0.43
2014-09-28,Jaguars,Chargers,2,8:55,2,7,SDG 48,7-10,2,2.05,1.62,-0.43
2015-12-13,Bills,Eagles,2,13:41,2,7,PHI 38,7-7,2,2.71,2.28,-0.43
2015-09-27,49ers,Cardinals,2,6:05,2,7,SFO 45,0-28,2,1.59,-0.82,-2.41
2015-11-01,Texans,Titans,1,4:58,2,7,HTX 39,0-3,2,1.2,0.76,-0.44
2015-11-22,Chargers,Chiefs,1,8:47,2,7,SDG 18,0-0,2,-0.28,-0.76,-0.48
2015-11-08,Rams,Vikings,1,3:08,2,7,RAM 37,0-10,2,1.06,0.63,-0.43
2015-12-27,Packers,Cardinals,1,3:26,2,7,GNB 23,0-0,2,0.14,-0.3,-0.44
2015-10-25,Eagles,Panthers,2,11:15,2,7,CAR 49,0-7,2,1.99,0.91,-1.08
2015-09-13,Ravens,Broncos,1,14:33,2,7,RAV 23,0-0,2,0.14,-0.3,-0.44
2015-11-15,Ravens,Jaguars,2,13:46,2,7,RAV 39,0-7,2,1.2,0.76,-0.44
2015-12-27,Giants,Vikings,2,3:17,2,7,NYG 23,3-16,2,0.14,-0.3,-0.44
2015-11-22,Dolphins,Cowboys,1,9:07,2,7,MIA 48,0-0,2,1.79,1.36,-0.43
2016-01-03,Colts,Titans,1,6:50,2,7,CLT 16,3-0,2,-0.44,-0.83,-0.39
2015-10-18,Browns,Broncos,2,4:35,2,7,DEN 45,0-10,2,2.25,1.82,-0.43
2016-01-03,Redskins,Cowboys,2,12:00,2,7,WAS 26,21-0,2,0.34,-0.1,-0.44
2015-12-20,Packers,Raiders,1,14:19,2,7,GNB 19,0-0,2,-0.18,-0.7,-0.52
2016-10-13,Chargers,Broncos,2,2:00,2,7,DEN 48,10-3,2,2.05,1.62,-0.43
2016-10-09,Dolphins,Titans,1,11:18,2,7,MIA 18,0-0,2,-0.28,-0.76,-0.48
2016-11-06,Eagles,Giants,1,11:52,2,7,PHI 28,0-7,2,0.47,0.04,-0.43
2016-09-11,Patriots,Cardinals,1,3:18,2,7,CRD 45,7-0,2,2.25,1.82,-0.43
2016-09-11,Jets,Bengals,2,5:56,2,7,CIN 41,13-10,2,2.52,2.08,-0.44
2016-10-09,Browns,Patriots,1,14:32,2,7,CLE 30,0-0,2,0.6,0.17,-0.43
2016-11-13,Saints,Broncos,1,5:13,2,7,NOR 28,0-7,2,0.47,0.04,-0.43
2016-12-11,Lions,Bears,1,13:27,2,7,DET 36,0-0,2,1,0.56,-0.44
2016-12-18,Texans,Jaguars,1,8:29,2,7,HTX 47,0-0,2,1.72,1.29,-0.43
2016-12-24,Rams,49ers,2,7:05,2,7,RAM 37,14-7,2,1.06,0.63,-0.43
2017-01-01,Bears,Vikings,1,11:03,2,7,CHI 28,0-7,2,0.47,0.04,-0.43
2014-11-16,Eagles,Packers,1,3:02,2,7,PHI 33,0-10,1,0.8,0.23,-0.57
2014-12-07,Dolphins,Ravens,2,6:30,2,7,MIA 34,10-0,1,0.87,0.3,-0.57
2014-10-19,Cowboys,Giants,2,7:12,2,7,DAL 23,7-14,1,0.14,-0.43,-0.57
2014-10-05,Buccaneers,Saints,2,15:00,2,7,TAM 23,0-6,1,0.14,-0.43,-0.57
2014-11-02,Patriots,Broncos,1,8:27,2,7,DEN 36,0-0,1,2.85,2.28,-0.57
2014-11-09,Cowboys,Jaguars,1,13:04,2,7,JAX 37,0-0,1,2.78,2.21,-0.57
2014-10-23,Broncos,Chargers,2,2:24,2,7,DEN 29,7-7,1,0.54,-0.03,-0.57
2014-12-28,Buccaneers,Saints,2,3:40,2,7,TAM 45,10-7,1,1.59,1.03,-0.56
2015-11-01,Chargers,Ravens,2,14:27,2,7,RAV 40,3-6,1,2.58,2.01,-0.57
2016-01-03,Cardinals,Seahawks,1,13:42,2,7,CRD 38,0-0,1,1.13,0.56,-0.57
2015-11-01,Packers,Broncos,2,5:08,2,7,DEN 48,0-17,1,2.05,1.49,-0.56
2015-10-04,Jets,Dolphins,2,12:04,2,7,NYJ 40,10-0,1,1.26,0.7,-0.56
2015-11-22,Chiefs,Chargers,2,2:00,2,7,KAN 17,9-3,1,-0.37,-0.92,-0.55
2015-12-06,Chargers,Broncos,2,14:25,2,7,SDG 27,0-14,1,0.4,-0.91,-1.31
2015-12-20,Texans,Colts,1,13:45,2,7,HTX 46,0-0,1,1.66,1.09,-0.57
2015-12-27,Bills,Cowboys,2,2:47,2,7,BUF 49,6-6,1,1.86,-0.04,-1.90
2016-10-02,Buccaneers,Broncos,1,14:23,2,7,TAM 28,0-0,1,0.47,-0.1,-0.57
2016-11-20,Rams,Dolphins,2,11:28,2,7,RAM 42,7-0,1,1.39,0.83,-0.56
2016-11-27,Jaguars,Bills,2,9:33,2,7,JAX 46,7-0,1,1.66,1.09,-0.57
2016-12-04,Jaguars,Broncos,1,4:00,2,7,JAX 17,0-0,1,-0.37,-0.92,-0.55
2016-12-25,Ravens,Steelers,1,13:58,2,7,PIT 43,0-0,1,2.38,1.82,-0.56
2014-10-26,Chiefs,Rams,1,2:12,2,7,50,0-7,0,1.92,1.22,-0.70
2014-11-09,Rams,Cardinals,1,14:26,2,7,RAM 23,0-0,0,0.14,-0.56,-0.70
2014-12-14,Packers,Bills,1,14:03,2,7,GNB 35,0-0,0,0.93,0.23,-0.70
2015-12-21,Lions,Saints,2,9:05,2,7,DET 47,14-3,0,1.72,1.03,-0.69
2015-11-15,Cardinals,Seahawks,1,7:49,2,7,50,0-0,0,1.92,1.22,-0.70
2015-09-20,Texans,Panthers,1,5:00,2,7,HTX 34,3-0,0,0.87,0.17,-0.70
2015-11-22,Bears,Broncos,1,10:07,2,7,CHI 47,0-7,0,1.72,1.03,-0.69
2015-12-13,Steelers,Bengals,2,5:51,2,7,PIT 23,13-7,0,0.14,-0.56,-0.70
2015-12-06,Jets,Giants,1,14:26,2,7,NYJ 23,0-0,0,0.14,-0.56,-0.70
2015-12-13,Colts,Jaguars,1,2:28,2,7,CLT 35,3-3,0,0.93,0.23,-0.70
2016-09-18,Redskins,Cowboys,1,7:49,2,7,DAL 38,0-3,0,2.71,2.02,-0.69
2016-10-23,Steelers,Patriots,1,14:19,2,7,PIT 28,0-0,0,0.47,-0.23,-0.70
2016-10-09,Steelers,Jets,1,11:10,2,7,PIT 28,0-3,0,0.47,-0.23,-0.70
2016-09-25,Vikings,Panthers,1,10:11,2,7,MIN 23,0-3,0,0.14,-0.56,-0.70
2016-12-24,49ers,Rams,2,13:57,2,7,RAM 47,7-14,0,2.12,1.42,-0.70
2016-12-24,49ers,Rams,2,8:41,2,7,SFO 17,7-14,0,-0.37,-1.04,-0.67
2014-11-27,49ers,Seahawks,1,6:24,2,7,SFO 31,0-0,-1,0.67,-0.16,-0.83
2014-09-28,Colts,Titans,1,13:20,2,7,CLT 36,0-0,-1,1,0.17,-0.83
2014-11-02,Texans,Eagles,1,12:17,2,7,HTX 47,0-0,-1,1.72,0.89,-0.83
2014-09-28,Jaguars,Chargers,1,12:08,2,7,JAX 24,0-0,-1,0.21,-0.63,-0.84
2014-12-28,Bears,Vikings,2,2:00,2,7,CHI 47,0-3,-1,1.72,0.89,-0.83
2015-10-25,Falcons,Titans,1,8:53,2,7,ATL 43,0-0,-1,1.46,0.63,-0.83
2015-12-13,Broncos,Raiders,1,13:02,2,7,RAI 39,0-0,-1,2.65,1.82,-0.83
2015-10-11,Browns,Ravens,2,12:11,2,7,CLE 19,3-14,-1,-0.18,-1.07,-0.89
2015-11-29,Jaguars,Chargers,1,2:25,2,7,JAX 28,6-0,-1,0.47,-0.36,-0.83
2015-10-29,Dolphins,Patriots,2,2:50,2,7,MIA 23,0-12,-1,0.14,-0.69,-0.83
2015-12-07,Redskins,Cowboys,1,11:59,2,7,DAL 35,0-0,-1,2.91,2.08,-0.83
2016-01-03,Raiders,Chiefs,1,8:17,2,7,KAN 47,0-7,-1,2.12,1.29,-0.83
2015-11-15,Giants,Patriots,2,10:16,2,7,NWE 43,7-10,-1,2.38,1.55,-0.83
2015-11-01,Cardinals,Browns,1,12:20,2,7,CRD 33,0-0,-1,0.8,-0.03,-0.83
2015-11-29,Jets,Dolphins,2,15:00,2,7,NYJ 34,7-0,-1,0.87,0.04,-0.83
2016-01-03,Patriots,Dolphins,1,13:20,2,7,NWE 19,0-0,-1,-0.18,-1.07,-0.89
2016-12-04,Patriots,Rams,2,9:02,2,7,NWE 41,14-0,-1,1.33,0.5,-0.83
2014-12-14,49ers,Seahawks,1,7:37,2,7,SFO 34,0-0,-2,0.87,-0.1,-0.97
2014-11-23,Colts,Jaguars,1,3:31,2,7,CLT 16,3-3,-2,-0.44,-1.3,-0.86
2014-12-07,Eagles,Seahawks,2,10:17,2,7,50,7-7,-2,1.92,0.96,-0.96
2014-10-30,Saints,Panthers,2,10:08,2,7,NOR 31,0-0,-2,0.67,-0.3,-0.97
2014-12-28,Seahawks,Rams,2,13:42,2,7,SEA 38,0-3,-2,1.13,0.17,-0.96
2015-11-01,Cowboys,Seahawks,2,10:04,2,7,DAL 28,3-3,-2,0.47,-0.49,-0.96
2016-01-03,Buccaneers,Panthers,1,8:30,2,7,TAM 20,0-0,-2,-0.06,-1.13,-1.07
2015-12-13,Falcons,Panthers,1,9:47,2,7,ATL 45,0-7,-2,1.59,0.63,-0.96
2016-10-16,Bengals,Patriots,1,9:11,2,7,CIN 44,0-3,-2,1.53,0.56,-0.97
2016-10-02,Cardinals,Rams,1,14:24,2,7,CRD 28,0-0,-2,0.47,-0.49,-0.96
2016-09-18,Saints,Giants,1,10:33,2,7,NOR 35,0-0,-2,0.93,-0.03,-0.96
2016-09-25,Titans,Raiders,2,5:02,2,7,RAI 47,3-10,-2,2.12,1.16,-0.96
2016-11-10,Ravens,Browns,2,5:03,2,7,RAV 48,3-7,-2,1.79,0.83,-0.96
2016-11-27,49ers,Dolphins,2,11:42,2,7,SFO 28,7-7,-2,0.47,-0.49,-0.96
2016-12-04,Eagles,Bengals,1,6:48,2,7,CIN 49,0-3,-2,1.99,1.02,-0.97
2014-12-07,Buccaneers,Lions,2,10:53,2,7,TAM 23,3-7,-3,0.14,-0.96,-1.10
2014-12-14,Broncos,Chargers,1,4:46,2,7,DEN 34,3-0,-3,0.87,-0.23,-1.10
2014-09-07,Rams,Vikings,2,13:13,2,7,RAM 42,0-6,-3,1.39,0.3,-1.09
2015-11-29,Seahawks,Steelers,2,4:43,2,7,PIT 46,7-10,-3,2.19,1.09,-1.10
2016-10-02,Chargers,Saints,1,9:51,2,7,SDG 32,0-7,-3,0.73,-0.36,-1.09
2016-12-24,Texans,Bengals,2,5:57,2,7,HTX 42,0-0,-3,1.39,0.3,-1.09
2017-01-01,Steelers,Browns,1,13:23,2,7,PIT 28,0-0,-3,0.47,-0.62,-1.09
2015-12-27,Steelers,Ravens,2,8:27,2,7,PIT 33,3-10,-4,0.8,-0.43,-1.23
2015-11-12,Jets,Bills,2,14:23,2,7,NYJ 25,3-0,-4,0.27,-0.96,-1.23
2015-11-08,Broncos,Colts,1,6:13,2,7,DEN 24,0-7,-4,0.21,-1.02,-1.23
2016-12-04,Bengals,Eagles,2,8:36,2,7,CIN 44,10-0,-4,1.53,0.3,-1.23
2014-10-19,Cardinals,Raiders,1,12:05,2,7,RAI 44,0-0,-5,2.32,0.96,-1.36
2016-10-02,Saints,Chargers,1,6:16,2,7,NOR 39,7-0,-6,1.2,-0.3,-1.50
2014-10-19,Chiefs,Chargers,2,10:03,2,7,KAN 49,7-7,-8,1.86,0.1,-1.76
2015-10-25,Eagles,Panthers,3,9:43,2,7,PHI 37,12-21,63,1.06,7,5.94
2015-09-27,Bills,Dolphins,4,6:54,2,7,MIA 41,40-14,41,2.52,7,4.48
2015-10-01,Ravens,Steelers,3,9:56,2,7,RAV 23,7-20,33,0.14,2.65,2.51
2014-11-27,Lions,Bears,4,4:49,2,7,DET 42,34-17,22,1.39,3.18,1.79
2015-11-22,Cowboys,Dolphins,3,14:22,2,7,DAL 23,14-7,20,0.14,1.8,1.66
2016-10-16,Dolphins,Steelers,3,12:34,2,7,MIA 41,16-8,20,1.33,3.97,2.64
2016-11-20,Bengals,Bills,3,9:53,2,7,CIN 35,12-13,20,0.93,2.59,1.66
2014-11-23,Cowboys,Giants,3,2:27,2,7,NYG 49,17-21,18,1.99,3.51,1.52
2014-11-23,Colts,Jaguars,4,2:57,2,7,CLT 29,23-3,18,0.54,2.06,1.52
2015-11-22,Rams,Ravens,3,6:55,2,7,RAV 46,7-3,16,2.19,3.58,1.39
2016-11-07,Bills,Seahawks,4,7:26,2,7,BUF 40,25-31,16,1.26,2.65,1.39
2014-10-26,Chiefs,Rams,4,12:49,2,7,KAN 24,27-7,15,0.21,1.53,1.32
2014-11-16,Panthers,Falcons,4,9:47,2,7,ATL 37,3-16,15,2.78,4.11,1.33
2015-12-13,49ers,Browns,3,14:18,2,7,SFO 25,3-10,15,0.27,1.6,1.33
2016-09-18,Raiders,Falcons,3,3:03,2,7,RAI 28,14-21,15,0.47,1.8,1.33
2016-12-11,Vikings,Jaguars,4,11:54,2,7,MIN 44,18-16,15,1.53,2.85,1.32
2014-11-02,49ers,Rams,3,3:02,2,7,RAM 47,10-10,13,2.12,3.31,1.19
2016-01-03,Redskins,Cowboys,3,6:08,2,7,DAL 46,24-14,13,2.19,3.38,1.19
2016-11-27,Broncos,Chiefs,3,12:32,2,7,DEN 40,3-9,13,1.26,2.46,1.20
2015-10-18,Vikings,Chiefs,4,11:47,2,7,MIN 48,13-3,12,1.79,2.92,1.13
2016-10-27,Jaguars,Titans,4,4:49,2,7,50,8-36,12,1.92,3.05,1.13
2016-10-09,Bears,Colts,4,10:13,2,7,CHI 19,16-19,12,-0.18,1,1.18
2014-11-02,Chargers,Dolphins,4,9:04,2,7,SDG 30,0-37,11,0.6,1.66,1.06
2016-12-18,Texans,Jaguars,3,11:43,2,7,HTX 19,11-13,11,-0.18,0.94,1.12
2016-12-24,Bills,Dolphins,4,2:09,2,7,BUF 48,24-28,11,1.79,2.85,1.06
2014-09-14,Falcons,Bengals,4,12:02,2,7,ATL 26,3-24,10,0.34,1.33,.99
2015-10-11,Jaguars,Buccaneers,3,12:38,2,7,TAM 42,14-20,10,2.45,3.45,1.00
2016-09-15,Bills,Jets,4,2:00,2,7,NYJ 39,24-37,10,2.65,3.64,.99
2016-10-30,Texans,Lions,4,2:47,2,7,DET 41,20-13,10,2.52,3.51,.99
2016-09-18,Lions,Titans,4,13:06,2,7,DET 46,15-10,10,1.66,2.65,.99
2016-11-24,Vikings,Lions,3,4:32,2,7,MIN 17,10-10,10,-0.37,0.74,1.11
2016-12-04,Texans,Packers,4,12:00,2,7,HTX 18,7-14,10,-0.28,0.81,1.09
2017-01-01,49ers,Seahawks,4,13:33,2,7,SFO 28,16-25,10,0.47,1.47,1.00
2014-11-23,Browns,Falcons,3,3:05,2,7,ATL 49,16-14,9,1.99,2.92,.93
2014-11-02,Eagles,Texans,4,9:01,2,7,HTX 46,24-21,9,2.19,3.12,.93
2015-09-14,49ers,Vikings,4,2:11,2,7,MIN 45,20-3,9,2.25,3.18,.93
2015-11-02,Colts,Panthers,3,8:55,2,7,CLT 37,6-10,9,1.06,1.99,.93
2016-09-11,Giants,Cowboys,4,3:00,2,7,NYG 45,20-19,9,1.59,2.52,.93
2016-09-18,Ravens,Browns,4,4:27,2,7,CLE 35,22-20,9,2.91,3.84,.93
2016-09-11,Patriots,Cardinals,3,3:51,2,7,NWE 28,17-14,9,0.47,1.4,.93
2016-10-30,Buccaneers,Raiders,3,4:49,2,7,TAM 28,10-17,9,0.47,1.4,.93
2016-10-30,Eagles,Cowboys,4,8:49,2,7,DAL 41,23-16,9,2.52,3.45,.93
2016-12-04,Panthers,Seahawks,3,14:10,2,7,CAR 28,7-30,9,0.47,1.4,.93
2014-12-18,Jaguars,Titans,4,3:57,2,7,JAX 35,21-13,8,0.93,1.8,.87
2014-09-28,Packers,Bears,3,14:22,2,7,GNB 33,21-17,8,0.8,1.66,.86
2015-09-20,Cardinals,Bears,3,9:53,2,7,CRD 28,35-20,8,0.47,1.33,.86
2015-12-20,Giants,Panthers,3,5:08,2,7,NYG 39,7-35,8,1.2,2.06,.86
2015-11-22,Cowboys,Dolphins,3,3:15,2,7,DAL 33,14-14,8,0.8,1.66,.86
2015-11-01,Cowboys,Seahawks,3,13:47,2,7,DAL 34,6-10,8,0.87,1.73,.86
2015-11-22,Eagles,Buccaneers,4,3:50,2,7,PHI 23,17-45,8,0.14,1,.86
2015-10-25,Eagles,Panthers,4,13:11,2,7,CAR 40,16-21,8,2.58,3.45,.87
2016-01-03,Redskins,Cowboys,3,9:23,2,7,WAS 26,24-14,8,0.34,1.2,.86
2016-09-18,Steelers,Bengals,3,13:32,2,7,PIT 36,10-6,8,1,1.86,.86
2016-11-13,Chiefs,Panthers,4,7:08,2,7,CAR 46,14-17,8,2.19,3.05,.86
2016-11-20,Rams,Dolphins,3,7:00,2,7,RAM 26,7-0,8,0.34,1.2,.86
2016-12-04,Jaguars,Broncos,4,10:06,2,7,JAX 48,10-17,8,1.79,2.65,.86
2016-12-08,Raiders,Chiefs,3,2:25,2,7,RAI 18,13-21,8,-0.28,0.67,.95
2016-12-11,Seahawks,Packers,4,4:32,2,7,SEA 33,10-38,8,0.8,1.66,.86
2014-11-16,Texans,Browns,3,12:07,2,7,HTX 42,14-7,7,1.39,2.52,1.13
2014-09-25,Giants,Redskins,4,10:50,2,7,WAS 43,38-14,7,2.38,3.18,.80
2014-10-12,Chargers,Raiders,4,4:00,2,7,RAI 36,24-28,7,2.85,3.64,.79
2014-09-14,Redskins,Jaguars,3,2:42,2,7,50,24-7,7,1.92,2.72,.80
2014-09-07,Rams,Vikings,3,13:44,2,7,RAM 33,0-13,7,0.8,1.6,.80
2016-09-08,Panthers,Broncos,3,14:22,2,7,CAR 28,17-7,7,0.47,1.27,.80
2014-12-28,Colts,Titans,4,13:47,2,7,OTI 35,20-10,6,2.91,3.01,.10
2014-11-02,Bengals,Jaguars,4,2:00,2,7,CIN 35,33-23,6,0.93,1.03,.10
2014-11-02,Browns,Buccaneers,3,13:22,2,7,TAM 45,9-10,6,2.25,2.34,.09
2014-11-20,Raiders,Chiefs,3,9:08,2,7,KAN 46,14-3,6,2.19,2.28,.09
2014-10-12,Cardinals,Redskins,4,7:50,2,7,WAS 43,23-13,6,2.38,2.48,.10
2014-12-28,Packers,Lions,3,6:58,2,7,GNB 43,14-14,6,1.46,1.55,.09
2014-12-07,Rams,Redskins,3,14:20,2,7,RAM 26,6-0,6,0.34,0.43,.09
2015-10-25,Titans,Falcons,4,13:25,2,7,OTI 16,7-10,6,-0.44,-0.35,.09
2015-11-19,Titans,Jaguars,4,10:12,2,7,OTI 15,13-9,6,-0.5,0.67,1.17
2015-11-15,Redskins,Saints,3,7:30,2,7,NOR 38,27-14,6,2.71,2.81,.10
2016-01-03,Titans,Colts,3,11:08,2,7,OTI 49,14-27,6,1.86,1.95,.09
2015-10-26,Cardinals,Ravens,4,12:18,2,7,CRD 35,20-10,6,0.93,1.03,.10
2015-11-08,Colts,Broncos,4,5:16,2,7,DEN 46,27-24,6,2.19,2.28,.09
2015-10-25,Cowboys,Giants,4,11:34,2,7,DAL 23,13-20,6,0.14,0.23,.09
2015-11-01,Broncos,Packers,4,4:37,2,7,GNB 47,29-10,6,2.12,2.21,.09
2015-12-27,Chiefs,Browns,4,6:36,2,7,KAN 17,17-13,6,-0.37,-0.32,.05
2015-11-15,Giants,Patriots,3,13:26,2,7,NYG 35,17-10,6,0.93,1.03,.10
2015-11-15,Panthers,Titans,4,6:01,2,7,OTI 43,20-10,6,2.38,2.48,.10
2016-11-24,Steelers,Colts,3,14:17,2,7,PIT 24,21-7,6,0.21,0.3,.09
2016-11-27,Titans,Bears,3,7:51,2,7,CHI 41,21-7,6,2.52,2.61,.09
2016-12-04,Giants,Steelers,4,14:28,2,7,PIT 40,7-21,6,2.58,2.68,.10
2017-01-01,Raiders,Broncos,3,7:41,2,7,RAI 28,0-24,6,0.47,0.56,.09
2014-09-07,Bills,Bears,3,7:44,2,7,BUF 43,17-10,5,1.46,1.42,-0.04
2014-11-23,Packers,Vikings,4,2:37,2,7,GNB 23,24-21,5,0.14,0.1,-0.04
2014-12-21,Lions,Bears,3,2:02,2,7,DET 23,10-14,5,0.14,0.1,-0.04
2014-10-05,Giants,Falcons,3,7:58,2,7,NYG 28,10-13,5,0.47,0.43,-0.04
2014-12-15,Saints,Bears,4,10:40,2,7,NOR 48,24-8,5,1.79,1.75,-0.04
2014-11-09,Rams,Cardinals,4,10:36,2,7,RAM 46,14-10,5,1.66,1.62,-0.04
2014-10-19,Dolphins,Bears,3,4:39,2,7,MIA 45,14-7,5,1.59,1.55,-0.04
2015-10-18,Vikings,Chiefs,4,6:01,2,7,MIN 48,13-10,5,1.79,1.75,-0.04
2015-09-20,Giants,Falcons,4,9:25,2,7,ATL 43,20-17,5,2.38,2.35,-0.03
2015-12-27,Bears,Buccaneers,4,5:44,2,7,CHI 45,23-14,5,1.59,1.55,-0.04
2015-09-27,Chargers,Vikings,4,3:37,2,7,MIN 42,7-31,5,2.45,2.41,-0.04
2015-11-02,Colts,Panthers,3,10:39,2,7,CLT 23,6-10,5,0.14,0.1,-0.04
2015-11-29,Bengals,Rams,3,14:29,2,7,CIN 23,17-7,5,0.14,0.1,-0.04
2015-11-15,Steelers,Browns,4,2:00,2,7,CLE 35,30-9,5,2.91,2.87,-0.04
2015-10-18,Broncos,Browns,3,9:52,2,7,DEN 27,10-7,5,0.4,0.37,-0.03
2016-01-03,Giants,Eagles,3,6:04,2,7,PHI 46,27-21,5,2.19,2.15,-0.04
2015-10-18,Jets,Redskins,4,2:07,2,7,NYJ 47,34-20,5,1.72,1.69,-0.03
2016-10-23,Vikings,Eagles,3,2:30,2,7,PHI 36,3-18,5,2.85,2.81,-0.04
2016-09-18,Panthers,49ers,4,15:00,2,7,CAR 29,31-10,5,0.54,0.5,-0.04
2016-11-20,Bengals,Bills,4,5:09,2,7,CIN 23,12-16,5,0.14,0.1,-0.04
2016-11-27,Bills,Jaguars,3,8:47,2,7,BUF 28,13-14,5,0.47,0.43,-0.04
2016-11-27,Raiders,Panthers,3,6:36,2,7,RAI 45,24-19,5,1.59,1.55,-0.04
2016-12-11,Titans,Broncos,3,7:24,2,7,OTI 17,13-0,5,-0.37,-0.44,-0.07
2014-10-12,Broncos,Jets,3,5:31,2,7,DEN 23,24-7,4,0.14,-0.03,-0.17
2014-10-19,Broncos,49ers,4,12:55,2,7,DEN 38,42-10,4,1.13,0.96,-0.17
2014-12-07,Lions,Buccaneers,3,9:41,2,7,DET 41,20-10,4,1.33,1.16,-0.17
2014-12-14,Jaguars,Ravens,3,8:04,2,7,JAX 23,12-17,4,0.14,-0.03,-0.17
2014-10-19,Dolphins,Bears,4,4:16,2,7,CHI 36,24-14,4,2.85,2.68,-0.17
2014-11-30,Bills,Browns,4,14:26,2,7,CLE 35,14-3,4,2.91,2.74,-0.17
2014-10-12,Eagles,Giants,4,8:47,2,7,PHI 34,27-0,4,0.87,0.7,-0.17
2014-11-30,Vikings,Panthers,3,4:38,2,7,MIN 21,28-13,4,0.01,-0.27,-0.28
2014-12-07,Eagles,Seahawks,3,7:59,2,7,PHI 33,14-24,4,0.8,0.63,-0.17
2014-10-05,Eagles,Rams,4,3:54,2,7,PHI 23,34-28,4,0.14,-0.03,-0.17
2015-11-01,Cardinals,Browns,4,5:15,2,7,CRD 47,31-20,4,1.72,1.55,-0.17
2015-12-20,Giants,Panthers,3,9:24,2,7,NYG 23,7-28,4,0.14,-0.03,-0.17
2015-09-13,Packers,Bears,3,3:50,2,7,GNB 25,17-16,4,0.27,0.1,-0.17
2015-12-13,Browns,49ers,4,5:48,2,7,CLE 46,24-3,4,1.66,1.49,-0.17
2015-10-11,Raiders,Broncos,3,10:41,2,7,RAI 23,7-6,4,0.14,-0.03,-0.17
2015-10-11,Buccaneers,Jaguars,4,3:08,2,7,JAX 45,38-24,4,2.25,2.08,-0.17
2015-12-20,Giants,Panthers,4,3:37,2,7,NYG 37,28-35,4,1.06,0.89,-0.17
2015-10-18,Jaguars,Texans,4,10:45,2,7,JAX 23,14-17,4,0.14,-0.03,-0.17
2015-10-18,Jets,Redskins,3,2:07,2,7,WAS 38,27-13,4,2.71,2.54,-0.17
2016-01-03,Falcons,Saints,3,4:03,2,7,ATL 43,17-17,4,1.46,1.29,-0.17
2016-09-25,Titans,Raiders,3,7:50,2,7,RAI 49,3-17,4,1.99,1.82,-0.17
2016-10-09,Patriots,Browns,4,3:28,2,7,CLE 49,33-13,4,1.99,1.82,-0.17
2016-10-16,Chiefs,Raiders,4,12:43,2,7,RAI 47,23-10,4,2.12,1.95,-0.17
2016-10-23,Seahawks,Cardinals,3,3:57,2,7,SEA 22,0-3,4,0.07,-0.16,-0.23
2016-12-25,Ravens,Steelers,4,11:00,2,7,RAV 43,20-17,4,1.46,1.29,-0.17
2014-12-14,Jets,Titans,3,14:20,2,7,NYJ 23,3-5,3,0.14,-0.16,-0.30
2014-11-23,Vikings,Packers,3,13:59,2,7,MIN 42,10-14,3,1.39,1.09,-0.30
2014-12-21,Giants,Rams,4,3:50,2,7,RAM 49,37-27,3,1.99,1.68,-0.31
2014-09-11,Ravens,Steelers,3,9:26,2,7,RAV 33,10-6,3,0.8,0.5,-0.30
2014-10-19,Bears,Dolphins,3,13:44,2,7,CHI 39,0-14,3,1.2,0.89,-0.31
2014-11-27,Seahawks,49ers,3,13:43,2,7,SEA 38,13-0,3,1.13,0.83,-0.30
2014-11-16,Packers,Eagles,4,6:30,2,7,GNB 25,53-20,3,0.27,-0.03,-0.30
2014-11-02,Rams,49ers,4,13:14,2,7,RAM 44,10-10,3,1.53,1.22,-0.31
2014-11-16,Patriots,Colts,4,3:41,2,7,CLT 47,42-20,3,2.12,1.82,-0.30
2014-09-25,Giants,Redskins,4,4:04,2,7,NYG 32,45-14,3,0.73,0.43,-0.30
2014-09-28,Dolphins,Raiders,4,13:34,2,7,MIA 41,38-7,3,1.33,1.02,-0.31
2014-12-21,Steelers,Chiefs,4,9:36,2,7,PIT 28,17-9,3,0.47,0.17,-0.30
2014-11-16,Rams,Broncos,4,13:28,2,7,DEN 40,16-7,3,2.58,2.28,-0.30
2014-09-14,Cowboys,Titans,4,10:57,2,7,OTI 40,23-10,3,2.58,2.28,-0.30
2014-09-29,Patriots,Chiefs,4,3:18,2,7,NWE 32,14-41,3,0.73,-1.55,-2.28
2014-12-28,Eagles,Giants,3,3:34,2,7,PHI 34,24-19,3,0.87,0.56,-0.31
2014-11-06,Browns,Bengals,4,5:31,2,7,CLE 36,24-3,3,1,0.7,-0.30
2014-11-30,Falcons,Cardinals,3,10:25,2,7,ATL 15,20-10,3,-0.5,-0.72,-0.22
2014-11-10,Eagles,Panthers,4,4:46,2,7,PHI 23,45-21,3,0.14,-0.16,-0.30
2014-12-07,Steelers,Bengals,4,2:52,2,7,PIT 24,42-21,3,0.21,-0.1,-0.31
2014-10-26,Browns,Raiders,4,6:08,2,7,CLE 25,16-6,3,0.27,-0.03,-0.30
2014-11-16,Bears,Vikings,4,2:59,2,7,CHI 30,21-13,3,0.6,0.3,-0.30
2014-10-19,Bills,Vikings,4,10:07,2,7,BUF 34,10-16,3,0.87,0.56,-0.31
2014-11-27,Eagles,Cowboys,4,2:42,2,7,PHI 24,33-10,3,0.21,-0.1,-0.31
2014-11-27,49ers,Seahawks,3,6:05,2,7,SFO 42,0-16,3,1.39,1.09,-0.30
2014-10-06,Seahawks,Redskins,4,2:41,2,7,SEA 47,24-17,3,1.72,1.42,-0.30
2014-11-06,Browns,Bengals,3,9:40,2,7,CLE 40,17-3,3,1.26,0.96,-0.30
2015-10-04,Falcons,Texans,4,6:07,2,7,ATL 40,42-14,3,1.26,0.96,-0.30
2015-10-25,Panthers,Eagles,3,2:25,2,7,PHI 49,21-16,3,1.99,1.68,-0.31
2015-09-10,Patriots,Steelers,4,3:55,2,7,NWE 30,28-14,3,0.6,0.3,-0.30
2015-09-27,Bills,Dolphins,3,5:09,2,7,BUF 23,27-8,3,0.14,-0.16,-0.30
2015-11-08,49ers,Falcons,4,2:52,2,7,SFO 23,17-16,3,0.14,-0.16,-0.30
2015-10-25,Raiders,Chargers,4,12:16,2,7,SDG 44,37-13,3,2.32,2.01,-0.31
2015-10-11,Seahawks,Bengals,4,15:00,2,7,SEA 19,24-7,3,-0.18,-0.57,-0.39
2015-10-12,Steelers,Chargers,3,12:22,2,7,SDG 45,3-7,3,2.25,1.95,-0.30
2015-11-01,Rams,49ers,3,5:34,2,7,RAM 47,20-6,3,1.72,1.42,-0.30
2015-12-27,Bears,Buccaneers,3,10:46,2,7,CHI 23,13-14,3,0.14,-0.16,-0.30
2015-10-11,Titans,Bills,3,10:26,2,7,BUF 36,3-0,3,2.85,2.54,-0.31
2015-10-25,Raiders,Chargers,4,4:58,2,7,SDG 35,37-21,3,2.91,2.61,-0.30
2015-12-06,Bengals,Browns,4,3:48,2,7,CIN 45,37-3,3,1.59,1.29,-0.30
2015-11-01,Packers,Broncos,3,10:45,2,7,DEN 36,7-17,3,2.85,2.54,-0.31
2016-01-03,Bills,Jets,4,6:46,2,7,NYJ 38,19-17,3,2.71,2.41,-0.30
2015-10-04,Rams,Cardinals,4,3:52,2,7,RAM 17,24-22,3,-0.37,-0.68,-0.31
2015-11-01,Seahawks,Cowboys,3,8:08,2,7,SEA 29,10-9,3,0.54,0.23,-0.31
2015-12-20,Redskins,Bills,4,7:51,2,7,WAS 47,35-17,3,1.72,1.42,-0.30
2015-09-27,Vikings,Chargers,4,9:39,2,7,SDG 42,31-7,3,2.45,2.15,-0.30
2016-11-14,Giants,Bengals,3,13:28,2,7,NYG 28,14-17,3,0.47,0.17,-0.30
2016-10-23,Falcons,Chargers,3,11:03,2,7,ATL 39,27-17,3,1.2,0.89,-0.31
2016-10-03,Vikings,Giants,4,5:29,2,7,MIN 39,24-10,3,1.2,0.89,-0.31
2016-10-30,Bengals,Redskins,3,13:24,2,7,50,7-10,3,1.92,1.62,-0.30
2016-09-18,Colts,Broncos,3,12:22,2,7,CLT 43,6-13,3,1.46,1.16,-0.30
2016-11-20,Seahawks,Eagles,3,5:28,2,7,SEA 25,23-7,3,0.27,-0.03,-0.30
2016-11-24,Steelers,Colts,4,2:31,2,7,PIT 47,28-7,3,1.72,1.42,-0.30
2016-12-04,Jaguars,Broncos,3,8:23,2,7,JAX 46,3-10,3,1.66,1.35,-0.31
2016-12-08,Raiders,Chiefs,4,3:54,2,7,KAN 39,13-21,3,2.65,2.34,-0.31
2016-12-11,Giants,Cowboys,4,2:08,2,7,DAL 35,10-7,3,2.91,2.61,-0.30
2016-12-11,Buccaneers,Saints,4,5:08,2,7,NOR 47,16-11,3,2.12,1.82,-0.30
2017-01-01,Dolphins,Patriots,3,13:22,2,7,MIA 38,7-20,3,1.13,0.83,-0.30
2014-09-22,Bears,Jets,4,15:00,2,7,CHI 28,24-16,2,0.47,0.04,-0.43
2014-10-05,Chargers,Jets,4,9:37,2,7,NYJ 42,31-0,2,2.45,2.01,-0.44
2014-09-28,Chargers,Jaguars,3,14:34,2,7,SDG 23,17-14,2,0.14,-0.3,-0.44
2014-09-28,Colts,Titans,4,8:29,2,7,CLT 34,41-17,2,0.87,0.43,-0.44
2014-12-28,Buccaneers,Saints,4,8:12,2,7,TAM 33,20-14,2,0.8,0.37,-0.43
2014-12-14,Bills,Packers,3,10:14,2,7,GNB 35,10-10,2,2.91,2.48,-0.43
2014-12-20,49ers,Chargers,4,4:23,2,7,SDG 42,35-28,2,2.45,2.01,-0.44
2014-11-03,Colts,Giants,4,3:13,2,7,CLT 28,40-24,2,0.47,0.04,-0.43
2014-09-15,Colts,Eagles,4,8:08,2,7,PHI 41,27-20,2,2.52,2.08,-0.44
2014-11-02,Seahawks,Raiders,3,11:37,2,7,SEA 35,24-10,2,0.93,0.5,-0.43
2014-12-28,Packers,Lions,4,6:34,2,7,GNB 40,28-14,2,1.26,0.83,-0.43
2014-12-28,Bengals,Steelers,3,14:22,2,7,CIN 33,10-20,2,0.8,0.37,-0.43
2015-11-22,Texans,Jets,4,8:13,2,7,HTX 26,24-10,2,0.34,-0.1,-0.44
2015-10-19,Eagles,Giants,4,11:22,2,7,NYG 44,24-7,2,2.32,1.88,-0.44
2016-01-03,Vikings,Packers,3,7:09,2,7,MIN 37,13-3,2,1.06,0.63,-0.43
2015-10-25,Rams,Browns,4,4:32,2,7,RAM 36,24-6,2,1,0.56,-0.44
2015-11-08,Raiders,Steelers,3,9:06,2,7,PIT 39,14-21,2,2.65,2.21,-0.44
2015-10-04,Eagles,Redskins,4,6:56,2,7,WAS 47,20-16,2,2.12,1.69,-0.43
2015-11-26,Lions,Eagles,4,7:36,2,7,DET 21,45-7,2,0.01,-0.53,-0.54
2016-01-03,Texans,Jaguars,4,5:48,2,7,JAX 46,20-6,2,2.19,1.75,-0.44
2015-11-19,Jaguars,Titans,3,14:30,2,7,JAX 23,6-6,2,0.14,-0.3,-0.44
2015-11-01,Cowboys,Seahawks,3,4:25,2,7,DAL 45,9-10,2,1.59,1.16,-0.43
2015-12-17,Rams,Buccaneers,4,4:13,2,7,RAM 35,31-16,2,0.93,0.5,-0.43
2016-10-23,Chiefs,Saints,4,13:11,2,7,KAN 37,24-14,2,1.06,0.63,-0.43
2016-09-25,Redskins,Giants,3,14:14,2,7,WAS 31,16-21,2,0.67,0.23,-0.44
2016-09-25,Raiders,Titans,4,2:21,2,7,OTI 48,17-10,2,2.05,1.62,-0.43
2016-11-13,Patriots,Seahawks,4,3:06,2,7,NWE 49,24-31,2,1.86,1.42,-0.44
2016-10-09,Rams,Bills,4,4:30,2,7,RAM 21,19-23,2,0.01,-0.53,-0.54
2016-09-25,Jaguars,Ravens,3,9:41,2,7,JAX 25,7-16,2,0.27,-0.16,-0.43
2016-10-16,Packers,Cowboys,4,9:55,2,7,GNB 41,9-27,2,1.33,0.89,-0.44
2016-11-06,Panthers,Rams,3,13:39,2,7,CAR 26,7-0,2,0.34,-0.1,-0.44
2016-11-20,Steelers,Browns,4,9:10,2,7,PIT 28,17-9,2,0.47,0.04,-0.43
2016-11-20,Lions,Jaguars,4,2:30,2,7,JAX 38,23-19,2,2.71,2.28,-0.43
2016-11-27,Ravens,Bengals,3,10:06,2,7,RAV 47,16-3,2,1.72,1.29,-0.43
2016-11-27,Jaguars,Bills,3,12:52,2,7,BUF 43,7-13,2,2.38,1.95,-0.43
2016-12-04,Panthers,Seahawks,4,2:36,2,7,CAR 33,7-40,2,0.8,0.37,-0.43
2017-01-01,Broncos,Raiders,4,11:11,2,7,DEN 23,24-6,2,0.14,1.6,1.46
2014-12-21,Giants,Rams,4,6:15,2,7,NYG 17,37-20,1,-0.37,-0.92,-0.55
2014-09-28,Titans,Colts,3,7:37,2,7,OTI 23,10-27,1,0.14,-0.43,-0.57
2014-09-14,Bengals,Falcons,3,11:51,2,7,CIN 23,10-3,1,0.14,-0.43,-0.57
2014-10-05,Chargers,Jets,3,4:09,2,7,NYJ 42,28-0,1,2.45,1.88,-0.57
2014-11-30,Bengals,Buccaneers,4,9:51,2,7,CIN 27,14-13,1,0.4,-0.16,-0.56
2014-11-23,Bengals,Texans,4,4:23,2,7,CIN 35,19-13,1,0.93,0.37,-0.56
2014-09-14,Jets,Packers,3,3:07,2,7,GNB 35,21-24,1,2.91,2.34,-0.57
2014-12-21,Rams,Giants,3,12:17,2,7,RAM 45,13-20,1,1.59,1.03,-0.56
2014-11-23,Bears,Buccaneers,4,8:49,2,7,CHI 27,21-10,1,0.4,-0.16,-0.56
2015-10-04,Raiders,Bears,3,3:56,2,7,CHI 49,17-16,1,1.99,1.42,-0.57
2015-12-27,Jaguars,Saints,4,11:13,2,7,JAX 38,19-38,1,1.13,0.56,-0.57
2015-12-20,Seahawks,Browns,3,14:12,2,7,SEA 30,20-10,1,0.6,0.04,-0.56
2015-09-21,Jets,Colts,4,4:29,2,7,NYJ 41,17-7,1,1.33,0.76,-0.57
2015-10-11,Packers,Rams,4,8:32,2,7,GNB 23,21-10,1,0.14,-0.43,-0.57
2015-12-06,Broncos,Chargers,4,2:00,2,7,SDG 38,17-3,1,2.71,2.15,-0.56
2015-11-08,Steelers,Raiders,4,2:41,2,7,PIT 43,35-28,1,1.46,0.89,-0.57
2016-10-09,Bills,Rams,4,15:00,2,7,RAM 40,23-16,1,2.58,2.01,-0.57
2016-09-18,Steelers,Bengals,4,3:20,2,7,PIT 28,24-16,1,0.47,-0.1,-0.57
2016-09-25,Chiefs,Jets,4,13:43,2,7,NYJ 45,17-3,1,2.25,1.69,-0.56
2016-10-02,Panthers,Falcons,3,4:27,2,7,CAR 28,10-31,1,0.47,-0.1,-0.57
2016-09-11,Patriots,Cardinals,3,14:24,2,7,NWE 28,10-7,1,0.47,-0.1,-0.57
2016-10-09,Ravens,Redskins,4,14:27,2,7,WAS 45,10-16,1,2.25,1.69,-0.56
2016-09-18,Texans,Chiefs,4,4:15,2,7,KAN 49,16-9,1,1.99,1.42,-0.57
2016-11-06,Jets,Dolphins,4,4:32,2,7,NYJ 28,23-27,1,0.47,-0.1,-0.57
2016-11-06,Cowboys,Browns,4,15:00,2,7,DAL 39,35-10,1,1.2,0.63,-0.57
2016-11-20,Seahawks,Eagles,3,12:06,2,7,SEA 39,16-7,1,1.2,0.63,-0.57
2016-11-20,Redskins,Packers,3,14:13,2,7,WAS 31,13-10,1,0.67,0.1,-0.57
2016-12-24,49ers,Rams,4,9:32,2,7,SFO 39,7-21,1,1.2,0.63,-0.57
2017-01-01,Cowboys,Eagles,3,4:21,2,7,DAL 28,13-17,1,0.47,-0.1,-0.57
2014-09-21,Bengals,Titans,4,2:00,2,7,OTI 45,33-7,0,2.25,1.55,-0.70
2014-09-14,Cowboys,Titans,3,10:30,2,7,DAL 23,16-3,0,0.14,-0.56,-0.70
2014-11-16,Rams,Broncos,4,5:17,2,7,DEN 38,19-7,0,2.71,2.02,-0.69
2014-12-07,Texans,Jaguars,3,8:24,2,7,HTX 49,10-13,0,1.86,1.16,-0.70
2014-10-12,Seahawks,Cowboys,3,7:58,2,7,SEA 49,10-17,0,1.86,1.16,-0.70
2014-11-23,Bears,Buccaneers,4,4:05,2,7,CHI 26,21-13,0,0.34,-0.36,-0.70
2014-10-19,Jaguars,Browns,3,14:34,2,7,JAX 23,7-6,0,0.14,-0.56,-0.70
2014-11-30,Packers,Patriots,3,5:55,2,7,GNB 40,23-14,0,1.26,0.56,-0.70
2014-09-18,Falcons,Buccaneers,4,6:24,2,7,ATL 23,56-14,0,0.14,-0.56,-0.70
2014-11-27,Seahawks,49ers,4,13:55,2,7,SFO 40,16-3,0,2.58,1.88,-0.70
2014-09-21,Chiefs,Dolphins,3,11:27,2,7,KAN 37,14-10,0,1.06,0.37,-0.69
2014-09-14,Cowboys,Titans,4,13:40,2,7,DAL 35,23-10,0,0.93,0.23,-0.70
2015-12-19,Jets,Cowboys,3,2:49,2,7,NYJ 43,9-13,0,1.46,0.76,-0.70
2015-11-09,Chargers,Bears,3,14:25,2,7,SDG 23,16-7,0,0.14,-0.56,-0.70
2015-09-13,Bears,Packers,4,5:08,2,7,GNB 38,16-24,0,2.71,2.02,-0.69
2015-11-22,Broncos,Bears,4,2:17,2,7,DEN 36,17-9,0,1,0.3,-0.70
2015-12-13,Patriots,Texans,4,15:00,2,7,50,20-6,0,1.92,1.22,-0.70
2015-11-29,Seahawks,Steelers,4,2:56,2,7,SEA 23,32-30,0,0.14,-0.96,-1.10
2015-10-11,Packers,Rams,4,3:18,2,7,RAM 44,21-10,0,2.32,1.62,-0.70
2016-11-13,Jaguars,Texans,3,2:39,2,7,JAX 46,10-21,0,1.66,0.96,-0.70
2016-09-25,Vikings,Panthers,4,2:15,2,7,MIN 43,22-10,0,1.46,0.76,-0.70
2016-10-02,Lions,Bears,3,14:24,2,7,DET 34,3-7,0,0.87,0.17,-0.70
2016-09-25,Cowboys,Bears,4,2:00,2,7,DAL 47,31-17,0,1.72,1.03,-0.69
2016-09-18,Steelers,Bengals,4,13:00,2,7,PIT 35,17-9,0,0.93,0.23,-0.70
2016-10-09,Patriots,Browns,4,5:26,2,7,NWE 40,33-13,0,1.26,0.56,-0.70
2016-10-27,Titans,Jaguars,3,10:23,2,7,OTI 28,27-8,0,0.47,-0.23,-0.70
2016-11-10,Ravens,Browns,4,2:24,2,7,CLE 38,28-7,0,2.71,2.02,-0.69
2016-11-20,Rams,Dolphins,4,8:15,2,7,MIA 36,10-0,0,2.85,2.15,-0.70
2016-11-20,Giants,Bears,4,5:37,2,7,NYG 22,22-16,0,0.07,-0.68,-0.75
2016-11-20,Chiefs,Buccaneers,3,7:26,2,7,TAM 36,10-12,0,2.85,2.15,-0.70
2016-11-27,Bills,Jaguars,4,3:18,2,7,BUF 45,28-21,0,1.59,0.89,-0.70
2016-12-24,Raiders,Colts,3,14:17,2,7,RAI 26,19-7,0,0.34,-0.36,-0.70
2014-12-21,Falcons,Saints,4,10:29,2,7,NOR 42,20-7,-1,2.45,1.62,-0.83
2014-11-16,Falcons,Panthers,3,8:21,2,7,CAR 39,9-3,-1,2.65,1.82,-0.83
2014-10-02,Packers,Vikings,4,5:52,2,7,50,42-10,-1,1.92,1.09,-0.83
2014-11-30,Rams,Raiders,3,10:46,2,7,RAM 18,38-0,-1,-0.28,-1.12,-0.84
2014-10-19,Giants,Cowboys,3,5:38,2,7,NYG 19,14-21,-1,-0.18,-1.07,-0.89
2014-12-28,Packers,Lions,4,4:20,2,7,DET 40,28-14,-1,2.58,1.75,-0.83
2015-12-20,Chiefs,Ravens,4,2:08,2,7,KAN 23,34-14,-1,0.14,-0.69,-0.83
2016-10-16,Patriots,Bengals,3,6:03,2,7,CIN 41,12-14,-1,2.52,1.69,-0.83
2014-10-26,Cardinals,Eagles,3,3:39,2,7,CRD 17,14-10,-2,-0.37,-1.28,-0.91
2014-12-07,Rams,Redskins,4,4:32,2,7,RAM 25,24-0,-2,0.27,-0.69,-0.96
2014-12-11,Cardinals,Rams,4,3:50,2,7,CRD 33,12-6,-2,0.8,-0.16,-0.96
2014-09-28,Cowboys,Saints,4,6:07,2,7,NOR 36,31-17,-2,2.85,1.88,-0.97
2016-10-17,Jets,Cardinals,3,14:24,2,7,NYJ 28,3-14,-2,0.47,-0.49,-0.96
2016-11-06,Chiefs,Jaguars,3,14:14,2,7,KAN 27,10-7,-2,0.4,-0.56,-0.96
2016-12-15,Seahawks,Rams,4,6:35,2,7,SEA 21,24-3,-2,0.01,-1.04,-1.05
2016-11-13,Buccaneers,Bears,4,3:39,2,7,TAM 18,36-10,-2,-0.28,-1.25,-0.97
2014-10-20,Steelers,Texans,4,9:31,2,7,HTX 48,24-16,-3,2.05,0.96,-1.09
2014-11-23,Cardinals,Seahawks,3,12:06,2,7,50,3-9,-3,1.92,0.83,-1.09
2014-10-26,Chiefs,Rams,4,11:38,2,7,KAN 42,27-7,-3,1.39,0.3,-1.09
2014-09-21,Patriots,Raiders,3,14:39,2,7,NWE 23,10-3,-3,0.14,-0.96,-1.10
2015-09-13,Jets,Browns,4,8:29,2,7,CLE 49,31-10,-3,1.99,0.89,-1.10
2016-12-24,Rams,49ers,3,11:22,2,7,RAM 35,14-7,-3,0.93,-0.16,-1.09
2017-01-01,Jets,Bills,4,11:02,2,7,NYJ 24,20-3,-3,0.21,-0.89,-1.10
2015-10-25,Saints,Colts,4,4:17,2,7,NOR 46,27-14,-4,1.66,0.43,-1.23
2016-10-10,Buccaneers,Panthers,3,2:49,2,7,TAM 34,14-14,-4,0.87,-0.36,-1.23
2017-01-01,Steelers,Browns,3,9:22,2,7,PIT 42,7-14,-12,1.39,-0.89,-2.28