2015-11-15,Bears,Rams,2,5:15,2,7,CHI 17,23-10,83,-0.37,7,7.37
2015-12-13,Panthers,Falcons,1,7:01,2,7,CAR 26,13-0,74,0.34,7,6.66
2014-10-02,Packers,Vikings,1,5:29,2,7,GNB 34,13-0,66,0.87,7,6.13
2014-10-12,Ravens,Buccaneers,2,14:09,2,7,RAV 44,34-0,56,1.53,7,5.47
2015-11-01,Saints,Giants,2,11:15,2,7,NOR 47,20-14,53,1.72,7,5.28
2016-10-30,Patriots,Bills,2,4:27,2,7,NWE 47,20-10,53,1.72,7,5.28
2014-10-16,Patriots,Jets,1,13:40,2,7,NYJ 49,6-0,49,1.99,7,5.01
2016-11-06,49ers,Saints,2,6:07,2,7,NOR 47,9-21,47,2.12,7,4.88
2014-09-14,Bengals,Falcons,2,5:46,2,7,CIN 24,3-3,46,0.21,3.58,3.37
2014-09-22,Jets,Bears,2,13:16,2,7,NYJ 27,3-17,43,0.4,3.58,3.18
2015-12-10,Vikings,Cardinals,2,11:47,2,7,MIN 24,7-10,41,0.21,3.25,3.04
2014-12-28,Jets,Dolphins,2,8:12,2,7,NYJ 48,7-10,40,1.79,4.78,2.99
2016-10-16,Chiefs,Raiders,2,2:44,2,7,KAN 35,13-7,38,0.93,3.78,2.85
2016-12-18,Bears,Packers,2,3:41,2,7,CHI 48,3-7,34,1.79,4.37,2.58
2016-12-24,Cardinals,Seahawks,2,11:54,2,7,CRD 39,7-0,34,1.2,3.78,2.58
2014-12-21,Dolphins,Vikings,2,9:15,2,7,MIA 22,0-14,33,0.07,2.59,2.52
2015-10-18,Texans,Jaguars,1,14:39,2,7,HTX 23,0-0,31,0.14,2.52,2.38
2014-11-30,Browns,Bills,2,10:20,2,7,CLE 31,3-0,30,0.67,2.98,2.31
2014-11-30,Patriots,Packers,2,15:00,2,7,NWE 30,0-13,29,0.6,2.85,2.25
2015-11-29,Jaguars,Chargers,1,7:49,2,7,JAX 17,3-0,29,-0.37,1.99,2.36
2015-11-22,Falcons,Colts,2,12:27,2,7,CLT 44,7-0,29,2.32,4.58,2.26
2015-09-27,Titans,Colts,1,5:06,2,7,OTI 23,0-7,29,0.14,2.39,2.25
2014-12-28,Panthers,Falcons,2,7:29,2,7,CAR 18,10-3,28,-0.28,1.99,2.27
2014-12-14,Bills,Packers,2,13:39,2,7,BUF 23,7-10,28,0.14,2.32,2.18
2015-09-13,Bengals,Raiders,2,11:46,2,7,CIN 21,7-0,28,0.01,2.19,2.18
2015-10-04,Browns,Chargers,1,9:57,2,7,CLE 21,0-0,27,0.01,2.13,2.12
2016-01-03,Falcons,Saints,2,3:00,2,7,ATL 20,10-14,27,-0.06,2.06,2.12
2015-12-06,Steelers,Colts,2,6:56,2,7,PIT 33,6-10,26,0.8,2.85,2.05
2016-11-03,Falcons,Buccaneers,2,6:41,2,7,ATL 48,13-14,26,1.79,3.84,2.05
2016-12-18,Bengals,Steelers,2,11:16,2,7,CIN 44,10-3,25,1.53,3.51,1.98
2014-09-28,Colts,Titans,2,5:40,2,7,CLT 26,17-3,24,0.34,2.26,1.92
2015-10-04,Bears,Raiders,1,14:27,2,7,CHI 23,0-0,24,0.14,2.06,1.92
2015-11-15,Redskins,Saints,2,6:30,2,7,WAS 19,21-14,24,-0.18,1.8,1.98
2016-09-25,Giants,Redskins,1,6:57,2,7,WAS 47,7-3,24,2.12,4.04,1.92
2015-11-29,Vikings,Falcons,1,2:04,2,7,MIN 34,7-0,23,0.87,2.72,1.85
2015-09-14,Falcons,Eagles,1,8:43,2,7,PHI 39,3-0,22,2.65,4.44,1.79
2016-10-09,Colts,Bears,1,2:06,2,7,CLT 38,3-3,22,1.13,2.92,1.79
2016-10-23,Bengals,Browns,2,4:38,2,7,CIN 35,7-10,21,0.93,2.65,1.72
2014-11-16,Giants,49ers,1,8:31,2,7,NYG 40,0-0,20,1.26,2.92,1.66
2014-10-27,Redskins,Cowboys,1,11:49,2,7,DAL 45,0-0,20,2.25,3.91,1.66
2014-11-16,Eagles,Packers,1,12:21,2,7,PHI 40,0-3,20,1.26,2.92,1.66
2014-11-23,49ers,Redskins,1,5:28,2,7,SFO 24,7-0,20,0.21,1.86,1.65
2014-09-07,Bengals,Ravens,1,7:11,2,7,CIN 20,3-0,20,-0.06,1.6,1.66
2015-11-01,Bengals,Steelers,1,4:36,2,7,CIN 49,0-7,20,1.86,3.51,1.65
2015-11-16,Bengals,Texans,1,5:22,2,7,HTX 48,0-0,20,2.05,3.71,1.66
2014-09-14,Giants,Cardinals,1,8:14,2,7,NYG 49,0-7,19,1.86,3.45,1.59
2015-09-13,Chargers,Lions,2,7:19,2,7,DET 42,3-21,19,2.45,4.04,1.59
2015-11-01,Seahawks,Cowboys,1,13:49,2,7,SEA 34,0-0,19,0.87,2.46,1.59
2015-09-27,Seahawks,Bears,2,2:00,2,7,SEA 23,3-0,19,0.14,1.73,1.59
2015-09-13,Texans,Chiefs,1,9:45,2,7,HTX 23,0-7,19,0.14,1.73,1.59
2015-11-29,Chargers,Jaguars,2,5:16,2,7,SDG 43,7-9,19,1.46,2.06,.60
2015-12-17,Rams,Buccaneers,1,13:16,2,7,TAM 37,0-0,19,2.78,4.37,1.59
2016-11-20,Rams,Dolphins,1,10:35,2,7,MIA 43,0-0,19,2.38,3.97,1.59
2016-11-24,Redskins,Cowboys,1,9:29,2,7,WAS 42,0-7,19,1.39,2.98,1.59
2017-01-01,Bengals,Ravens,2,2:00,2,7,CIN 23,17-3,19,0.14,1.73,1.59
2014-12-28,Bills,Patriots,1,14:30,2,7,BUF 23,0-0,18,0.14,1.66,1.52
2014-09-21,Giants,Texans,2,6:41,2,7,NYG 31,0-0,18,0.67,2.19,1.52
2014-10-12,Buccaneers,Ravens,2,2:42,2,7,TAM 23,0-38,18,0.14,1.66,1.52
2014-10-26,Seahawks,Panthers,2,2:00,2,7,SEA 44,3-6,18,1.53,3.05,1.52
2015-11-29,Vikings,Falcons,1,9:30,2,7,MIN 25,0-0,18,0.27,1.8,1.53
2015-12-13,Bills,Eagles,2,9:53,2,7,BUF 23,7-14,18,0.14,1.66,1.52
2016-10-13,Chargers,Broncos,1,12:56,2,7,SDG 42,0-0,18,1.39,2.92,1.53
2016-10-27,Titans,Jaguars,1,14:38,2,7,OTI 28,0-0,18,0.47,1.99,1.52
2016-12-17,Jets,Dolphins,1,7:58,2,7,NYJ 49,7-0,18,1.86,3.38,1.52
2014-10-05,Chiefs,49ers,1,11:04,2,7,SFO 39,0-0,17,2.65,4.11,1.46
2015-09-14,Falcons,Eagles,1,13:27,2,7,ATL 28,0-0,17,0.47,1.93,1.46
2016-09-18,Broncos,Colts,2,9:24,2,7,DEN 34,10-3,17,0.87,2.32,1.45
2016-12-04,Chargers,Buccaneers,2,15:00,2,7,SDG 39,7-7,17,1.2,2.65,1.45
2017-01-01,Falcons,Saints,2,10:47,2,7,ATL 46,21-10,17,1.66,3.12,1.46
2014-09-07,Titans,Chiefs,2,9:26,2,7,OTI 41,0-3,16,1.33,2.72,1.39
2014-10-05,Chiefs,49ers,2,15:00,2,7,SFO 45,7-3,16,2.25,3.64,1.39
2015-09-27,Bills,Dolphins,1,12:36,2,7,MIA 41,0-0,16,2.52,3.91,1.39
2016-01-03,Bears,Lions,1,6:57,2,7,CHI 46,0-7,16,1.66,3.05,1.39
2016-10-16,Bears,Jaguars,1,2:58,2,7,CHI 40,0-0,16,1.26,2.65,1.39
2016-10-02,Chargers,Saints,1,4:11,2,7,SDG 41,0-7,16,1.33,2.72,1.39
2016-11-06,Chargers,Titans,2,9:48,2,7,SDG 41,16-7,16,1.33,2.72,1.39
2014-10-12,Falcons,Bears,1,11:53,2,7,CHI 49,0-0,15,1.99,3.31,1.32
2014-09-28,Bears,Packers,1,12:03,2,7,CHI 48,0-0,15,1.79,3.12,1.33
2015-10-18,Cardinals,Steelers,2,3:55,2,7,CRD 38,7-3,15,1.13,2.46,1.33
2015-09-17,Chiefs,Broncos,1,5:52,2,7,KAN 30,0-0,15,0.6,1.93,1.33
2015-12-20,Chargers,Dolphins,2,12:38,2,7,SDG 41,6-0,15,1.33,2.65,1.32
2015-11-01,Cowboys,Seahawks,1,3:19,2,7,SEA 39,0-3,15,2.65,3.97,1.32
2015-10-19,Giants,Eagles,1,2:51,2,7,NYG 30,7-7,15,0.6,1.93,1.33
2015-11-01,Rams,49ers,2,8:39,2,7,SFO 36,10-3,15,2.85,4.17,1.32
2016-10-02,Chiefs,Steelers,2,10:25,2,7,KAN 21,0-22,15,0.01,1.33,1.32
2014-11-17,Titans,Steelers,1,9:56,2,7,OTI 36,0-10,14,1,3.25,2.25
2014-10-05,Broncos,Cardinals,2,8:51,2,7,CRD 44,7-6,14,2.32,3.58,1.26
2014-09-07,Bears,Bills,1,5:29,2,7,CHI 28,7-7,14,0.47,1.73,1.26
2014-10-19,Colts,Bengals,1,2:57,2,7,CLT 45,0-0,14,1.59,2.85,1.26
2014-10-26,Falcons,Lions,1,5:44,2,7,ATL 47,7-0,14,1.72,2.98,1.26
2014-10-12,Jets,Broncos,2,5:09,2,7,NYJ 28,7-10,14,0.47,1.73,1.26
2014-09-07,Falcons,Saints,1,3:39,2,7,ATL 36,0-6,14,1,2.26,1.26
2015-10-18,Patriots,Colts,1,3:57,2,7,50,0-7,14,1.92,3.18,1.26
2015-11-01,Lions,Chiefs,2,2:40,2,7,DET 29,3-24,14,0.54,1.8,1.26
2015-11-29,Bills,Chiefs,2,4:53,2,7,BUF 38,10-7,14,1.13,2.39,1.26
2015-12-13,Panthers,Falcons,2,3:13,2,7,CAR 22,21-0,14,0.07,1.33,1.26
2015-10-11,Bills,Titans,2,7:17,2,7,BUF 23,0-3,14,0.14,1.4,1.26
2015-11-22,Texans,Jets,1,5:03,2,7,NYJ 49,0-0,14,1.99,3.25,1.26
2016-10-02,Cardinals,Rams,1,10:50,2,7,CRD 17,0-0,14,-0.37,1,1.37
2016-10-30,Lions,Texans,1,5:58,2,7,HTX 49,0-0,14,1.99,3.25,1.26
2016-09-25,Rams,Buccaneers,1,13:10,2,7,RAM 39,0-0,14,1.2,2.46,1.26
2016-10-09,Ravens,Redskins,2,9:46,2,7,RAV 36,10-6,14,1,2.26,1.26
2016-09-15,Jets,Bills,2,6:53,2,7,NYJ 47,13-7,14,1.72,2.98,1.26
2016-11-20,Titans,Colts,2,9:37,2,7,CLT 35,0-21,14,2.91,4.17,1.26
2016-12-11,Eagles,Redskins,2,3:30,2,7,PHI 26,6-7,14,0.34,1.6,1.26
2014-11-02,Eagles,Texans,1,2:45,2,7,PHI 19,7-7,13,-0.18,1.07,1.25
2014-12-14,Colts,Texans,2,8:51,2,7,CLT 45,7-7,13,1.59,2.79,1.20
2015-09-27,Broncos,Lions,2,8:35,2,7,DEN 38,0-0,13,1.13,2.32,1.19
2015-11-26,Packers,Bears,1,6:42,2,7,CHI 46,0-0,13,2.19,3.38,1.19
2015-09-10,Patriots,Steelers,2,12:13,2,7,PIT 48,0-0,13,2.05,3.25,1.20
2016-10-30,Jets,Browns,2,15:00,2,7,NYJ 32,0-10,13,0.73,1.93,1.20
2016-11-21,Texans,Raiders,2,4:42,2,7,HTX 26,10-10,13,0.34,1.53,1.19
2017-01-01,Colts,Jaguars,2,10:47,2,7,CLT 33,0-10,13,0.8,1.99,1.19
2014-10-26,Steelers,Colts,1,9:03,2,7,CLT 43,0-3,12,2.38,3.51,1.13
2014-10-19,Browns,Jaguars,1,14:27,2,7,CLE 23,0-0,12,0.14,1.27,1.13
2014-12-21,Dolphins,Vikings,2,8:02,2,7,MIN 42,0-14,12,2.45,3.58,1.13
2014-11-30,Jaguars,Giants,2,5:58,2,7,JAX 23,0-21,12,0.14,1.27,1.13
2015-11-08,Colts,Broncos,1,2:35,2,7,CLT 15,7-0,12,-0.5,0.74,1.24
2015-10-04,Rams,Cardinals,2,6:10,2,7,RAM 23,7-6,12,0.14,1.27,1.13
2015-12-13,Broncos,Raiders,2,2:00,2,7,RAI 49,9-0,12,1.99,3.12,1.13
2015-11-01,Raiders,Jets,1,5:33,2,7,RAI 36,0-3,12,1,2.13,1.13
2015-09-13,Bengals,Raiders,1,11:13,2,7,RAI 37,0-0,12,2.78,3.91,1.13
2016-01-03,Panthers,Buccaneers,2,7:59,2,7,TAM 43,10-3,12,2.38,3.51,1.13
2016-10-02,Chargers,Saints,2,2:00,2,7,NOR 44,17-14,12,2.32,3.45,1.13
2016-09-29,Bengals,Dolphins,1,13:43,2,7,CIN 40,0-0,12,1.26,2.39,1.13
2016-10-02,Jets,Seahawks,1,10:14,2,7,SEA 43,0-0,12,2.38,3.51,1.13
2016-09-25,Cowboys,Bears,2,5:38,2,7,DAL 46,17-3,12,1.66,2.79,1.13
2016-10-23,Ravens,Jets,2,13:53,2,7,RAV 39,10-7,12,1.2,2.32,1.12
2016-11-13,Broncos,Saints,2,8:53,2,7,DEN 32,10-0,12,0.73,1.86,1.13
2016-11-27,Rams,Saints,2,2:12,2,7,RAM 24,14-28,12,0.21,1.33,1.12
2016-12-11,Giants,Cowboys,1,14:19,2,7,NYG 29,0-0,12,0.54,1.66,1.12
2016-12-24,Packers,Vikings,2,5:13,2,7,GNB 19,21-13,12,-0.18,1,1.18
2017-01-01,Chargers,Chiefs,1,3:46,2,7,SDG 40,3-3,12,1.26,2.39,1.13
2014-12-21,Giants,Rams,1,14:30,2,7,NYG 23,0-0,11,0.14,1.2,1.06
2014-12-07,Patriots,Chargers,1,9:21,2,7,NWE 27,0-0,11,0.4,1.47,1.07
2014-11-16,Packers,Eagles,1,7:42,2,7,GNB 38,3-0,11,1.13,2.19,1.06
2015-11-22,Panthers,Redskins,1,3:23,2,7,WAS 37,7-7,11,2.78,3.84,1.06
2015-12-13,Panthers,Falcons,1,14:28,2,7,CAR 23,0-0,11,0.14,1.2,1.06
2015-12-13,Redskins,Bears,1,13:19,2,7,WAS 33,0-0,11,0.8,1.86,1.06
2015-12-27,Packers,Cardinals,1,13:06,2,7,GNB 43,0-0,11,1.46,2.52,1.06
2015-10-18,Broncos,Browns,1,14:31,2,7,DEN 17,0-0,11,-0.37,0.81,1.18
2015-12-21,Saints,Lions,1,2:35,2,7,DET 40,0-7,11,2.58,3.64,1.06
2016-01-03,Redskins,Cowboys,2,2:57,2,7,WAS 23,24-7,11,0.14,1.2,1.06
2016-11-13,Bears,Buccaneers,1,13:07,2,7,CHI 48,0-0,11,1.79,2.85,1.06
2016-11-20,Eagles,Seahawks,2,7:52,2,7,PHI 28,7-13,11,0.47,1.53,1.06
2016-11-20,Cardinals,Vikings,2,12:16,2,7,MIN 35,7-7,11,2.91,3.97,1.06
2016-12-18,Giants,Lions,2,9:11,2,7,NYG 49,7-3,11,1.86,2.92,1.06
2016-12-18,Browns,Bills,1,7:45,2,7,CLE 42,0-3,11,1.39,2.46,1.07
2014-09-14,Giants,Cardinals,1,9:47,2,7,NYG 25,0-7,10,0.27,1.27,1.00
2014-11-16,Falcons,Panthers,2,12:22,2,7,CAR 49,0-3,10,1.99,2.98,.99
2014-09-29,Chiefs,Patriots,1,11:41,2,7,KAN 44,0-0,10,1.53,2.52,.99
2014-09-14,Bengals,Falcons,1,8:14,2,7,ATL 39,0-0,10,2.65,3.64,.99
2014-11-09,Raiders,Broncos,1,14:05,2,7,DEN 46,0-0,10,2.19,3.18,.99
2014-11-09,Steelers,Jets,2,15:00,2,7,PIT 33,0-17,10,0.8,1.8,1.00
2014-12-20,49ers,Chargers,1,13:48,2,7,SFO 38,0-0,10,1.13,2.13,1.00
2014-11-30,Browns,Bills,1,14:23,2,7,CLE 25,0-0,10,0.27,1.27,1.00
2014-11-16,Panthers,Falcons,1,5:12,2,7,CAR 49,0-0,10,1.86,2.85,.99
2015-10-11,Raiders,Broncos,2,5:32,2,7,RAI 23,7-3,10,0.14,1.14,1.00
2015-12-06,Browns,Bengals,2,2:00,2,7,CLE 36,0-20,10,1,1.99,.99
2015-11-22,Texans,Jets,1,6:14,2,7,HTX 38,0-0,10,1.13,2.13,1.00
2015-11-01,Chargers,Ravens,1,7:15,2,7,RAV 42,0-3,10,2.45,3.45,1.00
2015-12-13,Bears,Redskins,1,5:53,2,7,CHI 31,0-7,10,0.67,1.66,.99
2015-12-10,Cardinals,Vikings,1,12:23,2,7,CRD 38,0-0,10,1.13,2.13,1.00
2015-09-27,Patriots,Jaguars,1,13:20,2,7,NWE 39,0-0,10,1.2,2.19,.99
2015-11-01,Broncos,Packers,1,8:22,2,7,DEN 36,0-0,10,1,1.99,.99
2016-10-23,Seahawks,Cardinals,2,12:43,2,7,SEA 34,0-0,10,0.87,1.86,.99
2016-10-16,Falcons,Seahawks,2,10:00,2,7,SEA 39,0-7,10,2.65,3.64,.99
2016-11-20,Bears,Giants,2,11:54,2,7,CHI 36,9-6,10,1,1.99,.99
2016-12-24,Falcons,Panthers,1,12:08,2,7,CAR 48,0-0,10,2.05,3.05,1.00
2014-10-05,Falcons,Giants,2,10:12,2,7,50,10-7,9,1.92,2.85,.93
2014-10-09,Colts,Texans,2,7:40,2,7,CLT 25,24-14,9,0.27,1.2,.93
2014-10-05,Giants,Falcons,1,14:29,2,7,NYG 20,0-0,9,-0.06,0.87,.93
2014-12-14,Colts,Texans,1,11:08,2,7,CLT 21,0-0,9,0.01,0.94,.93
2014-09-07,Vikings,Rams,1,11:25,2,7,RAM 49,0-0,9,1.99,3.91,1.92
2014-11-23,Falcons,Browns,1,9:55,2,7,ATL 46,0-0,9,1.66,2.59,.93
2014-12-07,Dolphins,Ravens,1,12:25,2,7,RAV 46,0-0,9,2.19,3.12,.93
2014-12-14,Vikings,Lions,1,12:21,2,7,DET 48,0-0,9,2.05,2.98,.93
2014-09-07,Jaguars,Eagles,2,7:59,2,7,JAX 45,17-0,9,1.59,2.52,.93
2014-11-02,Bengals,Jaguars,2,15:00,2,7,CIN 40,0-3,9,1.26,2.19,.93
2016-01-03,Saints,Falcons,1,14:28,2,7,NOR 23,0-0,9,0.14,1.07,.93
2015-11-01,Rams,49ers,1,3:44,2,7,RAM 41,2-3,9,1.33,2.26,.93
2015-09-17,Broncos,Chiefs,2,5:00,2,7,DEN 43,0-14,9,1.46,2.39,.93
2015-12-06,Ravens,Dolphins,1,5:54,2,7,RAV 39,0-0,9,1.2,2.13,.93
2015-09-27,Colts,Titans,1,8:20,2,7,OTI 48,0-0,9,2.05,2.98,.93
2016-01-03,Chargers,Broncos,2,3:33,2,7,SDG 42,6-7,9,1.39,2.32,.93
2016-10-09,Lions,Eagles,1,5:27,2,7,DET 23,7-0,9,0.14,1.07,.93
2016-11-06,Cowboys,Browns,1,11:05,2,7,DAL 40,0-3,9,1.26,2.19,.93
2016-11-20,Chiefs,Buccaneers,1,13:11,2,7,KAN 39,0-0,9,1.2,2.19,.99
2014-12-21,Packers,Buccaneers,2,14:12,2,7,GNB 42,7-0,8,1.39,2.26,.87
2014-10-05,Panthers,Bears,2,10:14,2,7,CAR 23,7-21,8,0.14,1,.86
2014-09-28,Ravens,Panthers,2,15:00,2,7,RAV 23,0-0,8,0.14,1,.86
2014-10-12,Vikings,Lions,2,2:00,2,7,MIN 23,0-7,8,0.14,1,.86
2015-11-29,Broncos,Patriots,2,3:40,2,7,NWE 36,0-14,8,2.85,3.71,.86
2015-09-13,Broncos,Ravens,1,11:12,2,7,DEN 17,0-0,8,-0.37,0.61,.98
2015-12-27,Vikings,Giants,2,7:58,2,7,MIN 40,10-3,8,1.26,2.13,.87
2015-10-25,Texans,Dolphins,2,6:41,2,7,HTX 48,0-35,8,1.79,2.65,.86
2015-10-18,Bills,Bengals,2,5:19,2,7,BUF 27,7-17,8,0.4,1.27,.87
2015-11-29,Vikings,Falcons,1,8:18,2,7,MIN 46,0-0,8,1.66,2.52,.86
2015-11-22,Seahawks,49ers,1,12:28,2,7,SEA 42,0-0,8,1.39,2.26,.87
2015-09-20,Redskins,Rams,2,10:11,2,7,WAS 21,10-0,8,0.01,0.87,.86
2015-10-25,Bills,Jaguars,2,7:18,2,7,BUF 30,3-27,8,0.6,1.47,.87
2015-11-22,Broncos,Bears,1,13:21,2,7,DEN 29,0-0,8,0.54,1.4,.86
2015-12-13,Ravens,Seahawks,1,4:31,2,7,RAV 23,0-7,8,0.14,1,.86
2015-10-22,49ers,Seahawks,2,8:28,2,7,SFO 43,0-10,8,1.46,2.32,.86
2016-09-29,Bengals,Dolphins,1,12:26,2,7,MIA 45,0-0,8,2.25,3.12,.87
2016-09-12,Steelers,Redskins,2,12:20,2,7,WAS 46,0-6,8,2.19,3.05,.86
2016-10-02,Browns,Redskins,2,14:31,2,7,CLE 39,0-14,8,1.2,2.06,.86
2016-09-08,Broncos,Panthers,1,6:19,2,7,DEN 42,0-7,8,1.39,2.26,.87
2016-09-18,Seahawks,Rams,2,13:08,2,7,SEA 22,3-3,8,0.07,0.94,.87
2016-11-06,Lions,Vikings,1,11:32,2,7,DET 17,0-0,8,-0.37,0.61,.98
2016-11-20,Steelers,Browns,1,6:17,2,7,CLE 36,0-0,8,2.85,3.71,.86
2016-11-27,Saints,Rams,2,14:06,2,7,NOR 28,7-14,8,0.47,1.33,.86
2016-12-04,Lions,Saints,1,11:21,2,7,NOR 39,0-0,8,2.65,3.51,.86
2016-12-18,Saints,Cardinals,2,3:00,2,7,NOR 41,17-13,8,1.33,2.19,.86
2016-12-26,Cowboys,Lions,2,2:40,2,7,DET 48,14-21,8,2.05,2.92,.87
2017-01-01,Buccaneers,Panthers,2,7:09,2,7,TAM 25,3-7,8,0.27,1.14,.87
2014-09-07,Dolphins,Patriots,2,5:53,2,7,MIA 28,7-17,7,0.47,2.26,1.79
2014-10-12,Lions,Vikings,1,6:57,2,7,DET 21,7-0,7,0.01,0.81,.80
2014-12-28,Chiefs,Chargers,1,12:28,2,7,KAN 24,0-0,7,0.21,1,.79
2014-10-12,Eagles,Giants,2,2:16,2,7,PHI 49,20-0,7,1.86,2.65,.79
2015-11-19,Titans,Jaguars,1,14:14,2,7,OTI 23,0-0,7,0.14,0.94,.80
2015-12-06,Ravens,Dolphins,2,15:00,2,7,RAV 21,0-0,7,0.01,0.81,.80
2015-11-29,Bengals,Rams,2,4:52,2,7,RAM 38,10-7,7,2.71,3.51,.80
2015-09-27,Jaguars,Patriots,1,11:14,2,7,JAX 23,0-7,7,0.14,0.94,.80
2015-12-07,Cowboys,Redskins,2,8:39,2,7,DAL 34,0-0,7,0.87,1.66,.79
2016-09-11,Giants,Cowboys,2,2:00,2,7,DAL 42,7-9,7,2.45,3.25,.80
2016-09-25,Dolphins,Browns,2,5:22,2,7,MIA 43,7-10,7,1.46,2.26,.80
2016-10-16,Panthers,Saints,1,8:21,2,7,CAR 19,0-7,7,-0.18,0.67,.85
2016-12-25,Broncos,Chiefs,2,15:00,2,7,DEN 33,7-21,7,0.8,1.6,.80
2014-11-16,Chiefs,Seahawks,1,12:44,2,7,KAN 17,0-0,6,-0.37,-0.32,.05
2014-12-20,Chargers,49ers,1,6:10,2,7,SDG 20,0-7,6,-0.06,-0.12,-0.06
2014-12-07,Lions,Buccaneers,2,12:58,2,7,DET 23,7-3,6,0.14,0.23,.09
2014-10-19,Rams,Seahawks,2,3:12,2,7,SEA 38,21-3,6,2.71,2.81,.10
2014-09-14,Jets,Packers,1,2:34,2,7,NYJ 40,14-3,6,1.26,1.36,.10
2014-10-26,Rams,Chiefs,2,9:33,2,7,RAM 47,7-7,6,1.72,1.82,.10
2014-09-07,Texans,Redskins,1,9:24,2,7,HTX 35,0-0,6,0.93,1.03,.10
2014-09-14,Jets,Packers,1,10:27,2,7,NYJ 19,7-0,6,-0.18,-0.2,-0.02
2014-11-27,Bears,Lions,1,6:01,2,7,CHI 28,7-3,6,0.47,0.56,.09
2014-09-14,Chargers,Seahawks,1,8:33,2,7,SDG 34,0-0,6,0.87,0.96,.09
2014-12-20,Redskins,Eagles,2,13:43,2,7,WAS 45,10-7,6,1.59,1.69,.10
2014-09-28,Saints,Cowboys,2,14:02,2,7,NOR 15,0-7,6,-0.5,-0.37,.13
2014-11-30,Giants,Jaguars,1,6:45,2,7,NYG 40,0-0,6,1.26,1.36,.10
2014-11-30,Chargers,Ravens,2,9:12,2,7,SDG 36,7-13,6,1,1.09,.09
2014-09-07,49ers,Cowboys,2,10:11,2,7,DAL 43,21-3,6,2.38,2.48,.10
2014-12-28,Lions,Packers,1,14:12,2,7,DET 23,0-0,6,0.14,0.23,.09
2014-12-22,Broncos,Bengals,2,7:15,2,7,DEN 23,7-17,6,0.14,0.23,.09
2014-09-14,Redskins,Jaguars,2,4:39,2,7,WAS 32,21-0,6,0.73,0.83,.10
2014-09-21,Panthers,Steelers,2,14:37,2,7,CAR 24,3-3,6,0.21,0.3,.09
2015-12-27,Patriots,Jets,1,11:18,2,7,NWE 33,0-0,6,0.8,0.89,.09
2015-10-25,Vikings,Lions,1,10:36,2,7,MIN 21,0-7,6,0.01,-0.02,-0.03
2015-10-25,Colts,Saints,2,8:13,2,7,CLT 24,0-20,6,0.21,0.3,.09
2015-10-19,Giants,Eagles,1,9:07,2,7,NYG 40,7-0,6,1.26,1.36,.10
2015-10-11,Giants,49ers,1,10:45,2,7,NYG 23,0-3,6,0.14,0.23,.09
2015-12-20,Panthers,Giants,1,8:35,2,7,CAR 42,0-0,6,1.39,1.49,.10
2015-12-13,Chargers,Chiefs,1,14:15,2,7,SDG 36,0-0,6,1,1.09,.09
2015-11-15,Giants,Patriots,2,6:27,2,7,NYG 49,7-10,6,1.86,1.95,.09
2015-10-11,Cowboys,Patriots,2,13:29,2,7,DAL 23,3-3,6,0.14,0.23,.09
2015-12-20,Giants,Panthers,2,2:00,2,7,NYG 23,7-14,6,0.14,0.23,.09
2015-10-11,Lions,Cardinals,1,4:04,2,7,DET 38,0-0,6,1.13,1.22,.09
2015-09-27,Patriots,Jaguars,2,8:13,2,7,NWE 36,10-3,6,1,1.09,.09
2015-10-18,Chiefs,Vikings,2,4:07,2,7,KAN 23,0-10,6,0.14,0.23,.09
2016-09-18,Giants,Saints,1,6:26,2,7,NYG 43,0-0,6,1.46,1.55,.09
2016-09-25,Jaguars,Ravens,1,12:18,2,7,JAX 33,0-0,6,0.8,0.89,.09
2016-10-09,Redskins,Ravens,1,9:01,2,7,WAS 40,0-7,6,1.26,1.36,.10
2016-10-16,Bears,Jaguars,2,11:25,2,7,CHI 17,3-0,6,-0.37,-0.32,.05
2016-09-18,Cowboys,Redskins,1,3:41,2,7,WAS 36,3-0,6,2.85,2.94,.09
2016-09-11,Ravens,Bills,1,9:05,2,7,RAV 37,0-0,6,1.06,1.16,.10
2016-10-02,Rams,Cardinals,1,12:46,2,7,RAM 40,0-0,6,1.26,1.36,.10
2016-11-06,Broncos,Raiders,2,9:42,2,7,DEN 48,0-13,6,1.79,1.88,.09
2016-10-02,Raiders,Ravens,1,3:54,2,7,RAI 40,0-0,6,1.26,1.36,.10
2016-11-13,Patriots,Seahawks,2,4:32,2,7,NWE 34,7-12,6,0.87,2.59,1.72
2016-12-04,Saints,Lions,1,14:17,2,7,NOR 21,0-0,6,0.01,-0.02,-0.03
2016-12-18,Cardinals,Saints,2,14:24,2,7,CRD 49,7-10,6,1.86,1.95,.09
2016-12-24,Texans,Bengals,1,12:44,2,7,HTX 26,0-0,6,0.34,0.43,.09
2014-10-19,Bears,Dolphins,1,6:19,2,7,CHI 23,0-7,5,0.14,0.1,-0.04
2014-12-14,Dolphins,Patriots,1,12:01,2,7,MIA 23,0-7,5,0.14,0.1,-0.04
2014-10-12,Raiders,Chargers,1,9:00,2,7,RAI 23,7-7,5,0.14,0.1,-0.04
2014-12-07,Jaguars,Texans,1,10:50,2,7,JAX 49,0-0,5,1.86,1.82,-0.04
2015-12-06,Colts,Steelers,1,2:29,2,7,CLT 29,3-6,5,0.54,0.5,-0.04
2015-09-27,Eagles,Jets,2,6:06,2,7,NYJ 40,10-0,5,2.58,2.54,-0.04
2015-12-07,Redskins,Cowboys,1,4:55,2,7,WAS 16,0-0,5,-0.44,-0.47,-0.03
2015-10-25,Redskins,Buccaneers,2,2:00,2,7,WAS 48,7-24,5,1.79,1.75,-0.04
2015-11-15,Patriots,Giants,1,2:44,2,7,NWE 33,7-7,5,0.8,0.76,-0.04
2016-10-02,Colts,Jaguars,1,14:28,2,7,CLT 28,0-0,5,0.47,0.43,-0.04
2016-11-13,Texans,Jaguars,1,4:39,2,7,HTX 28,7-7,5,0.47,0.43,-0.04
2016-09-11,Texans,Bears,2,7:24,2,7,HTX 42,3-7,5,1.39,1.36,-0.03
2016-09-26,Falcons,Saints,1,2:04,2,7,NOR 39,7-7,5,2.65,2.61,-0.04
2016-09-18,Giants,Saints,1,8:39,2,7,NYG 20,0-0,5,-0.06,-0.24,-0.18
2016-09-12,49ers,Rams,1,10:04,2,7,SFO 33,0-0,5,0.8,0.76,-0.04
2016-09-26,Saints,Falcons,1,14:33,2,7,NOR 28,0-0,5,0.47,0.43,-0.04
2016-12-11,Chargers,Panthers,2,2:43,2,7,SDG 39,0-23,5,1.2,1.16,-0.04
2016-12-11,Lions,Bears,1,9:54,2,7,CHI 39,0-0,5,2.65,2.61,-0.04
2016-11-27,Raiders,Panthers,1,10:59,2,7,RAI 36,0-0,5,1,0.96,-0.04
2016-12-22,Giants,Eagles,2,2:49,2,7,PHI 45,6-21,5,2.25,2.21,-0.04
2016-12-24,Rams,49ers,1,6:28,2,7,SFO 35,0-7,5,2.91,2.87,-0.04
2014-11-16,Patriots,Colts,2,12:42,2,7,NWE 37,7-3,4,1.06,0.89,-0.17
2014-09-21,Raiders,Patriots,1,14:20,2,7,RAI 23,0-0,4,0.14,-0.03,-0.17
2014-10-05,Bears,Panthers,1,10:12,2,7,CHI 23,0-7,4,0.14,-0.03,-0.17
2014-09-14,Cowboys,Titans,2,3:18,2,7,DAL 43,10-0,4,1.46,1.29,-0.17
2014-11-16,Saints,Bengals,1,2:34,2,7,NOR 23,3-7,4,0.14,-0.03,-0.17
2014-11-23,Dolphins,Broncos,2,6:28,2,7,MIA 16,14-10,4,-0.44,-0.59,-0.15
2014-12-07,Bengals,Steelers,1,10:22,2,7,PIT 44,0-0,4,2.32,2.15,-0.17
2014-10-20,Texans,Steelers,1,7:31,2,7,PIT 48,0-0,4,2.05,1.88,-0.17
2015-10-04,Vikings,Broncos,1,14:25,2,7,MIN 23,0-0,4,0.14,-0.03,-0.17
2015-11-26,Cowboys,Panthers,1,6:55,2,7,DAL 44,0-10,4,1.53,1.36,-0.17
2015-11-15,Vikings,Raiders,1,14:26,2,7,MIN 23,0-0,4,0.14,-0.03,-0.17
2015-12-13,49ers,Browns,2,8:26,2,7,SFO 30,0-10,4,0.6,0.43,-0.17
2015-10-25,Titans,Falcons,1,14:20,2,7,OTI 23,0-0,4,0.14,-0.03,-0.17
2015-12-27,Bears,Buccaneers,2,14:11,2,7,CHI 35,0-7,4,0.93,0.76,-0.17
2015-12-13,Chargers,Chiefs,2,12:26,2,7,SDG 34,0-0,4,0.87,0.7,-0.17
2016-10-02,Rams,Cardinals,2,2:15,2,7,RAM 23,10-3,4,0.14,-0.03,-0.17
2016-11-06,Lions,Vikings,2,4:06,2,7,MIN 49,3-3,4,1.99,1.82,-0.17
2016-12-11,Cowboys,Giants,1,11:45,2,7,DAL 21,0-0,4,0.01,-0.27,-0.28
2014-10-19,Saints,Lions,1,12:44,2,7,NOR 32,0-0,3,0.73,0.43,-0.30
2014-09-14,Vikings,Patriots,2,8:46,2,7,MIN 21,7-17,3,0.01,-0.4,-0.41
2014-11-23,Vikings,Packers,2,4:40,2,7,MIN 40,7-14,3,1.26,0.96,-0.30
2014-11-30,Vikings,Panthers,2,14:35,2,7,MIN 38,14-3,3,1.13,0.83,-0.30
2015-11-01,Chargers,Ravens,1,14:26,2,7,SDG 23,0-0,3,0.14,-0.16,-0.30
2015-12-27,Rams,Seahawks,2,15:00,2,7,RAM 18,10-0,3,-0.28,-0.63,-0.35
2015-10-11,Bears,Chiefs,1,14:30,2,7,CHI 23,0-0,3,0.14,-0.16,-0.30
2016-10-30,Panthers,Cardinals,2,8:42,2,7,CAR 43,21-0,3,1.46,1.16,-0.30
2016-11-06,Giants,Eagles,1,4:02,2,7,NYG 47,14-3,3,1.72,1.42,-0.30
2016-10-23,Vikings,Eagles,1,12:40,2,7,MIN 22,0-0,3,0.07,-0.29,-0.36
2016-10-02,Cowboys,49ers,1,13:07,2,7,SFO 49,0-0,3,1.99,1.68,-0.31
2016-10-02,Saints,Chargers,1,8:01,2,7,NOR 24,7-0,3,0.21,-0.1,-0.31
2016-11-27,Jets,Patriots,2,2:40,2,7,NWE 39,10-10,3,2.65,2.34,-0.31
2016-12-24,Dolphins,Bills,1,13:03,2,7,MIA 33,0-0,3,0.8,0.5,-0.30
2016-12-25,Ravens,Steelers,2,2:00,2,7,PIT 49,3-7,3,1.99,1.68,-0.31
2017-01-01,Bengals,Ravens,2,10:43,2,7,CIN 21,14-3,3,0.01,-0.4,-0.41
2014-11-09,Lions,Dolphins,1,14:22,2,7,DET 23,0-0,2,0.14,-0.3,-0.44
2014-11-30,Broncos,Chiefs,2,12:40,2,7,KAN 48,14-0,2,2.05,1.62,-0.43
2014-11-02,Seahawks,Raiders,1,6:47,2,7,SEA 43,0-3,2,1.46,1.03,-0.43
2014-10-16,Jets,Patriots,1,12:57,2,7,NYJ 23,0-7,2,0.14,-0.3,-0.44
2014-09-07,Raiders,Jets,2,5:26,2,7,RAI 44,7-3,2,1.53,1.09,-0.44
2015-11-01,Bears,Vikings,1,12:25,2,7,MIN 38,0-0,2,2.71,2.28,-0.43
2015-10-18,Broncos,Browns,2,6:28,2,7,DEN 18,10-0,2,-0.28,-0.76,-0.48
2015-11-01,Chargers,Ravens,1,9:14,2,7,SDG 23,0-3,2,0.14,-0.3,-0.44
2015-11-15,Rams,Bears,2,4:34,2,7,RAM 23,10-24,2,0.14,-0.3,-0.44
2015-12-13,Cowboys,Packers,2,7:43,2,7,DAL 36,0-7,2,1,0.56,-0.44
2015-12-21,Saints,Lions,1,14:27,2,7,NOR 23,0-0,2,0.14,-0.3,-0.44
2016-09-25,Packers,Lions,1,14:31,2,7,GNB 28,0-0,2,0.47,0.04,-0.43
2014-11-16,Vikings,Bears,1,5:31,2,7,MIN 40,3-0,1,1.26,0.7,-0.56
2015-12-20,Dolphins,Chargers,1,3:30,2,7,MIA 22,0-6,1,0.07,-0.55,-0.62
2016-10-02,Jets,Seahawks,1,12:16,2,7,NYJ 38,0-0,1,1.13,0.56,-0.57
2016-12-04,Lions,Saints,1,3:26,2,7,DET 26,3-0,1,0.34,-0.23,-0.57
2016-12-11,Cardinals,Dolphins,1,12:30,2,7,CRD 48,0-0,1,1.79,1.22,-0.57
2015-10-04,Vikings,Broncos,2,2:39,2,7,MIN 44,0-13,0,1.53,3.51,1.98
2014-09-14,Bills,Dolphins,1,13:50,2,7,BUF 28,0-0,-1,0.47,-0.36,-0.83
2014-11-27,Cowboys,Eagles,1,7:08,2,7,PHI 44,0-7,-1,2.32,1.49,-0.83
2015-12-27,Steelers,Ravens,1,3:20,2,7,PIT 23,0-7,-1,0.14,-0.69,-0.83
2016-12-04,Giants,Steelers,1,10:26,2,7,NYG 18,0-0,-1,-0.28,-1.12,-0.84
2014-10-12,Vikings,Lions,2,10:11,2,7,MIN 36,0-7,-2,1,0.04,-0.96
2016-10-23,Patriots,Steelers,1,7:26,2,7,NWE 50,0-0,-2,1.92,0.96,-0.96
2016-10-23,Chiefs,Saints,2,9:24,2,7,NOR 42,14-7,-3,2.45,1.36,-1.09
2016-12-04,Patriots,Rams,1,12:01,2,7,RAM 49,0-0,-3,1.99,0.89,-1.10
2014-09-14,Dolphins,Bills,2,6:47,2,7,MIA 36,0-9,-4,1,-0.23,-1.23
2014-10-19,Bills,Vikings,2,10:22,2,7,MIN 44,0-3,-4,2.32,1.09,-1.23
2015-11-22,Jets,Texans,1,8:46,2,7,HTX 44,0-0,-5,2.32,0.96,-1.36
2014-12-28,Texans,Jaguars,1,2:17,2,7,HTX 23,7-10,,0.14,-0.56,-0.70
2015-12-13,Steelers,Bengals,1,12:47,2,7,CIN 37,0-0,,2.78,2.08,-0.70
2016-11-06,Jaguars,Chiefs,1,6:12,2,7,KAN 43,0-0,,2.38,1.68,-0.70
2017-01-01,Rams,Cardinals,1,2:39,2,7,RAM 29,0-3,,0.54,-0.16,-0.70
2014-09-07,Bengals,Ravens,4,5:10,2,7,CIN 23,21-16,77,0.14,7,6.86
2015-09-28,Chiefs,Packers,4,10:57,2,7,KAN 25,14-38,61,0.27,4.65,4.38
2014-11-02,Redskins,Vikings,4,12:16,2,7,WAS 23,20-21,56,0.14,4.17,4.03
2015-09-27,Raiders,Browns,3,2:50,2,7,RAI 23,20-10,55,0.14,4.11,3.97
2016-10-02,Panthers,Falcons,4,6:22,2,7,CAR 32,18-34,48,0.73,4.24,3.51
2015-10-19,Eagles,Giants,3,14:39,2,7,PHI 24,17-7,43,0.21,3.38,3.17
2015-12-06,Ravens,Dolphins,3,11:57,2,7,MIA 41,9-15,41,2.52,7,4.48
2015-12-06,Bills,Texans,4,2:00,2,7,HTX 40,27-21,40,2.58,7,4.42
2016-12-24,Colts,Raiders,3,6:39,2,7,RAI 44,7-33,39,2.32,6.06,3.74
2014-12-07,Eagles,Seahawks,3,12:16,2,7,SEA 35,13-17,35,2.91,7,4.09
2016-10-30,Bills,Patriots,4,2:00,2,7,BUF 37,17-41,35,1.06,3.71,2.65
2016-11-06,Chargers,Titans,4,8:20,2,7,SDG 38,33-28,35,1.13,3.78,2.65
2016-11-27,Broncos,Chiefs,4,7:53,2,7,KAN 35,16-16,35,2.91,7,4.09
2016-12-11,Jaguars,Vikings,3,12:32,2,7,JAX 39,9-9,34,1.2,3.78,2.58
2014-09-14,Packers,Jets,3,7:00,2,7,NYJ 43,16-21,33,2.38,4.91,2.53
2015-12-20,Titans,Patriots,3,13:22,2,7,OTI 44,3-24,30,1.53,3.84,2.31
2014-10-26,Ravens,Bengals,3,3:35,2,7,RAV 48,6-17,29,1.79,4.04,2.25
2016-11-21,Raiders,Texans,4,2:16,2,7,RAI 23,27-20,29,0.14,2.39,2.25
2015-11-01,Jets,Raiders,3,8:42,2,7,50,6-28,28,1.92,4.11,2.19
2014-09-25,Redskins,Giants,4,13:33,2,7,WAS 23,14-38,27,0.14,2.26,2.12
2016-09-11,Buccaneers,Falcons,3,13:45,2,7,TAM 43,17-13,27,1.46,3.58,2.12
2016-12-11,Chargers,Panthers,3,7:52,2,7,CAR 49,7-26,27,1.99,4.11,2.12
2014-09-21,Jaguars,Colts,3,7:50,2,7,JAX 21,0-30,26,0.01,2.06,2.05
2014-10-23,Chargers,Broncos,3,5:06,2,7,DEN 44,7-28,26,2.32,4.37,2.05
2014-09-07,Rams,Vikings,3,12:22,2,7,RAM 43,0-13,26,1.46,3.51,2.05
2014-10-30,Saints,Panthers,4,9:15,2,7,CAR 44,21-10,25,2.32,4.31,1.99
2016-09-26,Saints,Falcons,3,10:14,2,7,ATL 44,17-35,25,2.32,4.31,1.99
2016-11-27,Bills,Jaguars,4,14:08,2,7,BUF 27,20-21,25,0.4,2.39,1.99
2015-09-20,Patriots,Bills,3,6:10,2,7,NWE 25,27-13,24,0.27,2.19,1.92
2015-09-14,Eagles,Falcons,4,10:18,2,7,PHI 23,17-23,24,0.14,2.06,1.92
2014-09-07,Falcons,Saints,4,4:04,2,7,NOR 48,24-27,23,2.05,3.91,1.86
2016-11-10,Ravens,Browns,3,8:09,2,7,CLE 37,13-7,23,2.78,4.65,1.87
2014-12-28,Bears,Vikings,3,10:07,2,7,CHI 21,6-10,22,0.01,1.8,1.79
2014-12-15,Saints,Bears,4,12:00,2,7,NOR 23,24-8,22,0.14,1.93,1.79
2015-09-20,Buccaneers,Saints,3,13:54,2,7,TAM 37,10-7,22,1.06,2.85,1.79
2014-09-28,Jets,Lions,4,8:20,2,7,NYJ 39,10-24,21,1.2,2.92,1.72
2014-11-02,Browns,Buccaneers,4,12:52,2,7,CLE 31,16-17,21,0.67,2.39,1.72
2016-09-11,Falcons,Buccaneers,4,9:13,2,7,ATL 43,21-31,21,1.46,3.18,1.72
2016-10-23,Dolphins,Bills,3,3:23,2,7,MIA 49,6-17,21,1.86,3.58,1.72
2016-11-13,Cardinals,49ers,3,13:09,2,7,CRD 39,20-10,21,1.2,2.92,1.72
2016-11-20,Rams,Dolphins,3,5:32,2,7,RAM 37,7-0,21,1.06,2.79,1.73
2016-12-24,Jaguars,Titans,4,8:01,2,7,JAX 38,25-17,21,1.13,2.85,1.72
2014-10-02,Packers,Vikings,3,13:00,2,7,GNB 33,28-0,20,0.8,2.46,1.66
2015-12-07,Redskins,Cowboys,4,11:26,2,7,WAS 40,9-6,20,1.26,2.92,1.66
2015-11-29,Dolphins,Jets,3,14:17,2,7,MIA 15,0-14,20,-0.5,1.27,1.77
2015-11-29,Falcons,Vikings,3,13:46,2,7,ATL 43,3-7,20,1.46,3.12,1.66
2015-09-13,Titans,Buccaneers,3,4:47,2,7,OTI 33,42-7,20,0.8,2.46,1.66
2016-09-25,Jaguars,Ravens,3,7:11,2,7,RAV 42,7-16,20,2.45,4.11,1.66
2014-11-30,Titans,Texans,3,13:15,2,7,OTI 43,0-24,19,1.46,3.05,1.59
2015-12-27,Steelers,Ravens,4,2:49,2,7,PIT 23,17-20,19,0.14,1.73,1.59
2015-12-13,Saints,Buccaneers,3,14:25,2,7,NOR 23,17-10,19,0.14,1.73,1.59
2015-10-15,Saints,Falcons,3,6:04,2,7,NOR 40,17-7,19,1.26,2.85,1.59
2015-10-19,Eagles,Giants,3,8:51,2,7,PHI 42,17-7,19,1.39,2.98,1.59
2015-12-27,Patriots,Jets,3,7:15,2,7,NYJ 42,3-17,19,2.45,4.04,1.59
2015-10-18,Ravens,49ers,4,10:08,2,7,RAV 23,13-25,19,0.14,1.73,1.59
2016-10-02,Steelers,Chiefs,3,13:39,2,7,PIT 45,29-0,19,1.59,3.18,1.59
2016-09-26,Falcons,Saints,3,6:42,2,7,ATL 45,35-25,19,1.59,3.18,1.59
2014-09-14,Broncos,Chiefs,4,6:24,2,7,KAN 43,21-17,18,2.38,3.91,1.53
2014-09-21,Packers,Lions,4,8:52,2,7,GNB 39,7-19,18,1.2,2.72,1.52
2014-11-13,Bills,Dolphins,3,8:14,2,7,BUF 49,6-3,18,1.86,3.38,1.52
2014-10-05,Texans,Cowboys,4,7:26,2,7,HTX 43,7-17,18,1.46,2.98,1.52
2015-09-13,Redskins,Dolphins,4,9:48,2,7,WAS 38,10-17,18,1.13,2.65,1.52
2015-12-27,Bills,Cowboys,3,10:38,2,7,DAL 47,6-6,18,2.12,3.64,1.52
2015-12-27,Jets,Patriots,3,2:43,2,7,NYJ 23,17-13,18,0.14,1.66,1.52
2016-10-30,Patriots,Bills,3,6:07,2,7,NWE 48,31-17,18,1.79,3.31,1.52
2016-09-08,Panthers,Broncos,4,7:04,2,7,CAR 47,17-21,18,1.72,3.25,1.53
2014-10-26,Patriots,Bears,4,13:32,2,7,CHI 45,45-15,17,2.25,3.71,1.46
2014-11-30,Saints,Steelers,4,14:09,2,7,NOR 23,28-16,17,0.14,1.6,1.46
2014-12-20,Redskins,Eagles,3,9:49,2,7,PHI 39,10-14,17,2.65,4.11,1.46
2016-10-09,Eagles,Lions,3,13:01,2,7,DET 48,10-21,17,2.05,3.51,1.46
2014-09-07,Rams,Vikings,4,4:00,2,7,MIN 45,3-27,16,2.25,3.64,1.39
2014-12-07,Raiders,49ers,3,7:55,2,7,RAI 23,10-13,16,0.14,1.53,1.39
2014-09-15,Colts,Eagles,4,9:34,2,7,CLT 40,27-20,16,1.26,2.65,1.39
2015-10-04,Cardinals,Rams,3,4:06,2,7,CRD 48,9-17,16,1.79,3.18,1.39
2015-12-20,49ers,Bengals,4,11:25,2,7,SFO 44,7-24,16,1.53,2.92,1.39
2015-09-20,Texans,Panthers,3,11:19,2,7,CAR 42,3-10,16,2.45,3.84,1.39
2014-11-30,Steelers,Saints,3,10:48,2,7,PIT 20,6-21,15,-0.06,1.27,1.33
2015-11-15,Dolphins,Eagles,3,2:03,2,7,MIA 27,13-16,15,0.4,1.73,1.33
2015-12-27,Patriots,Jets,3,13:51,2,7,NWE 45,3-10,15,1.59,2.92,1.33
2015-09-13,Redskins,Dolphins,4,8:49,2,7,MIA 41,10-17,15,2.52,3.84,1.32
2016-10-03,Giants,Vikings,4,8:43,2,7,NYG 28,10-24,15,0.47,1.8,1.33
2016-09-29,Dolphins,Bengals,3,13:19,2,7,MIA 44,7-16,15,1.53,2.85,1.32
2016-12-04,Jaguars,Broncos,4,11:22,2,7,JAX 30,10-17,15,0.6,1.93,1.33
2017-01-01,Cardinals,Rams,3,2:06,2,7,CRD 23,30-6,15,0.14,1.47,1.33
2014-10-27,Cowboys,Redskins,4,12:08,2,7,DAL 35,10-17,14,0.93,2.19,1.26
2014-12-14,Packers,Bills,4,12:23,2,7,GNB 46,10-16,14,1.66,2.92,1.26
2014-11-09,Lions,Dolphins,3,7:40,2,7,DET 26,10-6,14,0.34,1.6,1.26
2015-11-16,Texans,Bengals,3,9:29,2,7,HTX 32,3-6,14,0.73,1.99,1.26
2015-12-13,Redskins,Bears,4,11:51,2,7,WAS 40,24-21,14,1.26,2.52,1.26
2016-11-03,Buccaneers,Falcons,3,2:27,2,7,TAM 28,14-33,14,0.47,1.73,1.26
2014-10-23,Chargers,Broncos,4,11:22,2,7,DEN 35,14-35,13,2.91,4.11,1.20
2014-09-04,Packers,Seahawks,4,13:03,2,7,GNB 48,10-29,13,1.79,2.98,1.19
2014-11-09,Bears,Packers,3,4:45,2,7,CHI 20,7-48,13,-0.06,1.14,1.20
2014-10-26,Bears,Patriots,4,8:45,2,7,CHI 38,15-48,13,1.13,2.32,1.19
2014-11-16,Panthers,Falcons,4,10:45,2,7,CAR 32,3-16,13,0.73,1.93,1.20
2014-10-26,Rams,Chiefs,4,3:53,2,7,KAN 39,7-34,13,2.65,3.84,1.19
2014-11-16,Broncos,Rams,4,10:42,2,7,RAM 47,7-19,13,2.12,3.31,1.19
2014-11-02,Vikings,Redskins,4,8:19,2,7,MIN 30,21-26,13,0.6,1.8,1.20
2014-10-05,Browns,Titans,4,15:00,2,7,OTI 35,13-28,13,2.91,4.11,1.20
2016-09-18,Seahawks,Rams,4,7:24,2,7,SEA 26,3-9,13,0.34,1.53,1.19
2016-10-16,Steelers,Dolphins,4,3:15,2,7,PIT 19,8-23,13,-0.18,1.07,1.25
2016-10-09,Steelers,Jets,4,4:25,2,7,NYJ 42,24-13,13,2.45,3.64,1.19
2014-10-12,Chargers,Raiders,3,7:02,2,7,SDG 23,14-21,12,0.14,1.27,1.13
2014-12-14,Ravens,Jaguars,4,11:37,2,7,RAV 48,17-12,12,1.79,2.92,1.13
2014-09-07,Patriots,Dolphins,3,10:09,2,7,NWE 23,20-13,12,0.14,1.27,1.13
2014-11-30,Browns,Bills,4,11:32,2,7,CLE 23,3-20,12,0.14,1.27,1.13
2014-10-19,Dolphins,Bears,3,7:18,2,7,MIA 20,14-7,12,-0.06,1.07,1.13
2015-10-12,Chargers,Steelers,3,14:20,2,7,SDG 25,7-3,12,0.27,1.4,1.13
2016-01-03,Bears,Lions,4,8:02,2,7,50,17-24,12,1.92,3.05,1.13
2015-11-09,Chargers,Bears,4,12:44,2,7,SDG 34,16-14,12,0.87,1.99,1.12
2015-10-11,Packers,Rams,4,15:00,2,7,GNB 46,21-10,12,1.66,2.79,1.13
2016-10-03,Vikings,Giants,3,9:13,2,7,NYG 40,14-3,12,2.58,3.71,1.13
2016-09-18,Patriots,Dolphins,4,13:34,2,7,NWE 48,31-17,12,1.79,2.92,1.13
2016-12-18,Saints,Cardinals,3,2:07,2,7,NOR 47,27-27,12,1.72,2.85,1.13
2017-01-01,Jaguars,Colts,4,13:12,2,7,CLT 38,17-17,12,2.71,3.84,1.13
2017-01-01,Bears,Vikings,4,9:13,2,7,CHI 22,10-38,12,0.07,1.2,1.13
2014-12-14,Jets,Titans,4,5:11,2,7,NYJ 48,10-11,11,1.79,2.85,1.06
2014-12-07,Seahawks,Eagles,3,6:37,2,7,SEA 19,24-14,11,-0.18,0.94,1.12
2014-09-21,Texans,Giants,3,8:39,2,7,NYG 44,0-17,11,2.32,3.38,1.06
2014-11-16,Saints,Bengals,4,3:02,2,7,NOR 24,10-27,11,0.21,1.27,1.06
2014-09-14,Saints,Browns,4,7:43,2,7,NOR 26,24-23,11,0.34,1.4,1.06
2014-11-09,Ravens,Titans,3,10:24,2,7,RAV 41,7-7,11,1.33,2.39,1.06
2015-09-13,Giants,Cowboys,3,12:18,2,7,DAL 47,13-6,11,2.12,3.18,1.06
2016-10-16,Falcons,Seahawks,4,4:05,2,7,ATL 28,24-23,11,0.47,1.53,1.06
2016-11-13,Vikings,Redskins,4,8:56,2,7,MIN 15,20-23,11,-0.5,0.67,1.17
2016-12-18,Eagles,Ravens,4,10:27,2,7,PHI 28,17-27,11,0.47,1.53,1.06
2017-01-01,Packers,Lions,3,13:09,2,7,GNB 40,10-14,11,1.26,2.32,1.06
2014-10-05,Falcons,Giants,3,14:19,2,7,ATL 18,13-10,10,-0.28,0.81,1.09
2014-12-28,Ravens,Browns,4,14:07,2,7,RAV 20,3-10,10,-0.06,0.94,1.00
2014-09-14,49ers,Bears,4,4:20,2,7,SFO 45,20-28,10,1.59,2.59,1.00
2014-09-07,Chiefs,Titans,3,9:59,2,7,KAN 23,3-17,10,0.14,1.14,1.00
2014-12-14,Panthers,Buccaneers,4,2:34,2,7,CAR 37,19-17,10,1.06,2.06,1.00
2014-09-14,Chiefs,Broncos,4,13:00,2,7,KAN 24,10-21,10,0.21,1.2,.99
2014-11-16,Redskins,Buccaneers,3,11:15,2,7,WAS 25,7-13,10,0.27,1.27,1.00
2015-09-14,Vikings,49ers,4,9:17,2,7,MIN 23,3-17,10,0.14,1.14,1.00
2015-12-13,Jets,Titans,4,7:27,2,7,NYJ 33,27-8,10,0.8,1.8,1.00
2015-11-15,Cardinals,Seahawks,4,10:20,2,7,SEA 49,25-29,10,1.99,2.98,.99
2015-12-13,Ravens,Seahawks,4,6:42,2,7,SEA 45,6-35,10,2.25,3.25,1.00
2015-12-20,Eagles,Cardinals,4,9:36,2,7,CRD 46,17-37,10,2.19,3.18,.99
2015-10-25,Jets,Patriots,3,7:18,2,7,NWE 49,10-16,10,1.99,2.98,.99
2015-12-20,Giants,Panthers,3,2:30,2,7,CAR 38,7-35,10,2.71,4.65,1.94
2016-09-18,Chiefs,Texans,4,2:19,2,7,KAN 15,9-19,10,-0.5,0.61,1.11
2016-09-25,Bears,Cowboys,3,10:34,2,7,DAL 47,3-24,10,2.12,3.12,1.00
2016-10-09,Raiders,Chargers,3,7:18,2,7,SDG 44,16-24,10,2.32,3.31,.99
2016-10-16,Giants,Ravens,3,14:36,2,7,NYG 28,7-10,10,0.47,1.47,1.00
2016-10-09,Titans,Dolphins,3,4:31,2,7,OTI 28,24-17,10,0.47,1.47,1.00
2016-12-18,Saints,Cardinals,4,7:46,2,7,NOR 38,34-34,10,1.13,2.13,1.00
2016-12-24,Chargers,Browns,4,9:23,2,7,SDG 21,17-20,10,0.01,1,.99
2016-12-24,Titans,Jaguars,4,11:42,2,7,JAX 37,10-25,10,2.78,3.78,1.00
2017-01-01,Rams,Cardinals,3,4:42,2,7,RAM 35,6-30,10,0.93,1.93,1.00
2014-10-23,Chargers,Broncos,4,5:31,2,7,SDG 46,21-35,9,1.66,2.59,.93
2014-09-28,Bears,Packers,3,2:13,2,7,CHI 46,17-31,9,1.66,2.59,.93
2014-12-21,Browns,Panthers,4,6:18,2,7,CLE 32,13-17,9,0.73,1.66,.93
2014-11-16,Rams,Broncos,4,9:00,2,7,RAM 43,19-7,9,1.46,2.39,.93
2014-12-04,Cowboys,Bears,3,5:00,2,7,DAL 35,28-7,9,0.93,1.86,.93
2014-12-28,Browns,Ravens,4,3:04,2,7,CLE 36,10-20,9,1,1.93,.93
2014-10-05,Saints,Buccaneers,4,10:56,2,7,TAM 48,20-31,9,2.05,2.98,.93
2015-11-15,Dolphins,Eagles,3,12:16,2,7,MIA 16,13-16,9,-0.44,0.61,1.05
2015-12-24,Chargers,Raiders,3,14:14,2,7,SDG 18,17-10,9,-0.28,0.74,1.02
2015-10-18,Chiefs,Vikings,3,12:51,2,7,KAN 42,0-10,9,1.39,2.32,.93
2015-12-27,Chiefs,Browns,3,8:32,2,7,KAN 24,17-10,9,0.21,1.14,.93
2016-10-02,Bills,Patriots,4,12:40,2,7,BUF 18,16-0,9,-0.28,0.74,1.02
2016-09-18,Texans,Chiefs,4,7:02,2,7,HTX 28,16-9,9,0.47,1.4,.93
2016-10-30,Chargers,Broncos,4,2:00,2,7,SDG 36,19-27,9,1,1.93,.93
2016-11-03,Buccaneers,Falcons,4,2:50,2,7,TAM 45,20-43,9,1.59,2.52,.93
2016-11-20,Jaguars,Lions,3,6:32,2,7,JAX 16,12-16,9,-0.44,0.61,1.05
2016-12-11,Jets,49ers,3,10:56,2,7,SFO 44,3-17,9,2.32,3.25,.93
2016-12-18,Bills,Browns,3,6:57,2,7,BUF 45,17-10,9,1.59,3.51,1.92
2016-12-24,Seahawks,Cardinals,4,9:36,2,7,SEA 49,10-21,9,1.86,2.79,.93
2017-01-01,Jaguars,Colts,4,6:43,2,7,JAX 35,17-17,9,0.93,1.86,.93
2014-11-30,Texans,Titans,3,7:34,2,7,HTX 23,24-14,8,0.14,1,.86
2014-09-07,Jaguars,Eagles,3,2:54,2,7,JAX 18,17-14,8,-0.28,0.67,.95
2014-12-07,Browns,Colts,4,14:15,2,7,CLE 23,21-19,8,0.14,1,.86
2014-09-28,Texans,Bills,3,10:26,2,7,BUF 40,14-10,8,2.58,3.45,.87
2014-10-12,Cardinals,Redskins,3,10:55,2,7,CRD 19,14-13,8,-0.18,0.74,.92
2014-10-05,Buccaneers,Saints,3,12:45,2,7,NOR 40,10-13,8,2.58,3.45,.87
2014-09-07,Ravens,Bengals,3,6:20,2,7,RAV 21,0-15,8,0.01,0.87,.86
2014-09-14,Rams,Buccaneers,4,14:17,2,7,RAM 27,13-14,8,0.4,1.27,.87
2014-12-28,Cardinals,49ers,4,12:26,2,7,CRD 39,17-20,8,1.2,2.06,.86
2014-12-14,Jets,Titans,4,12:26,2,7,NYJ 30,10-11,8,0.6,1.47,.87
2015-12-27,Giants,Vikings,4,8:40,2,7,NYG 35,10-42,8,0.93,1.8,.87
2015-10-25,Chargers,Raiders,4,10:57,2,7,SDG 23,13-37,8,0.14,1,.86
2015-09-24,Giants,Redskins,3,11:24,2,7,NYG 45,15-6,8,1.59,2.46,.87
2015-10-26,Cardinals,Ravens,4,13:35,2,7,CRD 24,20-10,8,0.21,1.07,.86
2015-10-11,Lions,Cardinals,4,4:50,2,7,DET 17,10-42,8,-0.37,0.61,.98
2015-12-20,Bills,Redskins,3,14:24,2,7,BUF 23,0-21,8,0.14,1,.86
2015-10-04,Redskins,Eagles,4,2:07,2,7,PHI 42,16-20,8,2.45,3.31,.86
2016-01-03,Giants,Eagles,4,7:38,2,7,NYG 46,27-35,8,1.66,2.52,.86
2015-10-18,Bills,Bengals,3,8:58,2,7,BUF 27,14-24,8,0.4,1.27,.87
2015-09-20,Chargers,Bengals,3,13:07,2,7,SDG 42,6-14,8,1.39,2.26,.87
2015-12-13,Titans,Jets,3,14:23,2,7,OTI 23,0-27,8,0.14,1,.86
2015-11-29,Patriots,Broncos,3,3:10,2,7,NWE 38,14-7,8,1.13,1.99,.86
2015-12-27,Browns,Chiefs,3,13:44,2,7,KAN 45,3-17,8,2.25,3.12,.87
2016-11-17,Saints,Panthers,4,5:04,2,7,CAR 45,16-23,8,2.25,3.12,.87
2016-10-23,Lions,Redskins,4,7:42,2,7,DET 28,13-10,8,0.47,1.33,.86
2016-11-13,Buccaneers,Bears,4,15:00,2,7,TAM 41,29-10,8,1.33,2.19,.86
2016-10-30,Bengals,Redskins,3,2:05,2,7,CIN 48,20-17,8,1.79,2.65,.86
2016-12-18,Falcons,49ers,3,14:21,2,7,ATL 28,28-13,8,0.47,1.33,.86
2016-12-26,Lions,Cowboys,3,3:34,2,7,DET 28,21-35,8,0.47,1.33,.86
2014-11-30,Chargers,Ravens,3,14:22,2,7,SDG 23,10-16,7,0.14,0.94,.80
2014-12-21,Patriots,Jets,3,14:30,2,7,NWE 24,7-10,7,0.21,1,.79
2014-10-19,Dolphins,Bears,3,5:59,2,7,MIA 35,14-7,7,0.93,1.73,.80
2014-10-26,Jets,Bills,4,7:52,2,7,NYJ 49,17-43,7,1.86,2.65,.79
2015-11-26,Lions,Eagles,3,14:12,2,7,DET 23,24-7,7,0.14,0.94,.80
2015-11-15,Vikings,Raiders,4,7:22,2,7,RAI 38,20-14,7,2.71,3.51,.80
2015-11-22,Lions,Raiders,4,6:24,2,7,DET 33,18-13,7,0.8,1.6,.80
2015-12-10,Vikings,Cardinals,4,9:25,2,7,MIN 15,13-20,7,-0.5,0.41,.91
2016-09-25,Panthers,Vikings,3,6:10,2,7,CAR 45,10-16,7,1.59,2.39,.80
2016-10-16,Bears,Jaguars,4,2:00,2,7,CHI 45,16-17,7,1.59,2.39,.80
2016-10-20,Packers,Bears,3,4:03,2,7,GNB 15,13-10,7,-0.5,0.41,.91
2016-11-10,Ravens,Browns,4,9:18,2,7,RAV 47,21-7,7,1.72,2.52,.80
2017-01-01,Colts,Jaguars,3,5:46,2,7,CLT 35,10-17,7,0.93,1.73,.80
2017-01-01,Redskins,Giants,4,2:00,2,7,WAS 39,10-13,7,1.2,1.99,.79
2014-12-28,Titans,Colts,3,7:48,2,7,OTI 39,7-17,6,1.2,1.29,.09
2014-10-26,Saints,Packers,3,12:55,2,7,GNB 48,16-16,6,2.05,2.15,.10
2014-10-19,Broncos,49ers,3,7:44,2,7,DEN 41,35-10,6,1.33,1.42,.09
2014-11-13,Bills,Dolphins,3,14:28,2,7,BUF 25,6-3,6,0.27,0.37,.10
2014-09-21,Bills,Chargers,4,9:19,2,7,SDG 47,10-20,6,2.12,2.21,.09
2014-11-02,Steelers,Ravens,4,13:01,2,7,PIT 44,29-17,6,1.53,1.62,.09
2014-11-23,Colts,Jaguars,3,13:12,2,7,JAX 35,6-3,6,2.91,3.01,.10
2014-09-14,Saints,Browns,3,2:49,2,7,NOR 23,17-23,6,0.14,0.23,.09
2014-10-05,49ers,Chiefs,4,4:31,2,7,KAN 41,19-17,6,2.52,2.61,.09
2014-11-10,Panthers,Eagles,3,10:24,2,7,CAR 32,7-31,6,0.73,0.83,.10
2014-11-02,Steelers,Ravens,4,2:50,2,7,RAV 38,36-23,6,2.71,2.81,.10
2015-11-22,Eagles,Buccaneers,4,11:06,2,7,PHI 42,14-38,6,1.39,1.49,.10
2015-12-20,Cardinals,Eagles,3,2:05,2,7,PHI 35,23-10,6,2.91,3.01,.10
2015-09-27,Bills,Dolphins,3,3:31,2,7,BUF 38,27-8,6,1.13,1.22,.09
2015-09-27,Cowboys,Falcons,4,2:00,2,7,DAL 38,28-39,6,1.13,1.22,.09
2015-10-22,Seahawks,49ers,4,12:55,2,7,SFO 40,17-3,6,2.58,2.68,.10
2015-12-06,Seahawks,Vikings,4,15:00,2,7,SEA 35,35-7,6,0.93,1.03,.10
2015-09-13,Chiefs,Texans,4,7:42,2,7,HTX 38,27-9,6,2.71,2.81,.10
2016-10-02,Rams,Cardinals,4,13:39,2,7,CRD 41,10-13,6,2.52,2.61,.09
2016-10-23,Bills,Dolphins,3,9:01,2,7,BUF 26,10-6,6,0.34,0.43,.09
2016-09-11,Vikings,Titans,4,13:31,2,7,MIN 45,12-10,6,1.59,1.69,.10
2016-10-02,Seahawks,Jets,3,14:18,2,7,SEA 25,14-10,6,0.27,0.37,.10
2016-10-09,Bengals,Cowboys,4,15:00,2,7,CIN 44,0-28,6,1.53,1.62,.09
2016-12-01,Vikings,Cowboys,3,5:11,2,7,MIN 48,3-7,6,1.79,1.88,.09
2016-12-11,Saints,Buccaneers,4,10:57,2,7,NOR 47,11-16,6,1.72,1.82,.10
2016-12-24,Patriots,Jets,4,5:38,2,7,NWE 28,41-3,6,0.47,0.56,.09
2016-12-24,Falcons,Panthers,4,8:18,2,7,ATL 38,30-16,6,1.13,1.22,.09
2016-12-24,Rams,49ers,3,14:16,2,7,RAM 15,14-7,6,-0.5,-0.37,.13
2016-12-25,Ravens,Steelers,3,7:41,2,7,RAV 38,14-10,6,1.13,1.22,.09
2014-10-12,Titans,Jaguars,3,2:24,2,7,JAX 47,13-7,5,2.12,2.08,-0.04
2014-09-14,Packers,Jets,3,12:14,2,7,GNB 39,16-21,5,1.2,1.16,-0.04
2014-10-05,Giants,Falcons,4,7:50,2,7,NYG 48,24-20,5,1.79,1.75,-0.04
2014-10-05,Eagles,Rams,3,14:27,2,7,PHI 23,20-7,5,0.14,0.1,-0.04
2014-09-14,49ers,Bears,4,12:28,2,7,SFO 26,20-21,5,0.34,0.3,-0.04
2015-09-27,Jets,Eagles,4,14:15,2,7,PHI 39,7-24,5,2.65,2.61,-0.04
2015-10-18,Redskins,Jets,4,8:52,2,7,NYJ 36,13-34,5,2.85,2.81,-0.04
2015-09-20,Steelers,49ers,4,12:08,2,7,PIT 39,29-10,5,1.2,1.16,-0.04
2015-11-29,Rams,Bengals,3,4:53,2,7,RAM 23,7-31,5,0.14,0.1,-0.04
2015-09-27,Bengals,Ravens,4,12:51,2,7,CIN 23,14-10,5,0.14,0.1,-0.04
2015-11-22,Seahawks,49ers,4,9:21,2,7,SEA 35,29-13,5,0.93,0.89,-0.04
2015-10-18,Bears,Lions,3,8:02,2,7,CHI 47,13-21,5,1.72,1.69,-0.03
2015-11-22,Rams,Ravens,4,3:18,2,7,RAM 36,13-13,5,1,0.96,-0.04
2016-01-03,Buccaneers,Panthers,3,7:10,2,7,CAR 38,3-31,5,2.71,2.68,-0.03
2016-09-18,Redskins,Cowboys,4,4:12,2,7,WAS 28,23-27,5,0.47,0.43,-0.04
2016-11-24,Steelers,Colts,3,10:48,2,7,CLT 47,21-7,5,2.12,2.08,-0.04
2016-12-18,Cowboys,Buccaneers,3,10:31,2,7,DAL 41,17-13,5,1.33,1.29,-0.04
2014-12-14,Chargers,Broncos,3,14:26,2,7,SDG 23,3-9,4,0.14,-0.03,-0.17
2014-10-05,Cowboys,Texans,3,14:24,2,7,DAL 23,3-0,4,0.14,-0.03,-0.17
2014-10-05,Bengals,Patriots,4,2:00,2,7,NWE 39,17-43,4,2.65,2.48,-0.17
2014-12-14,Bengals,Browns,4,13:32,2,7,CIN 20,23-0,4,-0.06,-0.37,-0.31
2015-10-15,Saints,Falcons,4,11:09,2,7,NOR 48,24-14,4,1.79,1.62,-0.17
2015-09-13,Broncos,Ravens,3,6:08,2,7,DEN 17,9-13,4,-0.37,-0.56,-0.19
2015-12-27,Giants,Vikings,3,6:03,2,7,NYG 33,3-29,4,0.8,0.63,-0.17
2015-11-08,Rams,Vikings,4,7:31,2,7,RAM 23,15-18,4,0.14,-0.03,-0.17
2015-10-11,Rams,Packers,3,11:21,2,7,RAM 35,10-21,4,0.93,0.76,-0.17
2016-10-09,Patriots,Browns,4,13:20,2,7,NWE 18,30-13,4,-0.28,-0.51,-0.23
2016-12-04,Cardinals,Redskins,4,5:14,2,7,CRD 28,24-23,4,0.47,0.3,-0.17
2014-12-07,Browns,Colts,4,13:17,2,7,CLE 34,21-19,3,0.87,0.56,-0.31
2014-11-30,Bills,Browns,3,9:58,2,7,CLE 41,0-3,3,2.52,2.21,-0.31
2014-09-07,Jets,Raiders,4,15:00,2,7,NYJ 34,13-7,3,0.87,0.56,-0.31
2014-11-16,Panthers,Falcons,3,5:51,2,7,CAR 45,3-16,3,1.59,1.29,-0.30
2014-10-09,Colts,Texans,3,7:54,2,7,CLT 23,27-14,3,0.14,-0.16,-0.30
2014-12-14,Steelers,Falcons,4,3:54,2,7,PIT 33,27-20,3,0.8,0.5,-0.30
2015-12-13,Chargers,Chiefs,3,11:38,2,7,SDG 39,0-10,3,1.2,0.89,-0.31
2015-10-01,Steelers,Ravens,4,8:59,2,7,PIT 35,20-17,3,0.93,0.63,-0.30
2016-10-03,Vikings,Giants,4,12:53,2,7,MIN 27,17-10,3,0.4,0.1,-0.30
2016-10-02,Texans,Titans,4,13:33,2,7,HTX 26,27-20,3,0.34,0.04,-0.30
2016-11-20,Browns,Steelers,4,15:00,2,7,PIT 41,3-17,3,2.52,2.21,-0.31
2014-10-26,Raiders,Browns,3,13:03,2,7,RAI 33,6-9,2,0.8,0.37,-0.43
2014-12-28,Titans,Colts,4,11:46,2,7,OTI 33,10-20,2,0.8,0.37,-0.43
2014-11-09,49ers,Saints,3,2:09,2,7,SFO 26,21-17,2,0.34,-0.1,-0.44
2014-12-21,Ravens,Texans,4,9:17,2,7,RAV 27,7-25,2,0.4,-0.03,-0.43
2015-09-27,Ravens,Bengals,3,10:10,2,7,RAV 23,0-14,2,0.14,-0.3,-0.44
2015-10-22,Seahawks,49ers,4,2:12,2,7,SEA 39,20-3,2,1.2,0.76,-0.44
2016-11-13,Titans,Packers,3,7:15,2,7,GNB 35,35-22,2,2.91,2.48,-0.43
2016-09-18,Panthers,49ers,3,12:00,2,7,SFO 46,17-10,2,2.19,1.75,-0.44
2016-10-23,Titans,Colts,3,10:36,2,7,OTI 35,13-17,2,0.93,0.5,-0.43
2016-11-20,Redskins,Packers,3,4:57,2,7,WAS 29,16-10,2,0.54,0.1,-0.44
2016-12-04,Redskins,Cardinals,3,3:32,2,7,WAS 28,13-17,2,0.47,0.04,-0.43
2014-10-12,Bengals,Panthers,3,12:08,2,7,CAR 48,17-10,1,2.05,1.49,-0.56
2014-12-14,Jaguars,Ravens,4,4:10,2,7,RAV 35,12-17,1,2.91,2.34,-0.57
2016-10-23,Browns,Bengals,3,2:36,2,7,CLE 30,17-31,1,0.6,0.04,-0.56
2014-10-26,Dolphins,Jaguars,3,13:55,2,7,MIA 43,10-3,-1,1.46,0.63,-0.83
2014-10-05,Bills,Lions,4,4:23,2,7,DET 48,14-14,-1,2.05,1.22,-0.83
2014-09-21,Seahawks,Broncos,3,11:40,2,7,SEA 44,17-3,-1,1.53,0.7,-0.83
2015-10-18,Browns,Broncos,4,12:55,2,7,CLE 23,7-16,-2,0.14,-0.82,-0.96
2016-11-13,Chargers,Dolphins,4,15:00,2,7,SDG 35,17-21,-2,0.93,-0.03,-0.96
2015-09-13,Chargers,Lions,4,14:28,2,7,50,20-21,-3,1.92,0.83,-1.09
2015-10-11,Eagles,Saints,3,9:28,2,7,PHI 38,10-10,,1.13,0.43,-0.70
2016-09-25,Cardinals,Bills,3,14:17,2,7,CRD 28,7-17,,0.47,-0.23,-0.70