2015-10-04,Chargers,Browns,4,9:05,3,5,SDG 31,20-19,68,0.1,6.97,6.87
2015-11-08,Rams,Vikings,1,2:37,3,5,RAM 39,0-10,55,0.63,5.83,5.20
2015-12-13,Titans,Jets,4,13:34,3,5,OTI 15,8-27,51,-0.84,3.31,4.15
2015-09-20,Jaguars,Dolphins,2,5:10,3,5,MIA 46,16-6,46,1.62,7,5.38
2015-09-20,Steelers,49ers,1,6:58,3,5,PIT 22,0-0,41,-0.62,3.12,3.74
2015-11-29,Raiders,Titans,3,12:11,3,5,RAI 47,10-6,41,1.16,4.78,3.62
2016-09-25,Broncos,Bengals,2,14:04,3,5,CIN 41,9-7,41,1.95,7,5.05
2015-10-12,Steelers,Chargers,1,2:25,3,5,PIT 18,0-7,39,-0.83,2.72,3.55
2015-09-20,Giants,Falcons,3,12:20,3,5,NYG 47,13-10,37,1.16,4.51,3.35
2015-11-15,Rams,Bears,3,4:26,3,5,RAM 40,10-24,37,0.7,4.04,3.34
2015-11-08,Raiders,Steelers,3,8:25,3,5,PIT 37,14-21,36,2.21,6.97,4.76
2015-10-26,Cardinals,Ravens,3,12:10,3,5,RAV 44,14-10,35,1.75,5.14,3.39
2016-10-31,Bears,Vikings,3,13:49,3,5,CHI 30,13-3,34,0.04,3.18,3.14
2016-10-30,Patriots,Bills,4,11:03,3,5,NWE 49,38-17,33,1.29,4.37,3.08
2015-11-29,Raiders,Titans,4,3:08,3,5,RAI 31,17-21,31,0.1,3.05,2.95
2015-11-01,Chargers,Ravens,1,8:29,3,5,SDG 25,0-3,30,-0.3,2.59,2.89
2016-09-18,Ravens,Browns,2,2:44,3,5,RAV 30,2-20,30,0.04,2.92,2.88
2015-09-20,Redskins,Rams,4,5:57,3,5,WAS 40,17-10,29,0.7,3.51,2.81
2015-12-20,Patriots,Titans,1,11:54,3,5,NWE 26,0-0,29,-0.23,2.59,2.82
2016-01-03,Redskins,Cowboys,2,11:23,3,5,WAS 28,21-0,28,-0.1,2.65,2.75
2016-09-18,Browns,Ravens,1,12:25,3,5,CLE 41,0-0,28,0.76,3.51,2.75
2016-11-03,Buccaneers,Falcons,4,9:29,3,5,TAM 30,14-40,28,0.04,2.79,2.75
2016-11-06,Panthers,Rams,3,12:57,3,5,CAR 28,7-0,28,-0.1,2.65,2.75
2016-11-20,Redskins,Packers,3,12:20,3,5,GNB 49,13-10,28,1.42,4.17,2.75
2016-12-04,Redskins,Cardinals,3,2:50,3,5,WAS 30,13-17,28,0.04,2.79,2.75
2016-12-17,Jets,Dolphins,4,15:00,3,5,MIA 41,10-34,28,1.95,4.71,2.76
2015-12-13,Seahawks,Ravens,2,11:13,3,5,SEA 37,7-3,26,0.5,4.11,3.61
2015-12-06,49ers,Bears,2,4:27,3,5,SFO 34,13-13,26,0.3,2.92,2.62
2015-09-20,Giants,Falcons,2,12:59,3,5,ATL 49,0-7,26,1.42,4.04,2.62
2015-11-08,49ers,Falcons,3,9:59,3,5,SFO 16,17-13,26,-0.84,1.73,2.57
2015-10-18,Browns,Broncos,3,13:13,3,5,CLE 45,0-10,25,1.03,3.58,2.55
2015-11-22,Chiefs,Chargers,2,11:17,3,5,KAN 25,6-3,25,-0.3,2.26,2.56
2015-11-22,Packers,Vikings,1,8:30,3,5,GNB 36,0-0,25,0.43,2.98,2.55
2016-10-30,Browns,Jets,3,6:51,3,5,CLE 30,20-14,25,0.04,2.59,2.55
2016-11-27,49ers,Dolphins,3,10:07,3,5,SFO 48,7-17,25,1.22,3.78,2.56
2016-12-12,Ravens,Patriots,4,4:11,3,5,RAV 46,20-30,25,1.09,3.64,2.55
2015-10-25,Buccaneers,Redskins,3,6:06,3,5,TAM 25,24-21,24,-0.3,2.19,2.49
2015-11-26,Panthers,Cowboys,1,11:04,3,5,CAR 27,7-0,24,-0.16,2.32,2.48
2016-01-03,Eagles,Giants,4,12:04,3,5,PHI 44,28-27,24,0.96,3.45,2.49
2016-11-27,Broncos,Chiefs,3,11:04,3,5,KAN 42,3-9,24,1.88,4.37,2.49
2015-11-01,Bengals,Steelers,4,4:12,3,5,PIT 40,6-10,23,2.01,4.44,2.43
2015-12-07,Redskins,Cowboys,2,14:21,3,5,WAS 25,0-0,23,-0.3,3.12,3.42
2015-11-09,Bears,Chargers,3,2:12,3,5,CHI 35,7-16,23,0.37,2.79,2.42
2016-10-02,Saints,Chargers,2,12:13,3,5,SDG 46,7-7,23,1.62,4.04,2.42
2016-10-16,Bengals,Patriots,3,13:20,3,5,CIN 40,7-10,23,0.7,3.12,2.42
2016-11-06,Saints,49ers,1,8:44,3,5,NOR 22,0-3,23,-0.62,1.93,2.55
2016-12-11,Titans,Broncos,1,10:45,3,5,DEN 43,0-0,23,1.82,4.24,2.42
2016-11-13,Patriots,Seahawks,1,13:46,3,5,NWE 43,0-0,22,0.89,3.25,2.36
2016-09-11,Jets,Bengals,4,5:44,3,5,CIN 37,19-20,22,2.21,4.58,2.37
2016-12-04,Dolphins,Ravens,3,11:22,3,5,RAV 41,0-24,22,1.95,4.31,2.36
2015-10-11,Saints,Eagles,1,6:41,3,5,NOR 25,0-0,21,-0.3,1.99,2.29
2015-11-15,Packers,Lions,3,9:22,3,5,GNB 34,3-9,21,0.3,2.59,2.29
2015-10-25,Steelers,Chiefs,1,7:54,3,5,PIT 38,0-3,21,0.56,2.85,2.29
2015-12-20,Chiefs,Ravens,2,8:19,3,5,KAN 20,21-7,21,-0.76,1.66,2.42
2017-01-01,Redskins,Giants,2,8:39,3,5,WAS 30,0-10,21,0.04,2.32,2.28
2015-12-27,Dolphins,Colts,3,9:45,3,5,MIA 26,6-15,20,-0.23,1.99,2.22
2015-09-27,Ravens,Bengals,3,9:25,3,5,RAV 25,0-14,20,-0.3,1.93,2.23
2015-11-29,Redskins,Giants,4,3:29,3,5,WAS 28,20-14,20,-0.1,2.13,2.23
2016-11-13,Packers,Titans,1,12:44,3,5,GNB 30,0-7,20,0.04,2.26,2.22
2016-10-02,Cardinals,Rams,3,11:54,3,5,RAM 47,10-10,20,1.55,3.78,2.23
2016-10-30,Saints,Seahawks,4,3:55,3,5,SEA 44,22-20,20,1.75,3.97,2.22
2015-09-27,Browns,Raiders,4,2:00,3,5,CLE 17,20-27,19,-0.84,1.33,2.17
2015-11-15,Titans,Panthers,1,4:24,3,5,CAR 44,0-7,19,1.75,3.91,2.16
2016-09-18,Ravens,Browns,3,14:14,3,5,RAV 30,12-20,19,0.04,2.19,2.15
2016-09-11,Patriots,Cardinals,2,11:48,3,5,NWE 21,10-0,19,-0.7,1.6,2.30
2016-09-11,Bears,Texans,4,11:24,3,5,CHI 22,14-20,19,-0.62,1.66,2.28
2016-11-13,Saints,Broncos,1,4:41,3,5,NOR 30,0-7,19,0.04,2.19,2.15
2016-11-20,Buccaneers,Chiefs,1,2:46,3,5,KAN 40,0-3,19,2.01,4.17,2.16
2016-12-11,Falcons,Rams,3,6:39,3,5,RAM 39,28-0,19,2.08,4.24,2.16
2016-01-03,Giants,Eagles,4,8:40,3,5,NYG 25,27-35,18,-0.3,1.8,2.10
2015-09-13,Redskins,Dolphins,1,3:11,3,5,WAS 46,3-0,18,1.09,3.18,2.09
2015-10-25,Saints,Colts,2,6:10,3,5,NOR 25,20-0,18,-0.3,1.8,2.10
2015-10-11,Patriots,Cowboys,3,11:28,3,5,DAL 41,13-3,18,1.95,4.04,2.09
2016-10-20,Packers,Bears,3,11:40,3,5,CHI 36,6-10,18,2.28,4.37,2.09
2016-10-30,Chargers,Broncos,1,10:21,3,5,SDG 20,0-3,18,-0.76,1.47,2.23
2016-10-02,Steelers,Chiefs,4,10:23,3,5,PIT 30,36-7,18,0.04,2.13,2.09
2016-11-13,Jaguars,Texans,2,13:12,3,5,JAX 37,7-14,18,0.5,2.59,2.09
2016-12-04,Ravens,Dolphins,2,10:12,3,5,RAV 17,14-0,18,-0.84,1.27,2.11
2016-12-08,Raiders,Chiefs,2,4:28,3,5,RAI 23,3-21,18,-0.53,1.66,2.19
2015-12-17,Rams,Buccaneers,2,5:27,3,5,RAM 43,14-3,17,0.89,2.92,2.03
2015-11-01,Ravens,Chargers,3,2:19,3,5,RAV 25,16-23,17,-0.3,1.73,2.03
2016-10-02,Broncos,Buccaneers,3,4:04,3,5,DEN 30,20-7,17,0.04,2.06,2.02
2016-10-10,Buccaneers,Panthers,1,9:56,3,5,CAR 47,0-0,17,1.55,3.58,2.03
2016-09-25,Jaguars,Ravens,3,9:07,3,5,JAX 27,7-16,17,-0.16,1.86,2.02
2016-11-13,Jaguars,Texans,3,11:30,3,5,JAX 39,10-14,17,0.63,2.65,2.02
2016-11-20,Cowboys,Ravens,4,6:40,3,5,DAL 30,24-17,17,0.04,2.06,2.02
2015-11-08,Buccaneers,Giants,3,10:11,3,5,TAM 22,9-20,16,-0.62,1.47,2.09
2015-10-19,Eagles,Giants,4,10:48,3,5,NYG 42,24-7,16,1.88,3.84,1.96
2015-11-01,Saints,Giants,4,3:33,3,5,NOR 48,42-49,16,1.22,3.18,1.96
2016-10-02,Raiders,Ravens,2,7:03,3,5,RAI 25,7-3,16,-0.3,1.66,1.96
2016-09-11,Eagles,Browns,4,7:36,3,5,50,22-10,16,1.36,3.31,1.95
2016-10-16,Saints,Panthers,2,7:54,3,5,NOR 25,21-0,16,-0.3,1.66,1.96
2016-12-12,Ravens,Patriots,2,4:07,3,5,RAV 15,0-16,16,-0.84,1,1.84
2016-12-18,Titans,Chiefs,4,6:46,3,5,OTI 29,10-17,16,-0.03,1.93,1.96
2017-01-01,Browns,Steelers,2,13:35,3,5,50,7-0,16,1.36,3.31,1.95
2015-12-06,Texans,Bills,3,6:55,3,5,HTX 48,13-21,15,1.22,3.12,1.90
2015-11-23,Bills,Patriots,4,7:01,3,5,BUF 30,10-20,15,0.04,1.93,1.89
2015-11-15,Lions,Packers,3,6:44,3,5,DET 27,9-3,15,-0.16,1.73,1.89
2015-10-04,Colts,Jaguars,1,7:09,3,5,CLT 45,0-0,15,1.03,2.92,1.89
2015-09-27,Rams,Steelers,1,5:58,3,5,RAM 25,0-3,15,-0.3,1.6,1.90
2016-09-12,Rams,49ers,4,3:52,3,5,RAM 46,0-28,15,1.09,2.98,1.89
2016-09-25,Packers,Lions,1,13:51,3,5,GNB 30,0-0,15,0.04,1.93,1.89
2016-10-30,Cowboys,Eagles,3,3:16,3,5,PHI 38,10-20,15,2.15,4.04,1.89
2016-12-08,Chiefs,Raiders,1,5:00,3,5,KAN 36,0-3,15,0.43,2.32,1.89
2016-12-24,Raiders,Colts,1,5:14,3,5,CLT 49,0-0,15,1.42,3.31,1.89
2015-12-27,Seahawks,Rams,4,9:24,3,5,SEA 44,10-23,14,0.96,2.79,1.83
2015-12-20,Bears,Vikings,2,12:10,3,5,CHI 49,0-10,14,1.29,3.12,1.83
2015-12-20,Browns,Seahawks,1,13:49,3,5,CLE 25,0-0,14,-0.3,1.53,1.83
2016-10-09,Broncos,Falcons,1,10:13,3,5,DEN 30,0-7,14,0.04,1.86,1.82
2016-10-02,Cowboys,49ers,3,3:34,3,5,SFO 44,14-17,14,1.75,3.58,1.83
2016-11-13,Buccaneers,Bears,2,8:20,3,5,CHI 44,7-3,14,1.75,3.58,1.83
2016-12-18,Lions,Giants,4,11:22,3,5,DET 24,6-10,14,-0.42,1.47,1.89
2016-12-18,Ravens,Eagles,2,13:13,3,5,RAV 30,10-11,14,0.04,1.86,1.82
2017-01-01,Broncos,Raiders,3,12:14,3,5,DEN 41,17-0,14,0.76,2.59,1.83
2015-10-25,Jets,Patriots,3,8:36,3,5,NYJ 35,10-16,13,0.37,2.13,1.76
2016-10-23,Chargers,Falcons,4,12:33,3,5,SDG 30,20-30,13,0.04,1.8,1.76
2017-01-01,Panthers,Buccaneers,4,10:42,3,5,TAM 46,10-10,13,1.62,3.38,1.76
2016-10-09,Bears,Colts,2,11:41,3,5,CHI 30,3-10,12,0.04,1.73,1.69
2015-10-11,Chiefs,Bears,2,2:00,3,5,KAN 32,14-3,12,0.17,1.86,1.69
2015-10-25,Chiefs,Steelers,1,12:07,3,5,KAN 46,0-0,12,1.09,2.79,1.70
2015-11-22,Colts,Falcons,2,7:25,3,5,CLT 25,0-14,12,-0.3,1.4,1.70
2015-10-04,Jaguars,Colts,4,6:58,3,5,JAX 38,13-13,12,0.56,2.26,1.70
2015-11-29,Falcons,Vikings,2,12:54,3,5,ATL 25,0-7,12,-0.3,1.4,1.70
2015-11-22,Buccaneers,Eagles,1,8:51,3,5,TAM 49,0-7,12,1.29,2.98,1.69
2015-12-03,Lions,Packers,1,5:23,3,5,DET 29,3-0,12,-0.03,1.66,1.69
2015-12-06,Jaguars,Titans,3,9:52,3,5,OTI 47,12-21,12,1.55,3.25,1.70
2016-01-03,Ravens,Bengals,2,8:31,3,5,RAV 40,3-0,12,0.7,2.39,1.69
2015-10-11,Buccaneers,Jaguars,4,3:26,3,5,TAM 40,38-24,12,0.7,2.39,1.69
2016-11-13,Broncos,Saints,3,7:00,3,5,DEN 43,10-10,12,0.89,2.59,1.70
2016-09-11,Texans,Bears,2,15:00,3,5,CHI 37,0-7,12,2.21,3.91,1.70
2016-09-11,Texans,Bears,4,4:00,3,5,HTX 29,23-14,12,-0.03,1.66,1.69
2016-12-18,Bears,Packers,4,8:26,3,5,GNB 39,17-27,12,2.08,3.78,1.70
2017-01-01,Vikings,Bears,3,8:01,3,5,MIN 16,24-10,12,-0.84,1.8,2.64
2017-01-01,Chiefs,Chargers,4,8:53,3,5,SDG 45,33-20,12,1.69,3.38,1.69
2017-01-01,Raiders,Broncos,1,3:48,3,5,RAI 37,0-7,12,0.5,2.19,1.69
2015-11-08,Dolphins,Bills,3,6:06,3,5,MIA 49,14-19,11,1.29,2.92,1.63
2015-09-13,Jaguars,Panthers,3,10:03,3,5,JAX 25,9-10,11,-0.3,1.33,1.63
2015-12-27,Texans,Titans,2,8:46,3,5,HTX 21,10-0,11,-0.7,1.07,1.77
2015-10-11,Packers,Rams,2,6:40,3,5,GNB 25,14-7,11,-0.3,1.33,1.63
2016-09-25,Raiders,Titans,2,14:10,3,5,RAI 31,7-3,11,0.1,1.73,1.63
2016-10-02,Titans,Texans,4,3:11,3,5,HTX 43,20-27,11,1.82,3.45,1.63
2016-10-16,Lions,Rams,4,13:31,3,5,DET 21,21-28,11,-0.7,1.07,1.77
2016-09-11,Cardinals,Patriots,2,14:22,3,5,50,0-10,11,1.36,2.98,1.62
2016-09-29,Dolphins,Bengals,3,14:17,3,5,MIA 30,7-16,11,0.04,1.66,1.62
2016-11-03,Falcons,Buccaneers,3,13:09,3,5,ATL 33,20-14,11,0.23,1.86,1.63
2016-11-20,Colts,Titans,4,2:35,3,5,CLT 24,24-17,11,-0.42,1.27,1.69
2016-11-20,Eagles,Seahawks,4,6:08,3,5,SEA 35,7-26,11,2.34,3.97,1.63
2016-11-27,Giants,Browns,1,6:17,3,5,NYG 31,0-0,11,0.1,1.73,1.63
2015-10-25,Giants,Cowboys,4,13:39,3,5,NYG 39,20-13,10,0.63,2.19,1.56
2015-09-13,Ravens,Broncos,1,13:52,3,5,RAV 25,0-0,10,-0.3,1.27,1.57
2015-11-15,Ravens,Jaguars,1,9:38,3,5,RAV 37,0-0,10,0.5,2.06,1.56
2015-12-13,Buccaneers,Saints,3,9:46,3,5,TAM 43,10-17,10,0.89,2.46,1.57
2015-09-10,Patriots,Steelers,3,13:29,3,5,NWE 35,14-3,10,0.37,1.93,1.56
2015-10-11,Falcons,Redskins,4,6:44,3,5,ATL 25,12-13,10,-0.3,1.27,1.57
2015-10-04,Vikings,Broncos,1,7:00,3,5,MIN 25,0-3,10,-0.3,1.27,1.57
2016-10-30,Texans,Lions,1,3:13,3,5,HTX 44,0-0,10,0.96,2.52,1.56
2016-09-18,Buccaneers,Cardinals,3,6:52,3,5,TAM 30,7-27,10,0.04,1.6,1.56
2016-10-30,Cowboys,Eagles,4,4:59,3,5,DAL 27,16-23,10,-0.16,1.4,1.56
2016-09-18,Bengals,Steelers,1,12:03,3,5,CIN 25,0-0,10,-0.3,1.27,1.57
2016-09-11,Ravens,Bills,2,2:07,3,5,RAV 28,10-7,10,-0.1,1.47,1.57
2015-12-27,Giants,Vikings,2,2:35,3,5,NYG 25,3-16,9,-0.3,1.2,1.50
2015-12-06,Rams,Cardinals,2,9:18,3,5,RAM 15,0-7,9,-0.84,0.54,1.38
2016-01-03,Texans,Jaguars,4,7:30,3,5,HTX 42,20-6,9,0.83,2.32,1.49
2015-11-29,Giants,Redskins,1,14:23,3,5,NYG 25,0-0,9,-0.3,1.2,1.50
2015-10-18,Broncos,Browns,1,12:45,3,5,DEN 33,0-0,9,0.23,1.73,1.50
2015-10-04,Redskins,Eagles,2,8:54,3,5,WAS 48,6-0,9,1.22,2.72,1.50
2015-09-13,Panthers,Jaguars,1,12:49,3,5,CAR 35,0-0,9,0.37,1.86,1.49
2016-01-03,Rams,49ers,3,8:22,3,5,RAM 25,16-13,9,-0.3,1.2,1.50
2015-12-13,Bills,Eagles,3,8:29,3,5,BUF 25,10-20,9,-0.3,1.2,1.50
2015-11-01,Jets,Raiders,4,11:43,3,5,NYJ 34,13-34,9,0.3,1.8,1.50
2015-10-25,Texans,Dolphins,3,11:57,3,5,HTX 29,0-41,9,-0.03,1.47,1.50
2015-11-19,Jaguars,Titans,3,13:46,3,5,JAX 25,6-6,9,-0.3,1.2,1.50
2015-12-20,Falcons,Jaguars,4,4:49,3,5,JAX 43,20-17,9,1.82,3.31,1.49
2016-10-13,Broncos,Chargers,2,9:16,3,5,DEN 30,0-10,9,0.04,1.53,1.49
2016-10-17,Cardinals,Jets,4,12:58,3,5,CRD 31,21-3,9,0.1,1.6,1.50
2016-09-11,Chargers,Chiefs,1,4:29,3,5,SDG 40,7-3,9,0.7,2.19,1.49
2016-09-11,Cowboys,Giants,1,2:49,3,5,DAL 15,3-0,9,-0.84,0.54,1.38
2016-09-18,Steelers,Bengals,2,14:56,3,5,PIT 25,7-3,9,-0.3,1.2,1.50
2016-09-18,Buccaneers,Cardinals,3,13:33,3,5,TAM 43,0-24,9,0.89,2.39,1.50
2016-09-18,Ravens,Browns,1,3:49,3,5,RAV 30,2-20,9,0.04,1.53,1.49
2016-10-16,Packers,Cowboys,4,9:27,3,5,GNB 43,9-27,9,0.89,2.39,1.50
2016-11-20,Packers,Redskins,1,2:28,3,5,GNB 30,0-7,9,0.04,1.53,1.49
2016-11-20,Redskins,Packers,3,4:10,3,5,WAS 31,16-10,9,0.1,1.6,1.50
2016-12-11,Lions,Bears,3,10:14,3,5,DET 25,10-3,9,-0.3,1.2,1.50
2016-12-18,Jaguars,Texans,3,14:23,3,5,JAX 30,13-11,9,0.04,1.53,1.49
2016-12-18,Bengals,Steelers,3,8:52,3,5,CIN 28,20-12,9,-0.1,1.4,1.50
2016-12-18,Cardinals,Saints,1,14:20,3,5,CRD 27,0-0,9,-0.16,1.33,1.49
2017-01-01,Packers,Lions,4,5:21,3,5,DET 43,23-17,9,1.82,3.31,1.49
2017-01-01,Patriots,Dolphins,2,10:35,3,5,NWE 15,17-0,9,-0.84,0.54,1.38
2015-11-22,Rams,Ravens,2,13:17,3,5,RAM 43,7-0,8,0.89,2.32,1.43
2015-10-25,Rams,Browns,4,3:48,3,5,RAM 38,24-6,8,0.56,-0.36,-0.92
2015-10-04,Buccaneers,Panthers,2,9:40,3,5,TAM 25,3-17,8,-0.3,1.14,1.44
2015-10-04,Jaguars,Colts,2,3:00,3,5,JAX 37,10-10,8,0.5,1.93,1.43
2015-12-14,Dolphins,Giants,2,7:33,3,5,MIA 39,14-10,8,0.63,2.06,1.43
2015-10-15,Saints,Falcons,3,10:29,3,5,ATL 42,14-7,8,1.88,3.31,1.43
2015-12-27,Packers,Cardinals,2,13:27,3,5,GNB 25,0-7,8,-0.3,1.14,1.44
2015-12-27,Rams,Seahawks,4,15:00,3,5,RAM 43,16-10,8,0.89,2.32,1.43
2015-11-29,Buccaneers,Colts,4,5:26,3,5,TAM 25,12-25,8,-0.3,1.14,1.44
2015-12-13,Seahawks,Ravens,2,2:31,3,5,SEA 20,7-3,8,-0.76,0.81,1.57
2016-01-03,Giants,Eagles,4,6:33,3,5,PHI 41,27-35,8,1.95,3.38,1.43
2015-12-27,Cardinals,Packers,4,12:50,3,5,CRD 31,38-8,8,0.1,1.53,1.43
2015-12-13,Seahawks,Ravens,3,12:57,3,5,SEA 42,14-6,8,0.83,2.26,1.43
2015-09-20,Giants,Falcons,2,4:06,3,5,NYG 25,3-10,8,-0.3,1.14,1.44
2016-10-09,Dolphins,Titans,1,10:37,3,5,MIA 20,0-0,8,-0.76,0.81,1.57
2016-10-16,Bills,49ers,1,10:15,3,5,BUF 28,0-0,8,-0.1,1.33,1.43
2016-11-07,Bills,Seahawks,1,11:08,3,5,BUF 30,7-7,8,0.04,1.47,1.43
2016-10-23,Jets,Ravens,2,3:11,3,5,NYJ 20,7-13,8,-0.76,0.81,1.57
2016-09-19,Eagles,Bears,2,6:21,3,5,PHI 17,3-7,8,-0.84,0.61,1.45
2016-11-27,Bears,Titans,4,12:29,3,5,CHI 44,7-27,8,0.96,2.39,1.43
2016-11-27,Bears,Titans,4,11:20,3,5,OTI 43,7-27,8,1.82,3.25,1.43
2016-12-19,Panthers,Redskins,4,8:36,3,5,50,23-12,8,1.36,2.79,1.43
2016-12-25,Chiefs,Broncos,2,5:52,3,5,KAN 30,21-10,8,0.04,1.47,1.43
2016-12-24,Bengals,Texans,4,2:19,3,5,CIN 33,10-12,8,0.23,1.66,1.43
2017-01-01,Seahawks,49ers,3,13:33,3,5,SEA 28,19-14,8,-0.1,1.33,1.43
2016-01-03,Seahawks,Cardinals,3,13:08,3,5,CRD 48,30-6,7,1.49,2.85,1.36
2015-11-19,Jaguars,Titans,2,5:40,3,5,OTI 45,3-6,7,1.69,3.05,1.36
2015-11-22,Raiders,Lions,2,5:00,3,5,DET 46,0-6,7,1.62,2.98,1.36
2015-09-13,Browns,Jets,4,14:53,3,5,CLE 25,10-24,7,-0.3,1.07,1.37
2015-12-20,Eagles,Cardinals,3,8:04,3,5,PHI 29,10-23,7,-0.03,1.33,1.36
2015-10-19,Eagles,Giants,3,2:59,3,5,PHI 15,24-7,7,-0.84,0.41,1.25
2016-01-03,Texans,Jaguars,4,14:26,3,5,HTX 25,20-6,7,-0.3,1.07,1.37
2015-11-01,Chargers,Ravens,2,2:00,3,5,RAV 42,10-13,7,1.88,3.25,1.37
2015-12-27,Steelers,Ravens,3,13:32,3,5,PIT 26,3-13,7,-0.23,1.14,1.37
2016-01-03,Seahawks,Cardinals,1,10:16,3,5,SEA 33,0-0,7,0.23,1.6,1.37
2015-10-04,Falcons,Texans,2,5:56,3,5,ATL 37,21-0,7,0.5,1.86,1.36
2016-09-11,Giants,Cowboys,1,5:16,3,5,NYG 30,0-3,7,0.04,1.4,1.36
2016-11-13,Panthers,Chiefs,2,2:30,3,5,KAN 45,10-0,7,1.69,3.05,1.36
2016-09-11,Patriots,Cardinals,1,2:40,3,5,CRD 43,7-0,7,1.82,3.18,1.36
2016-09-11,Jets,Bengals,2,5:13,3,5,CIN 39,13-10,7,2.08,3.45,1.37
2016-09-18,Titans,Lions,4,5:19,3,5,OTI 32,10-15,7,0.17,1.53,1.36
2016-09-18,Seahawks,Rams,1,5:29,3,5,SEA 24,0-3,7,-0.42,1,1.42
2016-10-16,Cowboys,Packers,4,5:27,3,5,DAL 43,27-16,7,0.89,2.26,1.37
2016-11-13,Eagles,Falcons,3,13:37,3,5,PHI 24,7-6,7,-0.42,1,1.42
2016-11-06,Panthers,Rams,3,6:01,3,5,CAR 43,7-0,7,0.89,2.26,1.37
2016-11-20,Lions,Jaguars,4,2:25,3,5,JAX 36,23-19,7,2.28,3.64,1.36
2016-12-11,Lions,Bears,1,12:42,3,5,DET 38,0-0,7,0.56,1.93,1.37
2016-12-04,Panthers,Seahawks,4,2:00,3,5,CAR 35,7-40,7,0.37,1.73,1.36
2016-12-22,Eagles,Giants,2,6:17,3,5,PHI 30,14-6,7,0.04,1.4,1.36
2015-11-01,Chiefs,Lions,4,4:19,3,5,KAN 38,45-10,6,0.56,1.86,1.30
2015-11-01,Jets,Raiders,1,13:37,3,5,NYJ 20,0-0,6,-0.76,0.67,1.43
2015-11-22,Colts,Falcons,2,5:48,3,5,CLT 42,0-14,6,0.83,2.13,1.30
2015-12-27,Patriots,Jets,4,9:04,3,5,NWE 36,13-20,6,0.43,1.73,1.30
2015-11-01,Texans,Titans,1,4:18,3,5,HTX 41,0-3,6,0.76,2.06,1.30
2015-11-01,Browns,Cardinals,4,2:09,3,5,CLE 25,20-34,6,-0.3,1,1.30
2015-12-06,Ravens,Dolphins,2,2:29,3,5,RAV 30,0-0,6,0.04,1.33,1.29
2015-09-13,Broncos,Ravens,1,10:06,3,5,DEN 30,0-0,6,0.04,1.33,1.29
2016-01-03,Cardinals,Seahawks,2,5:12,3,5,CRD 25,6-17,6,-0.3,1,1.30
2015-11-09,Bears,Chargers,3,4:40,3,5,CHI 24,7-16,6,-0.42,0.94,1.36
2015-09-13,Cowboys,Giants,1,13:39,3,5,DAL 23,0-0,6,-0.53,0.87,1.40
2015-11-29,Rams,Bengals,4,5:14,3,5,CIN 47,7-31,6,1.55,2.85,1.30
2016-10-16,Rams,Lions,3,3:03,3,5,RAM 38,21-21,6,0.56,1.86,1.30
2016-10-02,Colts,Jaguars,4,4:32,3,5,CLT 30,20-30,6,0.04,1.33,1.29
2016-11-06,Dolphins,Jets,3,13:55,3,5,MIA 30,14-13,6,0.04,1.33,1.29
2016-10-03,Vikings,Giants,3,13:11,3,5,NYG 40,14-3,6,2.01,3.31,1.30
2016-11-13,Vikings,Redskins,4,7:28,3,5,MIN 31,20-23,6,0.1,1.4,1.30
2016-09-25,Jets,Chiefs,2,5:03,3,5,NYJ 49,0-17,6,1.29,2.59,1.30
2016-10-02,Texans,Titans,1,7:22,3,5,HTX 25,7-0,6,-0.3,1.99,2.29
2016-10-16,Bills,49ers,2,4:31,3,5,BUF 30,14-13,6,0.04,1.33,1.29
2016-10-23,Ravens,Jets,4,2:32,3,5,RAV 35,16-24,6,0.37,1.66,1.29
2016-10-23,Chargers,Falcons,1,13:33,3,5,SDG 30,0-0,6,0.04,1.33,1.29
2016-09-19,Bears,Eagles,4,15:00,3,5,CHI 30,7-22,6,0.04,1.33,1.29
2016-11-20,Vikings,Cardinals,3,3:55,3,5,MIN 21,27-17,6,-0.7,1.73,2.43
2016-11-13,Jaguars,Texans,1,13:49,3,5,JAX 30,0-0,6,0.04,1.33,1.29
2016-11-06,Browns,Cowboys,3,9:10,3,5,CLE 24,10-28,6,-0.42,0.94,1.36
2016-11-27,Patriots,Jets,2,13:34,3,5,NWE 42,0-10,6,0.83,2.13,1.30
2016-12-04,Bears,49ers,4,4:00,3,5,SFO 49,24-6,6,1.42,2.72,1.30
2016-12-18,Patriots,Broncos,2,2:06,3,5,NWE 24,10-3,6,-0.42,0.94,1.36
2016-12-18,Texans,Jaguars,1,9:33,3,5,HTX 38,0-0,6,0.56,1.86,1.30
2017-01-01,Giants,Redskins,4,4:40,3,5,NYG 25,10-10,6,-0.3,1,1.30
2015-11-15,Eagles,Dolphins,2,2:00,3,5,MIA 49,16-13,5,1.42,2.65,1.23
2015-10-18,Seahawks,Panthers,1,10:42,3,5,SEA 36,0-0,5,0.43,1.66,1.23
2015-12-20,Packers,Raiders,2,2:22,3,5,RAI 45,14-6,5,1.69,2.92,1.23
2015-11-08,Jaguars,Jets,2,13:57,3,5,NYJ 43,3-14,5,1.82,3.05,1.23
2016-01-03,Jets,Bills,3,2:29,3,5,BUF 41,10-19,5,1.95,3.18,1.23
2015-11-08,Broncos,Colts,2,6:40,3,5,DEN 25,0-17,5,-0.3,0.94,1.24
2016-10-23,Giants,Rams,2,10:24,3,5,RAM 45,0-10,5,1.69,2.92,1.23
2016-10-23,Browns,Bengals,3,13:43,3,5,CLE 30,10-21,5,0.04,1.27,1.23
2016-10-03,Vikings,Giants,4,10:20,3,5,NYG 49,17-10,5,1.42,2.65,1.23
2016-11-27,Bills,Jaguars,2,5:38,3,5,BUF 37,0-7,5,0.5,1.73,1.23
2016-12-04,Steelers,Giants,1,12:31,3,5,PIT 41,0-0,5,0.76,1.99,1.23
2016-12-18,Steelers,Bengals,3,4:08,3,5,CIN 35,12-20,5,2.34,3.58,1.24
2015-12-20,Bears,Vikings,3,6:25,3,5,MIN 40,7-24,4,2.01,0.89,-1.12
2015-09-27,Jets,Eagles,1,13:16,3,5,NYJ 23,0-0,4,-0.53,-1.57,-1.04
2015-12-06,Jaguars,Titans,1,14:16,3,5,JAX 25,0-0,4,-0.3,-1.44,-1.14
2015-11-29,Falcons,Vikings,4,5:25,3,5,ATL 44,3-13,4,0.96,-0.19,-1.15
2015-11-29,Vikings,Falcons,1,13:13,3,5,MIN 36,0-0,4,0.43,-0.72,-1.15
2015-11-15,Lions,Packers,2,4:15,3,5,DET 37,0-3,4,0.5,-0.65,-1.15
2015-09-20,Vikings,Lions,1,6:11,3,5,MIN 24,7-0,4,-0.42,-1.5,-1.08
2015-11-22,Buccaneers,Eagles,2,2:23,3,5,PHI 48,21-14,4,1.49,0.33,-1.16
2015-09-27,Seahawks,Bears,4,9:08,3,5,CHI 47,23-0,4,1.55,0.4,-1.15
2015-12-27,Seahawks,Rams,1,3:21,3,5,RAM 47,0-10,4,1.55,0.4,-1.15
2015-10-04,Falcons,Texans,1,10:52,3,5,HTX 49,0-0,4,1.42,0.27,-1.15
2016-01-03,Packers,Vikings,3,14:09,3,5,GNB 25,3-6,4,-0.3,-1.44,-1.14
2015-12-06,Browns,Bengals,2,11:44,3,5,CIN 44,0-14,4,1.75,0.59,-1.16
2016-09-18,Colts,Broncos,4,13:15,3,5,CLT 30,13-23,4,0.04,-1.11,-1.15
2016-11-20,Dolphins,Rams,1,8:25,3,5,MIA 30,0-7,4,0.04,-1.11,-1.15
2016-10-16,Giants,Ravens,1,2:31,3,5,NYG 23,0-10,4,-0.53,-1.57,-1.04
2016-11-20,Jaguars,Lions,4,14:18,3,5,JAX 39,19-16,4,0.63,-0.52,-1.15
2016-12-04,Texans,Packers,2,15:00,3,5,HTX 47,0-0,4,1.16,0,-1.16
2015-11-29,Patriots,Broncos,2,8:33,3,5,NWE 29,14-0,3,-0.03,-1.24,-1.21
2015-11-08,Giants,Buccaneers,4,12:51,3,5,NYG 26,20-12,3,-0.23,-1.44,-1.21
2015-11-15,Ravens,Jaguars,2,13:14,3,5,RAV 41,0-7,3,0.76,-0.46,-1.22
2015-10-18,Seahawks,Panthers,4,8:53,3,5,SEA 35,23-14,3,0.37,-0.85,-1.22
2015-10-11,Titans,Bills,2,3:38,3,5,BUF 42,3-0,3,1.88,0.66,-1.22
2015-10-25,Lions,Vikings,3,8:56,3,5,DET 25,17-22,3,-0.3,-1.5,-1.20
2016-01-03,Dolphins,Patriots,2,6:52,3,5,MIA 25,3-3,3,-0.3,-1.5,-1.20
2016-10-13,Chargers,Broncos,2,4:14,3,5,SDG 27,10-3,3,-0.16,-1.37,-1.21
2016-11-06,Saints,49ers,4,3:11,3,5,NOR 27,41-23,3,-0.16,-1.37,-1.21
2016-11-20,Cardinals,Vikings,4,14:04,3,5,CRD 41,17-30,3,0.76,-0.46,-1.22
2016-12-18,Colts,Vikings,3,8:51,3,5,CLT 38,27-0,3,0.56,-0.65,-1.21
2015-12-27,Titans,Texans,4,9:22,3,5,OTI 33,0-34,2,0.23,-1.04,-1.27
2016-01-03,Colts,Titans,1,6:07,3,5,CLT 18,3-0,2,-0.83,-2.03,-1.20
2016-01-03,Seahawks,Cardinals,1,3:51,3,5,CRD 36,7-0,2,2.28,1.09,-1.19
2016-09-18,Raiders,Falcons,1,8:09,3,5,RAI 27,0-0,2,-0.16,-1.44,-1.28
2016-11-20,Ravens,Cowboys,3,5:19,3,5,RAV 41,10-17,2,0.76,-0.52,-1.28
2016-11-27,Falcons,Cardinals,1,7:10,3,5,CRD 45,0-7,2,1.69,0.4,-1.29
2015-12-27,Lions,49ers,2,3:27,3,5,50,17-14,1,1.36,0,-1.36
2015-12-27,Vikings,Giants,3,2:33,3,5,NYG 36,29-3,1,2.28,0.98,-1.30
2015-10-18,Broncos,Browns,1,7:13,3,5,CLE 39,0-0,1,2.08,0.72,-1.36
2015-12-27,Chiefs,Browns,4,2:45,3,5,KAN 35,17-13,1,0.37,-0.98,-1.35
2015-12-20,Packers,Raiders,1,13:39,3,5,GNB 21,0-0,-1,-0.7,-2.03,-1.33
2016-10-02,Browns,Redskins,4,2:47,3,5,WAS 41,20-31,-1,1.95,0.46,-1.49
2017-01-01,Falcons,Saints,4,5:22,3,5,ATL 25,38-19,-3,-0.3,-1.9,-1.60
2015-11-01,Bears,Vikings,1,11:45,3,5,MIN 36,0-0,,2.28,0.88,-1.40
2016-09-11,Dolphins,Seahawks,1,12:08,3,5,MIA 24,0-0,,-0.42,-1.77,-1.35
2016-12-24,Packers,Vikings,3,5:37,3,5,GNB 39,28-13,,0.63,-0.78,-1.41
2014-12-28,Browns,Ravens,3,3:45,3,5,CLE 49,3-3,49,1.29,6.74,5.45
2014-11-23,Cowboys,Giants,3,6:48,3,5,NYG 45,16-21,45,1.69,7,5.31
2014-09-28,Jaguars,Chargers,2,8:04,3,5,SDG 46,7-10,44,1.62,6.74,5.12
2014-11-03,Colts,Giants,3,6:22,3,5,NYG 40,29-10,40,2.01,7,4.99
2014-10-13,Rams,49ers,1,13:47,3,5,RAM 25,0-0,39,-0.3,3.18,3.48
2014-10-05,49ers,Chiefs,2,11:29,3,5,SFO 23,3-10,38,-0.53,2.98,3.51
2014-11-09,Bears,Packers,2,4:05,3,5,CHI 28,0-35,37,-0.1,3.25,3.35
2014-11-16,Raiders,Chargers,4,5:44,3,5,50,3-13,35,1.36,4.58,3.22
2014-12-21,Lions,Bears,2,9:40,3,5,50,7-0,34,1.36,4.51,3.15
2014-11-30,Packers,Patriots,2,11:22,3,5,GNB 33,13-7,33,0.23,3.31,3.08
2014-11-27,Lions,Bears,2,5:59,3,5,DET 49,10-14,31,1.29,4.24,2.95
2014-09-28,Buccaneers,Steelers,4,12:53,3,5,PIT 41,17-24,31,1.95,4.91,2.96
2014-12-14,Patriots,Dolphins,4,9:38,3,5,NWE 39,38-13,31,0.63,3.58,2.95
2014-11-16,Cardinals,Lions,2,15:00,3,5,DET 44,14-3,30,1.75,4.65,2.90
2014-09-14,Seahawks,Chargers,1,13:30,3,5,SEA 35,0-0,30,0.37,3.25,2.88
2014-10-16,Jets,Patriots,1,12:25,3,5,NYJ 25,0-7,28,-0.3,2.46,2.76
2014-12-07,Saints,Panthers,4,8:03,3,5,NOR 32,3-41,28,0.17,2.92,2.75
2014-10-05,49ers,Chiefs,2,4:48,3,5,SFO 23,6-10,27,-0.53,2.26,2.79
2014-10-19,Colts,Bengals,3,12:50,3,5,CLT 20,10-0,26,-0.76,1.99,2.75
2014-10-19,Saints,Lions,2,8:29,3,5,NOR 15,7-0,25,-0.84,1.6,2.44
2014-09-18,Falcons,Buccaneers,3,9:35,3,5,ATL 23,35-0,25,-0.53,2.13,2.66
2014-09-07,Bills,Bears,1,2:35,3,5,BUF 25,7-7,25,-0.3,2.26,2.56
2014-10-19,Bears,Dolphins,4,9:07,3,5,CHI 32,7-24,24,0.17,2.65,2.48
2014-10-19,Cowboys,Giants,1,6:47,3,5,NYG 39,0-0,24,2.08,4.58,2.50
2014-12-28,Saints,Buccaneers,1,4:45,3,5,NOR 20,0-3,24,-0.76,1.86,2.62
2014-10-12,Bengals,Panthers,2,2:00,3,5,CIN 46,14-10,23,1.09,3.51,2.42
2014-09-28,49ers,Eagles,2,2:56,3,5,SFO 37,10-21,23,0.5,2.92,2.42
2014-09-28,Buccaneers,Steelers,4,6:18,3,5,TAM 30,20-24,22,0.04,2.39,2.35
2014-12-28,Giants,Eagles,1,4:50,3,5,NYG 25,7-14,22,-0.3,2.06,2.36
2014-09-28,Chargers,Jaguars,3,3:21,3,5,SDG 25,27-14,21,-0.3,1.99,2.29
2014-12-14,Chiefs,Raiders,3,11:00,3,5,KAN 35,10-6,21,0.37,2.65,2.28
2014-09-21,Jaguars,Colts,3,14:17,3,5,JAX 25,0-30,21,-0.3,1.99,2.29
2014-09-28,Vikings,Falcons,2,3:14,3,5,ATL 36,14-14,21,2.28,4.58,2.30
2014-11-02,Cardinals,Cowboys,3,6:33,3,5,CRD 24,14-10,20,-0.42,1.86,2.28
2014-12-01,Jets,Dolphins,3,9:44,3,5,NYJ 45,10-6,20,1.03,3.25,2.22
2014-12-07,Ravens,Dolphins,4,10:13,3,5,MIA 49,14-13,18,1.42,3.51,2.09
2014-09-07,Redskins,Texans,3,12:31,3,5,WAS 34,6-14,17,0.3,2.32,2.02
2014-10-12,Panthers,Bengals,1,14:08,3,5,CAR 19,0-0,17,-0.8,1.33,2.13
2014-11-23,Lions,Patriots,1,13:46,3,5,DET 49,0-0,17,1.29,3.31,2.02
2014-12-14,Cowboys,Eagles,1,9:06,3,5,DAL 41,7-0,17,0.76,2.79,2.03
2014-09-15,Colts,Eagles,4,7:23,3,5,PHI 39,27-20,16,2.08,4.04,1.96
2014-10-02,Vikings,Packers,4,3:36,3,5,MIN 15,10-42,16,-0.84,1,1.84
2014-11-16,Saints,Bengals,1,13:58,3,5,NOR 25,0-0,16,-0.3,1.66,1.96
2014-09-14,Bengals,Falcons,2,12:34,3,5,CIN 20,3-3,16,-0.76,1.33,2.09
2014-10-12,Cowboys,Seahawks,4,6:55,3,5,DAL 25,20-23,16,-0.3,1.66,1.96
2014-12-28,Bengals,Steelers,3,13:36,3,5,CIN 35,10-20,16,0.37,2.32,1.95
2014-10-05,Panthers,Bears,2,8:50,3,5,CAR 36,7-21,15,0.43,2.32,1.89
2014-12-07,Chargers,Patriots,1,14:12,3,5,SDG 25,0-0,15,-0.3,1.6,1.90
2014-09-28,Chargers,Jaguars,3,13:55,3,5,SDG 25,17-14,15,-0.3,1.6,1.90
2014-10-12,Bills,Patriots,1,8:48,3,5,BUF 35,0-0,15,0.37,2.26,1.89
2014-10-26,Bengals,Ravens,4,7:50,3,5,CIN 49,20-14,15,1.29,3.18,1.89
2014-11-30,Broncos,Chiefs,2,11:20,3,5,KAN 46,14-0,15,1.62,3.51,1.89
2014-11-06,Bengals,Browns,3,4:26,3,5,CIN 34,3-24,15,0.3,2.19,1.89
2014-11-09,Cardinals,Rams,2,14:19,3,5,CRD 39,0-7,15,0.63,2.52,1.89
2014-12-28,Packers,Lions,4,5:48,3,5,GNB 42,28-14,15,0.83,2.72,1.89
2014-12-28,Saints,Buccaneers,2,8:37,3,5,TAM 47,0-10,15,1.55,3.45,1.90
2014-11-13,Bills,Dolphins,2,11:41,3,5,BUF 17,3-3,14,-0.84,1,1.84
2014-10-16,Patriots,Jets,4,10:07,3,5,NYJ 41,20-19,14,1.95,3.78,1.83
2014-11-02,Dolphins,Chargers,4,5:24,3,5,50,37-0,14,1.36,3.18,1.82
2014-10-26,Raiders,Browns,2,4:44,3,5,RAI 25,0-9,13,-0.3,1.47,1.77
2014-11-23,Browns,Falcons,3,4:25,3,5,CLE 35,16-14,13,0.37,2.13,1.76
2014-10-26,Raiders,Browns,2,13:34,3,5,RAI 25,0-6,13,-0.3,1.47,1.77
2014-10-19,Giants,Cowboys,3,12:18,3,5,DAL 48,14-14,13,1.49,3.25,1.76
2014-10-26,Falcons,Lions,4,3:03,3,5,ATL 25,21-19,13,-0.3,1.47,1.77
2014-11-16,Broncos,Rams,1,2:47,3,5,DEN 45,0-3,13,1.03,2.79,1.76
2014-10-12,Cowboys,Seahawks,2,11:14,3,5,DAL 34,7-10,13,0.3,2.06,1.76
2014-11-16,Redskins,Buccaneers,3,3:56,3,5,WAS 30,7-20,13,0.04,1.8,1.76
2014-09-21,Panthers,Steelers,2,2:58,3,5,CAR 39,3-6,12,0.63,2.32,1.69
2014-10-20,Steelers,Texans,1,4:59,3,5,PIT 25,0-7,12,-0.3,1.4,1.70
2014-09-07,49ers,Cowboys,3,8:25,3,5,SFO 35,28-3,12,0.37,2.06,1.69
2014-09-21,Lions,Packers,2,11:46,3,5,50,9-7,12,1.36,3.05,1.69
2014-11-27,Bears,Lions,3,13:42,3,5,CHI 25,14-24,12,-0.3,1.4,1.70
2014-11-16,Redskins,Buccaneers,1,9:55,3,5,WAS 28,0-3,12,-0.1,1.6,1.70
2014-09-21,Patriots,Raiders,4,8:25,3,5,RAI 44,13-9,12,1.75,3.45,1.70
2014-09-14,Chargers,Seahawks,2,8:21,3,5,50,10-7,12,1.36,3.05,1.69
2014-11-23,Giants,Cowboys,1,12:50,3,5,NYG 25,0-0,12,-0.3,1.4,1.70
2014-11-02,Ravens,Steelers,1,13:53,3,5,RAV 25,0-0,12,-0.3,1.4,1.70
2014-09-21,Bengals,Titans,3,8:38,3,5,CIN 25,19-0,11,-0.3,1.33,1.63
2014-12-14,Eagles,Cowboys,2,11:21,3,5,PHI 21,0-21,11,-0.7,1.07,1.77
2014-09-08,Lions,Giants,4,8:54,3,5,50,27-14,11,1.36,2.98,1.62
2014-09-04,Packers,Seahawks,2,11:37,3,5,GNB 21,7-10,11,-0.7,1.07,1.77
2014-12-07,Bengals,Steelers,3,13:43,3,5,CIN 20,14-10,11,-0.76,1,1.76
2014-10-19,Seahawks,Rams,3,13:43,3,5,SEA 15,6-21,11,-0.84,0.67,1.51
2014-09-21,49ers,Cardinals,1,11:35,3,5,SFO 25,0-3,10,-0.3,1.27,1.57
2014-10-09,Colts,Texans,4,3:50,3,5,CLT 45,33-28,10,1.03,2.59,1.56
2014-12-14,Chargers,Broncos,4,3:01,3,5,SDG 40,10-22,10,0.7,2.26,1.56
2014-12-07,Browns,Colts,2,12:04,3,5,CLE 40,7-0,10,0.7,2.26,1.56
2014-10-12,Patriots,Bills,1,12:04,3,5,NWE 42,0-0,10,0.83,2.39,1.56
2014-10-26,Jets,Bills,4,9:13,3,5,NYJ 25,17-43,10,-0.3,1.27,1.57
2014-11-27,Bears,Lions,2,9:42,3,5,CHI 47,14-10,10,1.16,2.72,1.56
2014-11-23,Patriots,Lions,1,4:56,3,5,DET 44,0-3,10,1.75,3.31,1.56
2014-12-21,Panthers,Browns,1,6:29,3,5,CAR 42,0-0,10,0.83,2.39,1.56
2014-12-28,Giants,Eagles,3,2:00,3,5,NYG 25,19-24,10,-0.3,1.27,1.57
2014-10-05,Cowboys,Texans,2,13:38,3,5,DAL 23,0-0,10,-0.53,1.14,1.67
2014-10-19,Seahawks,Rams,2,11:07,3,5,SEA 42,3-14,9,0.83,2.32,1.49
2014-10-02,Packers,Vikings,4,8:46,3,5,GNB 25,42-10,9,-0.3,1.2,1.50
2014-09-07,Saints,Falcons,4,12:24,3,5,NOR 43,20-24,9,0.89,2.39,1.50
2014-12-21,Panthers,Browns,2,12:40,3,5,CAR 25,3-3,8,-0.3,1.14,1.44
2014-12-14,Ravens,Jaguars,2,15:00,3,5,RAV 15,7-6,8,-0.84,0.48,1.32
2014-11-16,Falcons,Panthers,4,3:14,3,5,CAR 35,16-17,8,2.34,3.78,1.44
2014-09-28,Eagles,49ers,2,6:26,3,5,PHI 26,21-10,8,-0.23,1.2,1.43
2014-09-07,Panthers,Buccaneers,2,14:15,3,5,TAM 39,0-0,8,2.08,3.51,1.43
2014-11-02,Jets,Chiefs,2,7:36,3,5,KAN 35,0-14,8,2.34,3.78,1.44
2014-09-07,Colts,Broncos,3,12:52,3,5,DEN 41,7-24,8,1.95,3.38,1.43
2014-11-23,Texans,Bengals,3,4:38,3,5,50,10-16,8,1.36,2.79,1.43
2014-10-05,Broncos,Cardinals,1,8:15,3,5,DEN 44,0-3,8,0.96,2.39,1.43
2014-11-09,Bills,Chiefs,3,11:34,3,5,KAN 35,10-3,8,2.34,3.78,1.44
2014-09-14,Panthers,Lions,2,11:05,3,5,CAR 45,0-0,8,1.03,2.46,1.43
2014-11-09,Giants,Seahawks,4,4:21,3,5,NYG 21,17-38,8,-0.7,0.87,1.57
2014-12-28,Texans,Jaguars,3,3:00,3,5,JAX 47,14-17,8,1.55,2.98,1.43
2014-12-07,Bills,Broncos,3,7:06,3,5,BUF 45,3-21,7,1.03,2.39,1.36
2014-11-16,Bears,Vikings,3,7:09,3,5,MIN 42,14-10,7,1.88,3.25,1.37
2014-10-26,Browns,Raiders,2,9:18,3,5,CLE 37,6-0,7,0.5,1.86,1.36
2014-10-06,Redskins,Seahawks,1,12:33,3,5,WAS 25,0-7,7,-0.3,1.07,1.37
2014-12-28,Cowboys,Redskins,2,14:18,3,5,DAL 35,17-7,7,0.37,1.73,1.36
2014-11-30,Titans,Texans,2,2:36,3,5,OTI 25,0-17,7,-0.3,1.07,1.37
2014-11-16,49ers,Giants,1,6:10,3,5,SFO 25,0-7,7,-0.3,1.07,1.37
2014-11-30,Vikings,Panthers,1,11:29,3,5,CAR 40,0-0,7,2.01,3.38,1.37
2014-09-14,Giants,Cardinals,4,8:53,3,5,NYG 25,14-22,7,-0.3,1.07,1.37
2014-11-02,Seahawks,Raiders,1,6:04,3,5,SEA 45,0-3,7,1.03,2.39,1.36
2014-12-04,Cowboys,Bears,2,4:49,3,5,DAL 33,7-7,7,0.23,1.6,1.37
2014-09-07,Cowboys,49ers,4,4:31,3,5,DAL 43,10-28,7,0.89,2.26,1.37
2014-10-05,Eagles,Rams,1,5:31,3,5,RAM 42,10-0,7,1.88,3.25,1.37
2014-12-21,Ravens,Texans,4,8:32,3,5,RAV 29,7-25,7,-0.03,1.33,1.36
2014-10-05,Patriots,Bengals,2,2:43,3,5,CIN 44,14-3,7,1.75,3.12,1.37
2014-11-02,Seahawks,Raiders,3,10:57,3,5,SEA 37,24-10,7,0.5,1.86,1.36
2014-11-23,Redskins,49ers,2,10:06,3,5,WAS 44,0-7,7,0.96,2.32,1.36
2014-09-28,Buccaneers,Steelers,3,5:17,3,5,TAM 44,17-24,7,0.96,2.32,1.36
2014-10-05,Rams,Eagles,2,7:54,3,5,RAM 34,0-13,6,0.3,1.6,1.30
2014-12-28,Cardinals,49ers,1,8:32,3,5,CRD 28,7-7,6,-0.1,1.2,1.30
2014-11-30,Saints,Steelers,2,3:45,3,5,NOR 25,7-6,6,-0.3,1,1.30
2014-09-18,Buccaneers,Falcons,2,2:39,3,5,ATL 42,0-35,6,1.88,3.18,1.30
2014-12-28,Buccaneers,Saints,4,7:34,3,5,TAM 35,20-14,6,0.37,1.66,1.29
2014-12-14,Jets,Titans,2,3:37,3,5,OTI 45,0-5,6,1.69,2.98,1.29
2014-11-16,49ers,Giants,1,13:32,3,5,SFO 34,0-0,6,0.3,1.6,1.30
2014-12-21,Bills,Raiders,4,10:15,3,5,BUF 31,17-19,6,0.1,1.4,1.30
2014-11-16,Seahawks,Chiefs,3,6:09,3,5,SEA 24,13-17,6,-0.42,0.94,1.36
2014-10-26,Eagles,Cardinals,3,13:38,3,5,PHI 25,7-14,6,-0.3,1,1.30
2014-10-13,Rams,49ers,2,10:58,3,5,RAM 23,14-0,6,-0.53,0.87,1.40
2014-09-21,Browns,Ravens,1,6:57,3,5,CLE 36,0-3,6,0.43,1.73,1.30
2014-11-02,Rams,49ers,2,10:33,3,5,RAM 37,3-10,6,0.5,1.8,1.30
2014-09-14,Dolphins,Bills,4,9:05,3,5,MIA 37,10-26,6,0.5,1.8,1.30
2014-12-28,Saints,Buccaneers,3,11:41,3,5,50,7-20,6,1.36,2.65,1.29
2014-11-27,Eagles,Cowboys,4,15:00,3,5,DAL 46,30-10,6,1.62,2.92,1.30
2014-12-21,Falcons,Saints,3,7:10,3,5,NOR 42,13-7,6,1.88,3.18,1.30
2014-11-09,Lions,Dolphins,1,13:39,3,5,DET 25,0-0,5,-0.3,0.94,1.24
2014-12-14,Eagles,Cowboys,3,10:44,3,5,PHI 19,10-21,5,-0.8,0.54,1.34
2014-10-06,Redskins,Seahawks,1,10:56,3,5,WAS 37,0-7,5,0.5,1.73,1.23
2014-10-20,Steelers,Texans,1,14:20,3,5,PIT 25,0-0,5,-0.3,0.94,1.24
2014-09-21,Browns,Ravens,3,13:51,3,5,CLE 25,7-10,5,-0.3,0.94,1.24
2014-09-21,Rams,Cowboys,1,13:06,3,5,RAM 37,0-0,5,0.5,1.73,1.23
2014-11-02,Jaguars,Bengals,4,12:37,3,5,JAX 30,10-26,5,0.04,1.27,1.23
2014-09-14,Lions,Panthers,1,6:14,3,5,DET 17,0-0,5,-0.84,0.41,1.25
2014-10-26,Eagles,Cardinals,1,5:18,3,5,CRD 41,0-0,5,1.95,4.17,2.22
2014-12-21,Raiders,Bills,3,5:04,3,5,RAI 48,16-10,5,1.22,2.46,1.24
2014-11-30,Patriots,Packers,1,2:39,3,5,NWE 45,0-6,4,1.03,-0.13,-1.16
2014-11-03,Colts,Giants,4,3:07,3,5,CLT 30,40-24,4,0.04,-1.11,-1.15
2014-09-14,Saints,Browns,2,13:00,3,5,NOR 40,0-10,4,0.7,-0.46,-1.16
2014-11-23,49ers,Redskins,4,15:00,3,5,SFO 32,10-10,4,0.17,-0.98,-1.15
2014-09-21,Chargers,Bills,2,6:29,3,5,SDG 38,10-0,4,0.56,-0.59,-1.15
2014-11-23,Chargers,Rams,2,3:06,3,5,SDG 25,3-10,4,-0.3,-1.44,-1.14
2014-11-02,Bengals,Jaguars,2,2:00,3,5,JAX 47,12-3,4,1.55,0.4,-1.15
2014-12-07,49ers,Raiders,4,8:45,3,5,RAI 48,13-24,4,1.49,0.33,-1.16
2014-10-05,Browns,Titans,1,3:57,3,5,CLE 34,0-7,4,0.3,-0.85,-1.15
2014-10-05,Chiefs,49ers,3,4:58,3,5,KAN 25,17-16,4,-0.3,-1.44,-1.14
2014-11-09,Dolphins,Lions,2,14:18,3,5,MIA 46,0-10,4,1.09,-0.06,-1.15
2014-10-12,Jets,Broncos,3,13:47,3,5,NYJ 25,7-17,4,-0.3,-1.44,-1.14
2014-12-28,Vikings,Bears,2,4:37,3,5,MIN 25,3-0,4,-0.3,-1.44,-1.14
2014-11-16,Lions,Cardinals,1,3:34,3,5,CRD 35,0-14,3,2.34,1.3,-1.04
2014-12-21,Saints,Falcons,3,3:08,3,5,NOR 45,7-20,3,1.03,-0.19,-1.22
2014-10-02,Packers,Vikings,1,14:12,3,5,GNB 25,0-0,3,-0.3,-1.5,-1.20
2014-11-30,Raiders,Rams,3,11:47,3,5,RAI 39,0-38,3,0.63,-0.59,-1.22
2014-12-01,Dolphins,Jets,2,11:27,3,5,MIA 28,0-10,3,-0.1,-1.31,-1.21
2014-10-26,Vikings,Buccaneers,2,6:09,3,5,MIN 45,0-0,2,1.03,-0.26,-1.29
2014-11-16,Colts,Patriots,1,13:33,3,5,CLT 25,0-0,2,-0.3,-1.57,-1.27
2014-12-20,Chargers,49ers,3,11:14,3,5,SDG 46,7-28,-1,1.09,-0.72,-1.81
2014-12-21,Colts,Cowboys,3,11:28,3,5,CLT 47,0-28,-1,1.16,-0.32,-1.48
2014-09-07,Eagles,Jaguars,3,3:59,3,5,JAX 42,14-17,-2,1.88,0.33,-1.55
2014-11-23,Bears,Buccaneers,3,7:29,3,5,CHI 42,7-10,-2,0.83,-0.72,-1.55
2014-10-23,Chargers,Broncos,1,9:43,3,5,SDG 49,0-0,-3,1.29,-0.32,-1.61
2014-12-07,Steelers,Bengals,1,12:26,3,5,PIT 37,0-0,,0.5,-0.91,-1.41
2014-12-28,Texans,Jaguars,3,8:09,3,5,JAX 41,14-10,,1.95,0.53,-1.42