2014-10-12,Raiders,Chargers,1,14:18,3,7,RAI 23,6-0,77,-0.56,7,7.56
2017-01-01,Patriots,Dolphins,3,7:05,3,7,NWE 23,26-14,77,-0.56,7,7.56
2016-10-09,Steelers,Jets,1,10:25,3,7,PIT 28,6-3,72,-0.23,7,7.23
2016-12-11,Dolphins,Cardinals,3,13:41,3,7,MIA 26,14-9,71,-0.36,6.51,6.87
2015-12-06,Cardinals,Rams,4,5:55,3,7,CRD 19,24-3,68,-0.95,4.71,5.66
2016-10-02,Rams,Cardinals,1,2:11,3,7,RAM 35,6-0,65,0.23,7,6.77
2014-11-09,Seahawks,Giants,3,7:00,3,7,SEA 34,14-17,60,0.17,5.83,5.66
2014-11-30,Texans,Titans,4,11:57,3,7,HTX 40,31-14,56,0.56,6.28,5.72
2016-11-20,Redskins,Packers,4,4:44,3,7,WAS 46,29-24,53,0.96,6.97,6.01
2014-09-28,Vikings,Falcons,1,12:44,3,7,MIN 30,0-0,52,-0.1,4.37,4.47
2015-10-18,Vikings,Chiefs,1,12:54,3,7,MIN 39,0-0,52,0.5,5.14,4.64
2015-09-13,Bears,Packers,4,9:00,3,7,CHI 34,16-24,50,0.17,4.51,4.34
2015-12-14,Dolphins,Giants,3,9:48,3,7,NYG 47,23-17,47,1.42,7,5.58
2016-10-27,Titans,Jaguars,3,9:42,3,7,OTI 28,27-8,47,-0.23,3.91,4.14
2014-11-09,Bears,Packers,3,7:57,3,7,GNB 45,6-45,45,1.55,7,5.45
2014-12-07,Jets,Vikings,1,13:56,3,7,NYJ 23,0-7,45,-0.56,3.45,4.01
2014-11-02,Texans,Eagles,3,5:06,3,7,HTX 34,14-17,45,0.17,4.17,4.00
2016-09-25,Rams,Buccaneers,1,12:05,3,7,TAM 44,6-0,44,1.62,7,5.38
2014-09-21,Vikings,Saints,2,10:48,3,7,MIN 40,3-13,41,0.56,4.31,3.75
2015-11-23,Patriots,Bills,3,6:25,3,7,BUF 47,10-10,41,1.42,5.83,4.41
2015-12-13,Texans,Patriots,4,11:11,3,7,HTX 19,6-27,40,-0.95,2.85,3.80
2014-10-19,Vikings,Bills,2,7:31,3,7,MIN 43,3-7,38,0.76,4.31,3.55
2015-10-04,Packers,49ers,3,9:00,3,7,SFO 46,7-3,38,1.49,5.37,3.88
2015-10-04,Bears,Raiders,2,5:14,3,7,CHI 33,6-14,38,0.1,3.64,3.54
2016-09-11,Jaguars,Packers,3,9:29,3,7,JAX 28,17-24,38,-0.23,3.31,3.54
2016-12-04,Steelers,Giants,1,2:15,3,7,PIT 39,2-0,37,0.5,3.97,3.47
2014-09-28,Falcons,Vikings,3,7:29,3,7,MIN 36,20-27,36,2.15,7,4.85
2016-10-23,Patriots,Steelers,3,6:27,3,7,PIT 36,20-13,36,2.15,7,4.85
2016-10-30,Broncos,Chargers,1,14:09,3,7,DEN 28,0-0,35,-0.23,3.12,3.35
2014-12-18,Jaguars,Titans,3,14:07,3,7,JAX 31,7-10,34,-0.03,3.25,3.28
2016-10-02,Rams,Cardinals,3,14:05,3,7,RAM 24,10-10,33,-0.49,2.72,3.21
2014-12-28,Seahawks,Rams,4,12:47,3,7,RAM 40,6-6,31,1.88,5.14,3.26
2015-10-11,Giants,49ers,2,15:00,3,7,NYG 47,3-3,31,1.03,4.11,3.08
2016-12-04,Seahawks,Panthers,4,5:27,3,7,CAR 47,37-7,31,1.42,5.37,3.95
2016-12-18,Colts,Vikings,1,5:58,3,7,MIN 49,3-0,31,1.29,4.37,3.08
2014-10-05,Broncos,Cardinals,2,9:52,3,7,DEN 23,7-6,30,-0.56,2.46,3.02
2014-10-12,Raiders,Chargers,2,8:29,3,7,SDG 42,7-14,30,1.75,4.78,3.03
2015-11-08,Colts,Broncos,2,10:10,3,7,CLT 40,10-0,30,0.56,3.58,3.02
2015-09-13,Bengals,Raiders,2,4:31,3,7,RAI 41,10-0,30,1.82,4.84,3.02
2015-12-06,Titans,Jaguars,2,11:02,3,7,JAX 39,7-6,29,1.95,4.91,2.96
2016-11-06,Vikings,Lions,4,3:35,3,7,MIN 24,9-13,29,-0.49,2.46,2.95
2014-12-21,Browns,Panthers,1,2:00,3,7,CLE 23,0-3,28,-0.56,2.32,2.88
2016-09-11,Patriots,Cardinals,3,10:44,3,7,CRD 36,10-7,28,2.15,5.37,3.22
2014-12-07,Browns,Colts,2,5:10,3,7,CLE 26,7-7,27,-0.36,2.46,2.82
2014-09-29,Chiefs,Patriots,4,13:42,3,7,NWE 36,27-7,27,2.15,5.14,2.99
2015-09-13,Dolphins,Redskins,3,13:34,3,7,MIA 45,7-10,27,0.89,3.71,2.82
2014-10-19,Lions,Saints,1,10:20,3,7,DET 26,0-0,26,-0.36,2.39,2.75
2014-09-28,Panthers,Ravens,1,14:14,3,7,CAR 23,0-0,26,-0.56,2.19,2.75
2014-10-12,Panthers,Bengals,3,5:12,3,7,CIN 45,17-17,26,1.55,4.31,2.76
2016-12-04,Dolphins,Ravens,3,13:11,3,7,MIA 28,0-24,26,-0.23,2.52,2.75
2014-09-28,49ers,Eagles,4,11:22,3,7,SFO 44,23-21,25,0.83,3.51,2.68
2015-10-18,Titans,Dolphins,3,14:07,3,7,OTI 23,3-17,25,-0.56,3.12,3.68
2015-11-01,Saints,Giants,1,8:32,3,7,NOR 40,0-7,25,0.56,3.25,2.69
2015-12-27,Cowboys,Bills,2,13:30,3,7,DAL 35,3-6,25,0.23,2.92,2.69
2015-11-22,Ravens,Rams,3,13:21,3,7,RAV 43,3-7,25,0.76,3.45,2.69
2016-09-18,Panthers,49ers,3,10:09,3,7,SFO 36,17-10,25,2.15,4.84,2.69
2016-09-26,Saints,Falcons,3,11:25,3,7,NOR 28,17-35,25,-0.23,2.46,2.69
2014-11-02,Redskins,Vikings,1,10:41,3,7,WAS 49,0-0,24,1.16,3.78,2.62
2015-09-21,Colts,Jets,3,12:25,3,7,CLT 40,0-10,24,0.56,3.18,2.62
2016-01-03,Giants,Eagles,3,5:06,3,7,PHI 46,27-21,24,1.49,4.11,2.62
2016-10-02,Cardinals,Rams,3,3:10,3,7,CRD 39,10-10,24,0.5,3.12,2.62
2016-10-16,Raiders,Chiefs,2,5:03,3,7,RAI 39,7-13,24,0.5,3.12,2.62
2016-11-21,Texans,Raiders,1,12:33,3,7,HTX 40,0-0,24,0.56,3.18,2.62
2016-12-04,Bears,49ers,3,11:32,3,7,SFO 35,7-6,24,2.21,4.84,2.63
2014-12-14,Eagles,Cowboys,2,10:22,3,7,PHI 35,0-21,23,0.23,2.79,2.56
2014-11-30,Broncos,Chiefs,4,10:20,3,7,DEN 35,26-16,23,0.23,2.79,2.56
2014-09-28,Bears,Packers,2,7:34,3,7,CHI 49,10-14,23,1.16,3.71,2.55
2015-12-20,Packers,Raiders,2,3:38,3,7,GNB 27,14-6,23,-0.3,2.26,2.56
2015-10-25,Jets,Patriots,3,5:39,3,7,NWE 36,10-16,23,2.15,4.71,2.56
2017-01-01,Chargers,Chiefs,2,3:23,3,7,SDG 43,10-17,23,0.76,3.31,2.55
2014-09-08,Lions,Giants,4,11:03,3,7,DET 23,27-14,22,-0.56,1.93,2.49
2015-10-11,Saints,Eagles,2,5:09,3,7,50,7-7,22,1.22,3.71,2.49
2015-11-12,Jets,Bills,2,9:38,3,7,NYJ 15,3-0,22,-1.07,1.4,2.47
2015-12-20,Seahawks,Browns,2,4:48,3,7,SEA 15,14-10,22,-1.07,1.4,2.47
2014-11-09,Broncos,Raiders,1,6:48,3,7,RAI 38,0-3,21,2.02,4.44,2.42
2014-10-20,Texans,Steelers,4,13:13,3,7,PIT 36,13-24,21,2.15,4.58,2.43
2014-12-14,Cowboys,Eagles,1,10:33,3,7,DAL 15,7-0,21,-1.07,1.33,2.40
2015-10-11,Raiders,Broncos,4,8:53,3,7,RAI 28,7-9,21,-0.23,3.18,3.41
2016-10-06,Cardinals,49ers,4,9:50,3,7,CRD 45,24-14,21,0.89,3.31,2.42
2016-10-23,Chargers,Falcons,2,2:03,3,7,ATL 40,10-27,21,1.88,4.31,2.43
2016-09-11,Bengals,Jets,2,12:12,3,7,CIN 25,3-7,21,-0.43,1.99,2.42
2016-11-14,Giants,Bengals,2,11:20,3,7,NYG 34,7-7,21,0.17,2.59,2.42
2016-11-20,Chiefs,Buccaneers,3,8:45,3,7,KAN 40,10-12,21,0.56,2.98,2.42
2016-12-18,Lions,Giants,3,12:04,3,7,NYG 46,3-10,21,1.49,3.91,2.42
2014-10-19,Falcons,Ravens,3,2:39,3,7,ATL 38,0-20,20,0.43,2.79,2.36
2014-12-21,Vikings,Dolphins,1,8:55,3,7,MIN 49,0-0,20,1.16,3.51,2.35
2014-11-23,Falcons,Browns,1,14:14,3,7,ATL 22,0-0,20,-0.68,1.73,2.41
2014-10-19,Broncos,49ers,2,6:57,3,7,DEN 23,14-3,20,-0.56,2.79,3.35
2015-11-22,Seahawks,49ers,4,14:25,3,7,SEA 23,23-13,20,-0.56,1.8,2.36
2016-01-03,Bills,Jets,4,10:09,3,7,BUF 23,19-17,20,-0.56,1.8,2.36
2015-11-29,Buccaneers,Colts,2,11:56,3,7,TAM 23,3-6,20,-0.56,1.8,2.36
2015-12-06,Cardinals,Rams,1,12:45,3,7,RAM 49,0-0,20,1.29,3.64,2.35
2016-11-13,Seahawks,Patriots,2,14:18,3,7,SEA 49,6-7,20,1.16,3.51,2.35
2014-11-16,Falcons,Panthers,2,11:19,3,7,CAR 36,0-3,19,2.15,4.44,2.29
2014-10-19,Lions,Saints,3,9:40,3,7,DET 49,3-17,19,1.16,3.45,2.29
2014-12-14,Jaguars,Ravens,2,10:34,3,7,RAV 45,9-7,19,1.55,3.84,2.29
2014-09-21,Saints,Vikings,4,12:59,3,7,MIN 37,13-9,19,2.08,4.37,2.29
2014-12-14,Falcons,Steelers,3,8:01,3,7,ATL 24,10-20,19,-0.49,1.8,2.29
2016-11-06,Jaguars,Chiefs,1,14:22,3,7,JAX 28,0-0,19,-0.23,2.06,2.29
2014-09-28,Jets,Lions,3,11:22,3,7,NYJ 29,3-17,18,-0.16,2.06,2.22
2014-12-28,Buccaneers,Saints,1,9:34,3,7,TAM 48,0-0,18,1.09,3.31,2.22
2014-10-26,Steelers,Colts,4,8:37,3,7,PIT 47,44-34,18,1.03,3.25,2.22
2014-10-19,Raiders,Cardinals,2,4:18,3,7,RAI 24,0-14,18,-0.49,1.73,2.22
2014-10-13,Rams,49ers,2,5:48,3,7,RAM 23,14-3,18,-0.56,1.66,2.22
2014-12-21,Panthers,Browns,2,5:39,3,7,CLE 35,3-3,18,2.21,4.44,2.23
2015-10-11,Packers,Rams,4,3:13,3,7,RAM 44,21-10,18,1.62,3.84,2.22
2015-11-15,Dolphins,Eagles,4,2:47,3,7,MIA 19,20-19,18,-0.95,1.4,2.35
2015-09-13,Jets,Browns,3,5:11,3,7,NYJ 27,21-10,18,-0.3,1.93,2.23
2015-10-04,Vikings,Broncos,1,3:31,3,7,MIN 49,0-3,18,1.16,3.38,2.22
2015-11-08,Buccaneers,Giants,4,6:34,3,7,TAM 23,18-23,18,-0.56,1.66,2.22
2016-09-11,Jets,Bengals,1,10:28,3,7,NYJ 38,0-0,18,0.43,2.65,2.22
2016-10-02,Buccaneers,Broncos,1,10:39,3,7,DEN 46,0-7,18,1.49,3.71,2.22
2016-10-23,Dolphins,Bills,4,5:57,3,7,BUF 46,14-17,18,1.49,3.71,2.22
2016-11-20,Bears,Giants,3,2:18,3,7,CHI 23,16-22,18,-0.56,1.66,2.22
2014-09-28,Panthers,Ravens,3,8:13,3,7,CAR 20,7-28,17,-0.87,1.4,2.27
2014-11-13,Dolphins,Bills,2,2:00,3,7,MIA 33,3-6,17,0.1,2.26,2.16
2014-11-10,Panthers,Eagles,4,10:08,3,7,PHI 44,7-45,17,1.62,3.78,2.16
2015-11-15,Jaguars,Ravens,1,6:15,3,7,JAX 38,0-0,17,0.43,2.59,2.16
2015-11-08,Buccaneers,Giants,3,8:55,3,7,TAM 41,9-20,17,0.63,2.79,2.16
2016-01-03,Titans,Colts,2,13:14,3,7,OTI 42,7-10,17,0.7,2.85,2.15
2016-09-18,Steelers,Bengals,4,12:21,3,7,PIT 35,17-9,17,0.23,2.39,2.16
2016-09-18,Texans,Chiefs,1,13:48,3,7,HTX 19,0-0,17,-0.95,1.33,2.28
2016-12-25,Ravens,Steelers,2,3:00,3,7,RAV 31,3-7,17,-0.03,2.13,2.16
2014-11-23,Giants,Cowboys,4,6:01,3,7,NYG 36,21-24,16,0.3,2.39,2.09
2014-11-10,Panthers,Eagles,4,7:01,3,7,CAR 38,14-45,16,0.43,3.51,3.08
2014-10-16,Patriots,Jets,2,7:10,3,7,NWE 34,7-9,16,0.17,2.26,2.09
2015-09-13,Giants,Cowboys,3,13:04,3,7,NYG 34,13-6,16,0.17,2.26,2.09
2015-11-08,Jets,Jaguars,2,8:53,3,7,NYJ 27,14-3,16,-0.3,1.8,2.10
2016-10-09,Giants,Packers,2,13:08,3,7,NYG 17,0-7,16,-1.04,1.14,2.18
2016-09-25,Broncos,Bengals,4,9:55,3,7,DEN 49,16-17,16,1.16,3.25,2.09
2016-11-27,Saints,Rams,1,4:55,3,7,RAM 36,0-7,16,2.15,4.24,2.09
2016-12-11,Rams,Falcons,4,6:19,3,7,RAM 23,7-41,16,-0.56,1.53,2.09
2016-12-18,Falcons,49ers,4,4:08,3,7,SFO 43,38-13,16,1.68,3.78,2.10
2016-12-24,Chargers,Browns,3,2:36,3,7,SDG 28,17-20,16,-0.23,1.86,2.09
2014-09-28,Panthers,Ravens,4,10:05,3,7,CAR 34,10-35,15,0.17,2.19,2.02
2014-12-07,Jaguars,Texans,1,6:27,3,7,HTX 47,0-0,15,1.42,3.45,2.03
2014-10-12,Bengals,Panthers,1,3:24,3,7,CAR 44,0-7,15,1.62,3.64,2.02
2014-12-28,Falcons,Panthers,1,7:10,3,7,ATL 23,0-3,15,-0.56,1.47,2.03
2015-12-03,Lions,Packers,3,12:52,3,7,GNB 48,17-0,15,1.36,3.38,2.02
2015-11-15,Cardinals,Seahawks,1,7:04,3,7,50,0-0,15,1.22,3.25,2.03
2015-12-20,Vikings,Bears,3,12:37,3,7,MIN 48,17-7,15,1.09,3.12,2.03
2015-09-27,Chargers,Vikings,4,5:07,3,7,SDG 40,7-31,15,0.56,2.59,2.03
2016-09-18,Buccaneers,Cardinals,1,6:49,3,7,TAM 23,0-0,15,-0.56,1.47,2.03
2016-12-24,Jaguars,Titans,2,3:27,3,7,OTI 35,10-7,15,2.21,4.24,2.03
2014-09-21,Broncos,Seahawks,4,4:22,3,7,DEN 35,12-17,14,0.23,2.19,1.96
2014-09-21,Raiders,Patriots,2,13:43,3,7,RAI 31,3-0,14,-0.03,1.93,1.96
2014-12-28,Raiders,Broncos,2,8:40,3,7,RAI 23,7-17,14,-0.56,1.4,1.96
2014-11-30,Giants,Jaguars,1,7:53,3,7,NYG 23,0-0,14,-0.56,1.4,1.96
2014-12-11,Cardinals,Rams,4,14:06,3,7,CRD 31,9-3,14,-0.03,1.93,1.96
2015-10-26,Cardinals,Ravens,3,4:57,3,7,CRD 16,17-10,14,-1.06,0.94,2.00
2015-12-06,Dolphins,Ravens,4,2:32,3,7,MIA 48,15-13,14,1.09,3.05,1.96
2015-11-26,Cowboys,Panthers,4,8:26,3,7,DAL 42,6-33,14,0.7,2.65,1.95
2015-10-18,Jets,Redskins,3,7:58,3,7,NYJ 27,20-13,14,-0.3,1.66,1.96
2016-11-13,Panthers,Chiefs,3,3:20,3,7,KAN 45,17-3,14,1.55,3.51,1.96
2016-10-09,Vikings,Texans,4,11:07,3,7,MIN 16,31-6,14,-1.06,0.94,2.00
2016-11-13,Packers,Titans,3,4:49,3,7,OTI 46,22-41,14,1.49,3.45,1.96
2016-11-13,Titans,Packers,1,2:46,3,7,GNB 49,14-0,14,1.29,3.25,1.96
2016-12-11,Dolphins,Cardinals,3,7:50,3,7,MIA 19,21-9,14,-0.95,1.14,2.09
2016-12-11,Eagles,Redskins,4,10:14,3,7,PHI 43,19-21,14,0.76,2.72,1.96
2016-12-18,Giants,Lions,3,5:23,3,7,NYG 34,10-6,14,0.17,2.13,1.96
2014-11-16,Lions,Cardinals,3,5:59,3,7,DET 19,6-14,13,-0.95,1.07,2.02
2014-12-21,Steelers,Chiefs,2,7:39,3,7,KAN 45,3-6,13,1.55,3.45,1.90
2014-12-07,Buccaneers,Lions,2,2:28,3,7,TAM 23,3-17,13,-0.56,1.33,1.89
2014-10-26,Ravens,Bengals,2,3:44,3,7,RAV 41,3-7,13,0.63,2.52,1.89
2014-11-16,Packers,Eagles,2,6:16,3,7,GNB 23,24-3,13,-0.56,1.33,1.89
2014-12-14,Steelers,Falcons,4,8:10,3,7,PIT 33,27-20,13,0.1,1.99,1.89
2015-11-29,Bills,Chiefs,1,8:05,3,7,KAN 47,3-0,13,1.42,3.31,1.89
2015-11-22,Cardinals,Bengals,3,12:16,3,7,CRD 23,7-14,13,-0.56,1.33,1.89
2015-10-05,Seahawks,Lions,4,14:45,3,7,50,13-3,13,1.22,3.12,1.90
2015-09-20,Titans,Browns,2,13:18,3,7,OTI 23,0-14,13,-0.56,1.33,1.89
2015-10-04,Jaguars,Colts,1,12:52,3,7,JAX 33,0-0,13,0.1,1.99,1.89
2015-12-20,Seahawks,Browns,2,3:20,3,7,SEA 40,14-10,13,0.56,2.46,1.90
2015-12-13,Steelers,Bengals,2,5:22,3,7,PIT 23,13-7,13,-0.56,1.33,1.89
2016-10-09,Browns,Patriots,3,10:59,3,7,CLE 27,7-30,13,-0.3,2.59,2.89
2016-09-11,Bears,Texans,1,9:11,3,7,CHI 38,0-0,13,0.43,2.32,1.89
2016-12-22,Giants,Eagles,2,9:39,3,7,PHI 43,3-14,13,1.68,3.58,1.90
2014-11-09,Saints,49ers,1,2:03,3,7,SFO 35,0-14,12,2.21,4.04,1.83
2014-10-26,Vikings,Buccaneers,3,13:41,3,7,MIN 23,3-0,12,-0.56,1.27,1.83
2014-11-30,Giants,Jaguars,4,15:00,3,7,NYG 36,21-16,12,0.3,2.13,1.83
2014-11-30,Packers,Patriots,3,5:12,3,7,GNB 40,23-14,12,0.56,2.39,1.83
2014-10-26,Steelers,Colts,1,4:29,3,7,PIT 40,7-3,12,0.56,2.39,1.83
2014-12-28,Buccaneers,Saints,1,12:36,3,7,TAM 42,0-0,12,0.7,2.52,1.82
2015-11-01,Cardinals,Browns,2,2:38,3,7,CRD 47,7-20,12,1.03,2.85,1.82
2015-09-20,Steelers,49ers,2,9:54,3,7,PIT 23,8-3,12,-0.56,1.27,1.83
2015-09-27,Broncos,Lions,2,9:58,3,7,DEN 23,0-0,12,-0.56,1.27,1.83
2015-09-27,Bills,Dolphins,3,11:29,3,7,BUF 48,27-0,12,1.09,2.92,1.83
2015-12-27,Browns,Chiefs,4,4:43,3,7,CLE 45,13-17,12,0.89,2.72,1.83
2015-09-20,Buccaneers,Saints,1,2:10,3,7,NOR 37,0-0,12,2.08,2.34,.26
2015-12-13,Chargers,Chiefs,1,4:58,3,7,SDG 29,0-0,12,-0.16,1.66,1.82
2015-10-04,Rams,Cardinals,3,12:11,3,7,RAM 36,10-9,12,0.3,2.13,1.83
2015-11-01,Vikings,Bears,3,7:47,3,7,MIN 23,10-13,12,-0.56,1.27,1.83
2015-09-27,Texans,Buccaneers,2,9:38,3,7,HTX 25,7-3,12,-0.43,1.4,1.83
2015-12-13,Colts,Jaguars,2,11:17,3,7,CLT 31,6-3,12,-0.03,1.8,1.83
2015-11-22,Broncos,Bears,4,14:55,3,7,DEN 43,10-9,12,0.76,2.59,1.83
2016-10-09,Patriots,Browns,1,4:41,3,7,NWE 42,7-7,12,0.7,2.52,1.82
2016-11-20,Eagles,Seahawks,4,11:54,3,7,PHI 40,7-26,12,0.56,2.39,1.83
2016-11-24,Redskins,Cowboys,1,7:32,3,7,DAL 36,0-7,12,2.15,3.97,1.82
2016-11-24,Colts,Steelers,4,4:21,3,7,CLT 42,7-28,12,0.7,2.52,1.82
2016-12-04,Eagles,Bengals,2,14:10,3,7,PHI 39,0-10,12,0.5,2.32,1.82
2014-09-18,Falcons,Buccaneers,4,5:38,3,7,ATL 23,56-14,11,-0.56,1.2,1.76
2014-09-07,Vikings,Rams,3,8:01,3,7,MIN 43,13-3,11,0.76,2.52,1.76
2014-10-12,Ravens,Buccaneers,2,11:50,3,7,TAM 45,35-0,11,1.55,3.31,1.76
2014-11-20,Raiders,Chiefs,1,8:39,3,7,KAN 38,0-0,11,2.02,3.78,1.76
2014-10-26,Rams,Chiefs,4,4:22,3,7,RAM 47,7-34,11,1.03,2.79,1.76
2014-12-20,Eagles,Redskins,3,6:05,3,7,PHI 23,14-17,11,-0.56,1.2,1.76
2015-10-18,Ravens,49ers,4,9:09,3,7,RAV 45,13-25,11,0.89,2.65,1.76
2015-09-27,Texans,Buccaneers,4,6:46,3,7,HTX 26,16-9,11,-0.36,1.4,1.76
2015-11-23,Patriots,Bills,1,10:28,3,7,NWE 49,0-0,11,1.16,2.92,1.76
2015-10-15,Falcons,Saints,3,13:54,3,7,ATL 23,7-14,11,-0.56,1.2,1.76
2015-11-22,Cowboys,Dolphins,1,4:06,3,7,MIA 48,0-0,11,1.36,3.12,1.76
2015-11-01,49ers,Rams,2,5:34,3,7,SFO 23,3-13,11,-0.56,1.2,1.76
2015-11-22,Colts,Falcons,1,12:40,3,7,CLT 39,0-0,11,0.5,2.26,1.76
2016-10-23,Raiders,Jaguars,1,11:06,3,7,RAI 46,0-0,11,0.96,2.72,1.76
2016-10-16,Jaguars,Bears,2,3:48,3,7,JAX 28,0-10,11,-0.23,1.53,1.76
2016-10-02,Chiefs,Steelers,3,4:51,3,7,KAN 20,0-36,11,-0.87,1,1.87
2016-10-02,Falcons,Panthers,2,10:15,3,7,ATL 28,14-7,11,-0.23,1.53,1.76
2016-10-09,Cowboys,Bengals,4,2:25,3,7,CIN 43,28-14,11,1.68,3.45,1.77
2016-10-02,Rams,Cardinals,3,9:15,3,7,RAM 34,10-10,11,0.17,1.93,1.76
2016-11-21,Raiders,Texans,3,5:08,3,7,RAI 40,10-17,11,0.56,3.31,2.75
2016-11-24,Colts,Steelers,4,5:00,3,7,CLT 28,7-28,11,-0.23,1.53,1.76
2016-12-24,Bears,Redskins,3,14:04,3,7,CHI 28,14-24,11,-0.23,1.53,1.76
2016-12-24,Raiders,Colts,3,13:38,3,7,RAI 26,19-7,11,-0.36,1.4,1.76
2017-01-01,Packers,Lions,2,14:03,3,7,GNB 32,0-0,11,0.04,1.8,1.76
2014-11-30,Raiders,Rams,3,5:48,3,7,RAI 20,0-38,10,-0.87,0.94,1.81
2014-09-14,Lions,Panthers,3,12:46,3,7,DET 40,0-6,10,0.56,2.26,1.70
2014-09-14,Jaguars,Redskins,3,5:05,3,7,JAX 33,7-24,10,0.1,1.8,1.70
2014-11-30,Raiders,Rams,2,2:25,3,7,RAI 39,0-38,10,0.5,2.19,1.69
2014-09-14,Cowboys,Titans,4,13:03,3,7,DAL 35,23-10,10,0.23,1.93,1.70
2014-09-14,Patriots,Vikings,3,4:08,3,7,NWE 48,27-7,10,1.09,2.79,1.70
2014-09-21,Saints,Vikings,4,14:17,3,7,50,13-9,10,1.22,2.92,1.70
2014-11-23,Patriots,Lions,4,9:49,3,7,NWE 30,27-9,10,-0.1,1.6,1.70
2014-11-30,Patriots,Packers,4,5:17,3,7,GNB 43,21-26,10,1.68,3.38,1.70
2014-12-28,Eagles,Giants,1,8:02,3,7,PHI 28,7-7,10,-0.23,1.47,1.70
2014-11-16,Seahawks,Chiefs,2,15:00,3,7,KAN 44,0-7,10,1.62,3.31,1.69
2015-12-13,Panthers,Falcons,4,15:00,3,7,CAR 31,38-0,10,-0.03,1.66,1.69
2015-12-13,Jets,Titans,3,10:52,3,7,NYJ 30,27-0,10,-0.1,1.6,1.70
2015-12-13,Steelers,Bengals,1,12:05,3,7,CIN 37,0-0,10,2.08,3.78,1.70
2016-01-03,Raiders,Chiefs,3,5:48,3,7,RAI 25,10-23,10,-0.43,1.27,1.70
2015-12-13,Cowboys,Packers,2,9:02,3,7,DAL 23,0-7,10,-0.56,1.14,1.70
2015-11-22,Bears,Broncos,1,9:29,3,7,CHI 47,0-7,10,1.03,2.72,1.69
2015-12-06,Broncos,Chargers,4,5:18,3,7,DEN 48,17-3,10,1.09,2.79,1.70
2015-12-21,Lions,Saints,2,8:20,3,7,DET 47,14-3,10,1.03,2.72,1.69
2015-12-20,Seahawks,Browns,4,6:51,3,7,SEA 49,27-13,10,1.16,2.85,1.69
2015-10-11,Rams,Packers,1,10:37,3,7,RAM 28,0-7,10,-0.23,1.47,1.70
2016-10-02,Jaguars,Colts,4,14:04,3,7,JAX 21,23-13,10,-0.79,1,1.79
2016-09-25,Chiefs,Jets,1,10:56,3,7,KAN 20,0-0,10,-0.87,0.94,1.81
2016-11-13,Buccaneers,Bears,2,12:13,3,7,TAM 17,7-3,10,-1.04,0.74,1.78
2016-11-13,Broncos,Saints,1,11:14,3,7,DEN 38,0-0,10,0.43,2.13,1.70
2016-11-24,Vikings,Lions,3,3:14,3,7,MIN 30,10-10,10,-0.1,1.6,1.70
2016-12-11,Titans,Broncos,2,5:12,3,7,OTI 42,10-0,10,0.7,0.7,.00
2016-12-12,Ravens,Patriots,2,14:16,3,7,RAV 46,0-9,10,0.96,2.65,1.69
2014-10-12,Vikings,Lions,3,13:31,3,7,MIN 37,0-10,9,0.37,1.99,1.62
2014-12-01,Jets,Dolphins,1,9:34,3,7,NYJ 18,0-0,9,-1,0.74,1.74
2014-10-05,Buccaneers,Saints,1,8:59,3,7,TAM 18,0-3,9,-1,0.74,1.74
2014-11-09,Bills,Chiefs,1,11:49,3,7,KAN 48,0-0,9,1.36,2.98,1.62
2014-12-21,Chiefs,Steelers,4,14:54,3,7,KAN 20,6-17,9,-0.87,0.87,1.74
2014-10-26,Jaguars,Dolphins,3,10:11,3,7,MIA 43,3-17,9,1.68,3.31,1.63
2015-11-08,Saints,Titans,1,6:22,3,7,NOR 23,7-3,9,-0.56,1.07,1.63
2015-11-15,Ravens,Jaguars,3,12:00,3,7,RAV 48,14-13,9,1.09,2.72,1.63
2015-10-11,Bengals,Seahawks,2,14:56,3,7,CIN 49,7-7,9,1.16,2.79,1.63
2015-10-11,Eagles,Saints,3,8:48,3,7,PHI 38,10-10,9,0.43,2.06,1.63
2015-11-08,Redskins,Patriots,2,7:13,3,7,WAS 23,0-17,9,-0.56,1.07,1.63
2015-12-06,Falcons,Buccaneers,1,8:39,3,7,ATL 35,0-0,9,0.23,1.86,1.63
2015-09-13,Bears,Packers,4,4:30,3,7,GNB 38,16-24,9,2.02,3.64,1.62
2015-10-18,Jaguars,Texans,2,4:43,3,7,JAX 34,7-10,9,0.17,1.8,1.63
2015-11-29,Colts,Buccaneers,1,11:14,3,7,CLT 46,0-0,9,0.96,2.59,1.63
2015-10-18,Bengals,Bills,3,4:39,3,7,BUF 49,24-14,9,1.29,2.92,1.63
2015-10-04,Raiders,Bears,3,5:20,3,7,RAI 39,17-16,9,0.5,2.13,1.63
2016-01-03,Bills,Jets,3,10:46,3,7,BUF 31,16-10,9,-0.03,1.6,1.63
2016-01-03,Colts,Titans,1,11:43,3,7,CLT 45,0-0,9,0.89,2.52,1.63
2015-12-20,Bengals,49ers,3,12:35,3,7,CIN 42,21-0,9,0.7,0.56,-0.14
2015-11-05,Browns,Bengals,1,14:16,3,7,CLE 23,0-0,9,-0.56,1.07,1.63
2016-10-09,Falcons,Broncos,1,14:20,3,7,ATL 28,0-0,9,-0.23,1.4,1.63
2016-10-02,Bears,Lions,2,8:35,3,7,CHI 46,7-0,9,0.96,2.59,1.63
2016-09-18,Redskins,Cowboys,2,2:00,3,7,DAL 46,7-13,9,1.49,3.12,1.63
2016-11-13,Rams,Jets,1,6:31,3,7,RAM 35,3-0,9,0.23,1.86,1.63
2016-12-24,Bears,Redskins,2,9:31,3,7,CHI 28,0-17,9,-0.23,1.4,1.63
2016-12-25,Broncos,Chiefs,1,14:18,3,7,DEN 25,0-0,9,-0.43,1.2,1.63
2017-01-01,Rams,Cardinals,4,9:28,3,7,CRD 38,6-37,9,2.02,3.64,1.62
2014-11-30,Steelers,Saints,1,14:13,3,7,PIT 23,0-0,8,-0.56,1,1.56
2014-11-02,Patriots,Broncos,3,4:09,3,7,NWE 33,37-21,8,0.1,1.66,1.56
2014-12-21,Falcons,Saints,4,11:56,3,7,ATL 47,20-7,8,1.03,2.59,1.56
2014-09-07,Eagles,Jaguars,3,14:31,3,7,PHI 23,0-17,8,-0.56,1,1.56
2014-09-21,Lions,Packers,4,5:24,3,7,DET 23,19-7,8,-0.56,1,1.56
2014-10-19,Browns,Jaguars,4,3:21,3,7,CLE 35,6-24,8,0.23,1.8,1.57
2014-11-27,Seahawks,49ers,4,13:11,3,7,SFO 40,16-3,8,1.88,3.45,1.57
2014-09-07,Saints,Falcons,1,7:27,3,7,NOR 42,3-0,8,0.7,2.26,1.56
2014-11-06,Browns,Bengals,4,10:14,3,7,CIN 40,24-3,8,1.88,3.45,1.57
2014-11-09,Cardinals,Rams,3,8:57,3,7,CRD 40,10-14,8,0.56,2.13,1.57
2016-01-03,Lions,Bears,2,11:24,3,7,DET 23,7-0,8,-0.56,1,1.56
2015-11-08,Raiders,Steelers,1,3:48,3,7,RAI 28,7-3,8,-0.23,1.33,1.56
2015-09-20,Buccaneers,Saints,3,10:00,3,7,NOR 45,17-7,8,1.55,3.12,1.57
2015-12-06,Chargers,Broncos,1,9:53,3,7,SDG 33,0-7,8,0.1,1.66,1.56
2015-11-08,Giants,Buccaneers,3,4:46,3,7,NYG 45,20-12,8,0.89,2.46,1.57
2015-10-11,Rams,Packers,4,5:26,3,7,RAM 44,10-21,8,0.83,2.39,1.56
2015-10-25,Bills,Jaguars,2,5:08,3,7,JAX 47,3-27,8,1.42,2.98,1.56
2015-10-25,Patriots,Jets,2,9:07,3,7,NYJ 44,3-10,8,1.62,3.18,1.56
2016-10-23,Chiefs,Saints,1,5:22,3,7,KAN 28,0-7,8,-0.23,1.33,1.56
2016-11-13,Dolphins,Chargers,2,6:47,3,7,MIA 29,0-10,8,-0.16,1.4,1.56
2016-09-18,Browns,Ravens,1,13:42,3,7,CLE 28,0-0,8,-0.23,1.33,1.56
2016-09-25,Rams,Buccaneers,1,14:21,3,7,RAM 28,0-0,8,-0.23,1.33,1.56
2016-10-16,Titans,Browns,2,12:46,3,7,OTI 44,7-6,8,0.83,2.39,1.56
2016-11-20,Giants,Bears,2,7:24,3,7,NYG 30,6-16,8,-0.1,1.47,1.57
2016-11-27,Chiefs,Broncos,3,5:27,3,7,KAN 49,9-10,8,1.16,2.72,1.56
2016-11-27,Texans,Chargers,2,15:00,3,7,HTX 47,0-0,8,1.03,2.59,1.56
2016-11-28,Packers,Eagles,2,5:52,3,7,GNB 41,14-7,8,0.63,2.19,1.56
2016-12-05,Colts,Jets,3,14:19,3,7,CLT 28,24-3,8,-0.23,1.33,1.56
2016-12-24,Panthers,Falcons,2,4:27,3,7,CAR 28,3-20,8,-0.23,1.33,1.56
2017-01-01,Dolphins,Patriots,3,10:43,3,7,NWE 40,7-20,8,1.88,3.45,1.57
2017-01-01,Ravens,Bengals,2,14:18,3,7,RAV 24,3-14,8,-0.49,1.07,1.56
2014-12-21,Patriots,Jets,4,4:38,3,7,NWE 45,17-16,7,0.89,2.39,1.50
2014-11-16,Packers,Eagles,3,10:42,3,7,PHI 44,30-6,7,1.62,3.12,1.50
2014-10-12,Bengals,Panthers,2,4:33,3,7,CIN 23,14-10,7,-0.56,0.94,1.50
2014-12-28,Texans,Jaguars,4,4:06,3,7,HTX 31,23-17,7,-0.03,1.47,1.50
2014-12-07,Jaguars,Texans,3,14:14,3,7,JAX 28,13-10,7,-0.23,1.27,1.50
2014-11-09,Broncos,Raiders,2,11:01,3,7,DEN 23,6-10,7,-0.56,0.94,1.50
2014-09-21,Chiefs,Dolphins,3,10:44,3,7,KAN 37,14-10,7,0.37,1.86,1.49
2014-11-27,Cowboys,Eagles,1,9:35,3,7,DAL 34,0-7,7,0.17,1.66,1.49
2014-09-14,Buccaneers,Rams,2,15:00,3,7,TAM 33,7-7,7,0.1,1.6,1.50
2015-11-12,Jets,Bills,1,7:07,3,7,NYJ 16,0-0,7,-1.06,0.48,1.54
2015-10-25,Jets,Patriots,3,10:25,3,7,NYJ 23,10-16,7,-0.56,0.94,1.50
2016-09-12,Redskins,Steelers,3,10:07,3,7,WAS 28,6-17,7,-0.23,1.86,2.09
2016-11-27,Bills,Jaguars,4,3:09,3,7,BUF 45,28-21,7,0.89,2.39,1.50
2017-01-01,Dolphins,Patriots,3,14:25,3,7,MIA 28,7-20,7,-0.23,1.27,1.50
2017-01-01,Titans,Texans,1,13:34,3,7,OTI 25,0-0,7,-0.43,1.07,1.50
2014-10-26,Packers,Saints,3,4:19,3,7,GNB 34,16-23,6,0.17,-0.72,-0.89
2014-12-22,Bengals,Broncos,1,13:52,3,7,CIN 23,0-0,6,-0.56,-1.44,-0.88
2014-10-26,Buccaneers,Vikings,1,11:52,3,7,TAM 37,0-0,6,0.37,-0.52,-0.89
2014-10-05,Bills,Lions,1,4:15,3,7,BUF 16,0-0,6,-1.06,-1.9,-0.84
2014-09-14,Cardinals,Giants,2,8:28,3,7,CRD 45,10-0,6,0.89,0,-0.89
2014-09-21,Jaguars,Colts,1,8:24,3,7,JAX 23,0-3,6,-0.56,-1.44,-0.88
2014-10-05,Jaguars,Steelers,2,7:19,3,7,JAX 23,3-3,6,-0.56,-1.44,-0.88
2014-12-07,Ravens,Dolphins,3,10:48,3,7,RAV 28,7-10,6,-0.23,-1.11,-0.88
2014-10-19,Bengals,Colts,3,14:24,3,7,CIN 23,0-10,6,-0.56,-1.44,-0.88
2014-10-19,Giants,Cowboys,1,3:30,3,7,NYG 40,0-7,6,0.56,-0.32,-0.88
2015-10-25,Titans,Falcons,1,3:29,3,7,OTI 25,0-0,6,-0.43,-1.31,-0.88
2015-12-27,Giants,Vikings,4,12:58,3,7,NYG 29,10-39,6,-0.16,-1.04,-0.88
2015-09-20,Patriots,Bills,2,7:24,3,7,NWE 42,21-7,6,0.7,-0.19,-0.89
2015-11-01,Saints,Giants,4,6:41,3,7,NOR 23,42-49,6,-0.56,-1.44,-0.88
2015-11-29,Jets,Dolphins,1,13:51,3,7,NYJ 39,0-0,6,0.5,-0.39,-0.89
2015-12-26,Redskins,Eagles,1,11:23,3,7,WAS 23,0-7,6,-0.56,-1.44,-0.88
2015-12-13,Cowboys,Packers,2,2:03,3,7,DAL 23,0-14,6,-0.56,-1.44,-0.88
2015-11-19,Titans,Jaguars,4,4:29,3,7,OTI 18,13-9,6,-1,-1.77,-0.77
2015-10-18,Redskins,Jets,1,14:09,3,7,WAS 16,0-0,6,-1.06,-1.9,-0.84
2015-09-27,Rams,Steelers,4,12:17,3,7,RAM 15,3-9,6,-1.07,-1.96,-0.89
2015-09-20,Packers,Seahawks,2,3:34,3,7,GNB 24,10-3,6,-0.49,-1.37,-0.88
2015-11-08,Bills,Dolphins,1,12:53,3,7,BUF 38,0-0,6,0.43,-0.46,-0.89
2016-09-18,Rams,Seahawks,2,9:42,3,7,RAM 41,3-3,6,0.63,-0.26,-0.89
2016-11-06,Chiefs,Jaguars,1,10:53,3,7,KAN 39,0-0,6,0.5,-0.39,-0.89
2016-10-02,Texans,Titans,4,4:44,3,7,OTI 48,27-20,6,1.36,0.46,-0.90
2016-11-20,Rams,Dolphins,4,7:32,3,7,MIA 36,10-0,6,2.15,1.52,-0.63
2016-11-20,Giants,Bears,4,4:54,3,7,NYG 22,22-16,6,-0.68,-1.5,-0.82
2016-11-27,Rams,Saints,4,9:09,3,7,NOR 39,21-49,6,1.95,1.21,-0.74
2016-11-27,Chargers,Texans,4,8:17,3,7,SDG 47,21-10,6,1.03,0.13,-0.90
2016-12-11,Texans,Colts,3,8:29,3,7,HTX 28,16-10,6,-0.23,-1.11,-0.88
2016-12-17,Jets,Dolphins,2,4:45,3,7,NYJ 47,7-6,6,1.03,0.13,-0.90
2016-12-22,Eagles,Giants,1,6:45,3,7,PHI 38,14-0,6,0.43,-0.46,-0.89
2014-09-28,Chargers,Jaguars,4,8:02,3,7,SDG 38,30-14,5,0.43,-0.52,-0.95
2014-09-28,49ers,Eagles,4,14:53,3,7,PHI 48,23-21,5,1.36,0.4,-0.96
2014-11-23,Bears,Buccaneers,2,5:13,3,7,CHI 23,0-7,5,-0.56,-1.5,-0.94
2014-11-23,Dolphins,Broncos,4,2:01,3,7,DEN 48,28-39,5,1.36,0.4,-0.96
2014-10-12,Seahawks,Cowboys,2,3:55,3,7,SEA 23,10-10,5,-0.56,-1.5,-0.94
2014-12-28,Saints,Buccaneers,4,4:14,3,7,TAM 47,14-20,5,1.42,0.46,-0.96
2015-11-15,Dolphins,Eagles,1,2:48,3,7,MIA 34,3-16,5,0.17,-0.78,-0.95
2015-10-18,Panthers,Seahawks,2,5:47,3,7,CAR 35,7-10,5,0.23,-0.72,-0.95
2015-10-25,Panthers,Eagles,2,8:32,3,7,CAR 30,7-0,5,-0.1,-1.04,-0.94
2015-11-30,Browns,Ravens,3,14:10,3,7,CLE 23,13-17,5,-0.56,-1.5,-0.94
2015-09-27,Bears,Seahawks,4,13:15,3,7,CHI 23,0-23,5,-0.56,-1.5,-0.94
2015-11-29,Broncos,Patriots,2,10:04,3,7,DEN 23,0-14,5,-0.56,-1.5,-0.94
2015-12-06,Dolphins,Ravens,2,3:48,3,7,MIA 36,0-0,5,0.3,-0.65,-0.95
2015-12-13,Ravens,Seahawks,3,5:19,3,7,RAV 38,6-21,5,0.43,-0.52,-0.95
2015-09-20,Texans,Panthers,1,4:18,3,7,HTX 34,3-0,5,0.17,2.52,2.35
2015-12-20,Raiders,Packers,2,5:27,3,7,RAI 33,6-14,5,0.1,-0.85,-0.95
2016-10-23,Steelers,Patriots,1,13:36,3,7,PIT 28,0-0,5,-0.23,-1.18,-0.95
2016-10-23,Rams,Giants,2,5:32,3,7,50,10-10,5,1.22,0.27,-0.95
2016-10-31,Vikings,Bears,4,15:00,3,7,MIN 44,3-20,5,0.83,-0.13,-0.96
2016-11-06,Browns,Cowboys,2,7:16,3,7,CLE 24,3-14,5,-0.49,-1.44,-0.95
2016-11-27,Titans,Bears,1,10:59,3,7,OTI 36,0-0,5,0.3,-0.65,-0.95
2017-01-01,Cowboys,Eagles,4,11:01,3,7,DAL 42,13-17,5,0.7,-0.26,-0.96
2014-09-08,Lions,Giants,2,11:30,3,7,DET 23,14-7,4,-0.56,-1.57,-1.01
2014-11-23,Bears,Buccaneers,4,3:19,3,7,CHI 26,21-13,4,-0.36,-1.37,-1.01
2014-11-23,Giants,Cowboys,3,9:24,3,7,NYG 16,21-10,4,-1.06,-2.03,-0.97
2014-11-20,Chiefs,Raiders,1,3:20,3,7,KAN 43,0-7,4,0.76,-0.26,-1.02
2014-10-19,Rams,Seahawks,1,13:53,3,7,RAM 23,0-0,4,-0.56,-1.57,-1.01
2015-12-24,Chargers,Raiders,3,9:40,3,7,SDG 16,17-10,4,-1.06,-2.03,-0.97
2015-09-13,Raiders,Bengals,4,10:12,3,7,CIN 43,0-33,4,1.68,0.66,-1.02
2015-10-25,Redskins,Buccaneers,1,13:53,3,7,WAS 23,0-0,4,-0.56,-1.57,-1.01
2016-09-25,49ers,Seahawks,1,13:19,3,7,SFO 28,0-7,4,-0.23,-1.24,-1.01
2016-09-25,Vikings,Panthers,4,2:10,3,7,MIN 43,22-10,4,0.76,-0.26,-1.02
2016-10-30,Chargers,Broncos,2,13:51,3,7,SDG 45,7-3,4,0.89,-0.13,-1.02
2016-11-06,Broncos,Raiders,1,4:13,3,7,DEN 18,0-6,4,-1,-1.9,-0.90
2016-12-04,Eagles,Bengals,4,4:29,3,7,CIN 35,14-29,4,2.21,1.38,-0.83
2017-01-01,Texans,Titans,1,8:39,3,7,HTX 16,0-7,4,-1.06,-2.03,-0.97
2014-09-08,Giants,Lions,3,10:34,3,7,NYG 23,7-17,3,-0.56,-1.63,-1.07
2014-10-19,Raiders,Cardinals,4,8:14,3,7,RAI 31,13-21,3,-0.03,-1.11,-1.08
2015-10-04,Jaguars,Colts,1,11:14,3,7,JAX 49,0-0,3,1.16,0.07,-1.09
2016-12-11,Saints,Buccaneers,1,11:51,3,7,NOR 23,0-0,3,-0.56,-1.63,-1.07
2017-01-01,Rams,Cardinals,1,6:29,3,7,RAM 43,0-3,3,0.76,-0.32,-1.08
2015-09-27,Chargers,Vikings,3,10:44,3,7,SDG 33,7-17,2,0.1,-1.04,-1.14
2015-12-27,Jets,Patriots,4,11:13,3,7,NYJ 34,20-13,2,0.17,-0.98,-1.15
2016-09-25,Dolphins,Browns,2,11:55,3,7,MIA 28,7-3,2,-0.23,-1.37,-1.14
2016-12-18,Vikings,Colts,1,8:06,3,7,MIN 28,0-3,2,-0.23,-1.37,-1.14
2014-10-05,Titans,Browns,3,2:27,3,7,OTI 25,28-13,1,-0.43,-1.63,-1.20
2014-11-16,Falcons,Panthers,2,4:37,3,7,ATL 40,3-3,1,0.56,-0.65,-1.21
2015-12-21,Saints,Lions,4,5:06,3,7,NOR 23,20-35,1,-0.56,-1.77,-1.21
2015-12-13,49ers,Browns,3,11:27,3,7,CLE 45,3-10,1,1.55,0.33,-1.22
2016-10-06,49ers,Cardinals,3,11:37,3,7,SFO 28,7-14,1,-0.23,-1.44,-1.21
2017-01-01,Texans,Titans,2,11:36,3,7,OTI 35,0-7,1,2.21,1.07,-1.14
2014-10-12,Lions,Vikings,4,3:23,3,7,DET 23,17-3,-2,-0.56,-1.96,-1.40
2016-10-23,Raiders,Jaguars,4,8:01,3,7,RAI 35,26-9,-2,0.23,-1.18,-1.41
2014-12-18,Jaguars,Titans,1,5:42,3,7,JAX 34,0-7,-4,0.17,-1.37,-1.54
2015-11-01,Vikings,Bears,1,6:43,3,7,CHI 44,0-3,-4,1.62,0.07,-1.55
2015-12-13,Chargers,Chiefs,2,7:59,3,7,KAN 42,0-0,,1.75,0.46,-1.29
2015-11-01,Bears,Vikings,2,2:00,3,7,CHI 46,3-10,,0.96,-0.32,-1.28
2016-09-11,Browns,Eagles,1,5:06,3,7,CLE 23,0-7,,-0.56,-1.83,-1.27