2014-12-18,Jaguars,Titans,2,8:42,3,10,JAX 22,0-7,0,-0.82,-1.9,-1.08
2014-12-07,Texans,Jaguars,1,13:21,3,6,HTX 24,0-0,0,-0.43,-1.77,-1.34
2014-12-07,Lions,Buccaneers,2,12:11,3,1,DET 29,7-3,0,0.23,-1.44,-1.67
2014-09-21,Jaguars,Colts,2,12:22,2,10,JAX 20,0-17,0,-0.27,-0.96,-0.69
2014-09-28,Bills,Texans,1,6:25,2,6,BUF 23,0-0,0,0.21,-0.55,-0.76
2015-11-22,Vikings,Packers,2,8:40,1,20,MIN 30,6-9,0,0.94,-0.3,-1.24
2015-11-29,Broncos,Patriots,1,10:01,3,11,DEN 19,0-7,0,-1.14,-2.14,-1.00
2015-11-15,Broncos,Chiefs,1,11:21,1,10,DEN 20,0-7,0,0.28,-0.63,-0.91
2016-12-18,Packers,Bears,1,7:17,1,10,GNB 21,7-0,0,0.34,-0.2,-0.54
2016-11-20,Bengals,Bills,1,15:00,1,10,CIN 25,0-0,0,0.61,0.06,-0.55
2016-11-20,49ers,Patriots,1,15:00,1,10,SFO 25,0-0,0,0.61,0.06,-0.55
2016-12-11,Lions,Bears,2,2:26,1,10,DET 19,3-3,0,0.15,-0.39,-0.54
2016-12-19,Panthers,Redskins,1,11:44,1,10,CAR 27,3-0,0,0.74,0.2,-0.54
2017-01-01,49ers,Seahawks,1,15:00,1,10,SFO 25,0-0,0,0.61,0.06,-0.55
2017-01-01,49ers,Seahawks,2,10:26,1,10,SFO 19,14-6,0,0.15,-0.39,-0.54
2014-11-02,Texans,Eagles,2,14:08,3,6,HTX 19,7-7,-1,-0.88,-2.24,-1.36
2014-10-09,Texans,Colts,1,6:22,2,6,HTX 24,0-17,-1,0.27,-0.56,-0.83
2014-10-12,Vikings,Lions,1,3:22,3,9,MIN 21,0-7,-1,-0.82,-2.03,-1.21
2014-11-23,Bears,Buccaneers,1,5:22,3,3,CHI 30,0-0,-1,0.17,-1.44,-1.61
2014-11-30,Panthers,Vikings,2,9:02,2,8,CAR 22,3-21,-1,0,-0.82,-0.82
2014-10-20,Texans,Steelers,2,2:28,2,8,HTX 22,13-3,-1,0,-0.82,-0.82
2015-11-12,Bills,Jets,2,4:13,1,10,BUF 30,9-3,-1,0.94,0.26,-0.68
2015-11-16,Bengals,Texans,2,11:47,1,10,CIN 29,3-3,-1,0.87,0.19,-0.68
2015-10-11,Seahawks,Bengals,2,10:02,2,7,SEA 17,7-7,-1,-0.37,-1.16,-0.79
2015-09-21,Jets,Colts,1,3:58,2,10,NYJ 20,7-0,-1,-0.27,-1.14,-0.87
2015-11-29,Seahawks,Steelers,2,7:56,2,9,SEA 16,7-10,-1,-0.58,-1.37,-0.79
2016-09-11,Bengals,Jets,1,13:20,3,6,CIN 29,0-0,-1,-0.1,-1.5,-1.40
2016-09-11,Bengals,Jets,2,8:57,2,19,CIN 16,10-13,-1,-1.29,-2.35,-1.06
2016-12-04,Lions,Saints,2,5:05,1,10,DET 25,10-3,-1,0.61,-0.07,-0.68
2016-12-24,Jets,Patriots,1,8:12,1,10,NYJ 21,0-3,-1,0.34,-0.34,-0.68
2017-01-01,Ravens,Bengals,1,14:50,3,10,RAV 25,0-0,-1,-0.62,-1.77,-1.15
2014-10-19,Vikings,Bills,2,2:31,3,12,MIN 29,10-10,-2,-0.49,-1.57,-1.08
2014-10-05,Chargers,Jets,1,11:39,1,10,SDG 24,0-0,-2,0.54,-0.27,-0.81
2014-09-21,Jaguars,Colts,2,11:43,3,10,JAX 20,0-17,-2,-0.96,-2.24,-1.28
2014-12-20,Eagles,Redskins,2,15:00,3,4,PHI 26,7-10,-2,-0.16,-1.77,-1.61
2014-12-28,Texans,Jaguars,2,12:45,2,8,HTX 28,7-10,-2,0.4,-0.56,-0.96
2014-09-28,Jets,Lions,2,6:19,1,10,NYJ 20,3-10,-2,0.28,-0.63,-0.91
2014-12-14,Raiders,Chiefs,1,10:05,1,10,RAI 24,0-0,-2,0.54,-0.27,-0.81
2014-12-28,Seahawks,Rams,1,12:46,3,10,SEA 22,0-0,-2,-0.82,-2.03,-1.21
2014-11-16,Lions,Cardinals,2,14:11,2,10,DET 22,3-14,-2,-0.13,-1.09,-0.96
2014-11-02,Seahawks,Raiders,2,5:14,2,11,SEA 29,17-3,-2,0.26,-0.69,-0.95
2015-12-07,Cowboys,Redskins,2,11:14,2,9,DAL 21,0-0,-2,-0.13,-1.14,-1.01
2015-09-27,Rams,Steelers,1,6:46,2,3,RAM 27,0-3,-2,0.68,-0.3,-0.98
2015-10-25,Colts,Saints,1,12:06,3,1,CLT 28,0-0,-2,0.1,-1.63,-1.73
2015-11-22,Colts,Falcons,2,14:18,3,1,CLT 29,0-7,-2,0.23,-1.57,-1.80
2016-12-15,Seahawks,Rams,2,5:48,2,17,SEA 21,10-0,-2,-0.68,-1.72,-1.04
2016-11-20,Cowboys,Ravens,1,13:49,3,7,DAL 28,0-0,-2,-0.23,-1.63,-1.40
2014-09-21,Seahawks,Broncos,1,2:04,3,7,SEA 23,3-3,-3,-0.56,-2.03,-1.47
2014-12-14,Seahawks,49ers,1,9:05,3,10,SEA 22,0-0,-3,-0.82,-2.14,-1.32
2014-11-02,Rams,49ers,2,3:33,3,14,RAM 16,3-10,-3,-1.69,-2.49,-0.80
2014-11-24,Saints,Ravens,2,11:56,3,16,NOR 29,7-7,-3,-0.76,-1.63,-0.87
2014-11-02,Chargers,Dolphins,1,15:00,1,10,SDG 20,0-0,-3,0.28,-0.79,-1.07
2014-10-19,Cowboys,Giants,1,14:28,2,5,DAL 25,0-0,-3,0.41,-0.69,-1.10
2014-12-07,Bengals,Steelers,1,2:17,2,7,CIN 30,0-0,-3,0.6,-0.49,-1.09
2014-11-30,Falcons,Cardinals,2,8:06,2,22,ATL 28,17-7,-3,-0.57,-1.62,-1.05
2014-10-12,Buccaneers,Ravens,2,12:43,3,7,TAM 23,0-35,-3,-0.56,-2.03,-1.47
2014-09-21,Chiefs,Dolphins,1,4:25,3,15,KAN 19,0-0,-3,-1.43,-2.39,-0.96
2015-11-01,Giants,Saints,2,10:23,2,8,NYG 25,14-21,-3,0.2,-0.89,-1.09
2015-09-13,Colts,Bills,2,13:07,2,7,CLT 22,0-7,-3,0.07,-1.07,-1.14
2015-12-06,Chargers,Broncos,2,14:00,2,16,SDG 18,0-14,-3,-0.91,-2.25,-1.34
2015-10-04,Browns,Chargers,2,10:29,1,10,CLE 30,10-10,-3,0.94,-0.01,-0.95
2015-11-01,Bears,Vikings,1,4:27,3,3,CHI 23,3-0,-3,-0.45,-2.03,-1.58
2015-09-13,Giants,Cowboys,2,4:17,1,10,NYG 30,3-6,-3,0.94,-0.01,-0.95
2015-12-03,Lions,Packers,2,7:37,3,7,DET 22,17-0,-3,-0.68,-2.14,-1.46
2015-10-11,Bills,Titans,2,13:10,3,5,BUF 25,0-3,-3,-0.3,-1.9,-1.60
2015-11-29,Chargers,Jaguars,2,10:08,2,4,SDG 20,7-6,-3,0.15,-1.04,-1.19
2015-09-27,Lions,Broncos,1,10:33,1,10,DET 23,0-0,-3,0.48,-0.47,-0.95
2015-12-20,Bills,Redskins,2,12:05,2,2,BUF 26,0-14,-3,0.68,-0.53,-1.21
2015-12-20,Chiefs,Ravens,1,6:24,2,15,KAN 15,7-7,-3,-1.07,-2.36,-1.29
2016-10-02,Chargers,Saints,2,9:20,1,10,SDG 25,7-14,-3,0.61,-0.34,-0.95
2016-10-31,Vikings,Bears,1,7:43,3,8,MIN 27,0-3,-3,-0.36,-1.77,-1.41
2016-11-13,Rams,Jets,2,4:24,3,8,RAM 20,3-6,-3,-0.91,-2.32,-1.41
2016-11-27,Bills,Jaguars,1,3:18,3,7,BUF 20,0-7,-3,-0.87,-2.32,-1.45
2016-12-11,Lions,Bears,2,9:06,1,10,DET 29,0-3,-3,0.87,-0.08,-0.95
2016-12-18,Chargers,Raiders,1,4:01,3,13,SDG 22,7-3,-3,-1.02,-2.14,-1.12
2016-12-24,Seahawks,Cardinals,1,11:29,2,20,SEA 27,0-0,-3,-0.49,-1.55,-1.06
2014-11-10,Eagles,Panthers,2,4:20,1,10,PHI 27,24-7,-4,0.74,-0.34,-1.08
2014-11-09,Rams,Cardinals,1,13:47,3,7,RAM 23,0-0,-4,-0.56,-2.14,-1.58
2014-11-23,Chargers,Rams,1,13:22,3,15,SDG 15,0-0,-4,-1.86,-2.49,-0.63
2014-12-08,Packers,Falcons,1,7:00,1,10,GNB 20,7-7,-4,0.28,-0.94,-1.22
2014-09-14,Buccaneers,Rams,2,7:34,3,4,TAM 21,7-7,-4,-0.63,-2.32,-1.69
2015-11-01,Bengals,Steelers,2,9:56,3,15,CIN 30,6-7,-4,-0.63,-1.63,-1.00
2015-12-03,Lions,Packers,2,2:23,3,6,DET 24,17-0,-4,-0.43,-2.03,-1.60
2015-10-22,49ers,Seahawks,2,2:01,2,14,SFO 17,0-17,-4,-0.86,-2.3,-1.44
2015-12-27,Jaguars,Saints,2,9:47,3,8,JAX 22,0-21,-4,-0.69,-2.24,-1.55
2015-10-22,49ers,Seahawks,2,2:36,1,10,SFO 21,0-17,-4,0.34,-0.86,-1.20
2015-10-11,Patriots,Cowboys,2,9:22,3,11,NWE 29,3-3,-4,-0.43,-1.7,-1.27
2016-10-30,Panthers,Cardinals,1,8:55,3,21,CAR 30,7-0,-4,-1.02,-1.63,-0.61
2016-10-30,Cowboys,Eagles,1,13:27,1,10,DAL 21,0-0,-4,0.34,-0.86,-1.20
2016-10-23,Titans,Colts,2,2:12,1,10,OTI 20,6-17,-4,0.28,-0.94,-1.22
2016-10-16,Eagles,Redskins,1,15:00,1,10,PHI 25,0-0,-4,0.61,-0.48,-1.09
2016-11-13,49ers,Cardinals,1,13:09,3,10,SFO 26,0-0,-4,-0.56,-1.9,-1.34
2016-11-27,Broncos,Chiefs,1,10:05,3,4,DEN 19,0-0,-4,-0.71,-2.44,-1.73
2016-12-11,Bills,Steelers,1,5:22,2,9,BUF 15,0-7,-4,-0.64,-1.77,-1.13
2014-10-19,Dolphins,Bears,1,15:00,1,10,MIA 20,0-0,-5,0.28,-1.07,-1.35
2014-10-12,Bears,Falcons,1,8:08,2,10,CHI 29,0-3,-5,0.33,-1.02,-1.35
2014-11-09,Rams,Cardinals,2,10:05,3,10,RAM 23,7-7,-5,-0.76,-2.24,-1.48
2014-12-28,Falcons,Panthers,2,5:26,1,10,ATL 19,3-10,-5,0.15,-1.11,-1.26
2014-09-28,Bills,Texans,1,11:13,2,8,BUF 22,0-0,-5,0,-1.51,-1.51
2014-12-14,Texans,Colts,2,5:27,3,9,HTX 24,7-14,-5,-0.63,-2.14,-1.51
2014-11-30,Panthers,Vikings,1,13:37,3,8,CAR 22,0-0,-5,-0.69,-2.32,-1.63
2014-12-14,Jaguars,Ravens,2,3:34,2,10,JAX 16,9-10,-5,-0.66,-2.01,-1.35
2014-09-21,Chiefs,Dolphins,1,5:06,1,10,KAN 24,0-0,-5,0.54,-0.74,-1.28
2015-12-06,Colts,Steelers,1,4:59,1,10,CLT 30,3-3,-5,0.94,-0.28,-1.22
2015-10-25,Giants,Cowboys,2,6:18,3,4,NYG 26,7-6,-5,-0.16,-1.96,-1.80
2015-09-27,Falcons,Cowboys,1,12:39,3,8,ATL 22,0-7,-5,-0.69,-2.32,-1.63
2015-10-25,Saints,Colts,1,14:31,1,15,NOR 15,0-0,-5,-0.31,-1.51,-1.20
2015-12-27,Packers,Cardinals,2,11:08,3,13,GNB 30,0-7,-5,-0.49,-1.7,-1.21
2015-12-20,Packers,Raiders,1,8:45,3,8,GNB 29,0-0,-5,-0.23,-1.77,-1.54
2015-10-25,Jaguars,Bills,2,2:00,3,7,JAX 17,27-10,-5,-1.04,-2.49,-1.45
2015-10-18,Redskins,Jets,2,11:30,2,10,WAS 20,7-10,-5,-0.27,-1.86,-1.59
2015-12-07,Redskins,Cowboys,1,15:00,1,10,WAS 20,0-0,-5,0.28,-1.07,-1.35
2016-10-31,Vikings,Bears,2,12:25,2,5,MIN 20,0-6,-5,0.08,-1.37,-1.45
2016-10-16,Patriots,Bengals,2,8:02,2,7,NWE 20,3-0,-5,-0.06,-1.57,-1.51
2016-10-23,Chargers,Falcons,2,5:34,2,8,SDG 27,10-20,-5,0.33,-1.02,-1.35
2016-10-30,Patriots,Bills,2,9:23,3,8,NWE 20,14-3,-5,-0.91,-2.44,-1.53
2016-10-30,Saints,Seahawks,1,6:33,3,4,NOR 25,0-7,-5,-0.29,-2.03,-1.74
2016-10-09,Broncos,Falcons,1,4:23,1,10,DEN 25,0-10,-5,0.61,-0.61,-1.22
2016-11-06,Eagles,Giants,2,9:28,1,10,PHI 25,10-21,-5,0.61,-0.61,-1.22
2016-11-27,Jaguars,Bills,2,2:38,2,12,JAX 20,7-0,-5,-0.4,-2.05,-1.65
2016-11-27,Seahawks,Buccaneers,1,6:59,2,9,SEA 26,0-7,-5,0.2,-1.15,-1.35
2016-12-04,49ers,Bears,1,8:00,3,4,SFO 26,0-0,-5,-0.16,-1.96,-1.80
2016-12-11,Chargers,Panthers,2,10:07,1,10,SDG 21,0-17,-5,0.34,-1.01,-1.35
2016-12-11,Cowboys,Giants,2,9:42,2,6,DAL 22,7-0,-5,0.14,-1.34,-1.48
2016-12-11,Texans,Colts,1,7:50,2,7,HTX 21,0-3,-5,0.01,-1.5,-1.51
2016-12-24,Falcons,Panthers,2,12:37,3,2,ATL 19,13-0,-5,-0.48,-2.47,-1.99
2014-09-28,Steelers,Buccaneers,1,14:27,2,10,PIT 20,0-0,-6,-0.27,-2.03,-1.76
2014-12-07,Redskins,Rams,2,4:54,2,6,WAS 24,0-6,-6,0.27,-1.33,-1.60
2014-11-02,Steelers,Ravens,2,12:13,3,33,PIT 18,0-7,-6,-2.98,-2.49,.49
2014-11-30,Jaguars,Giants,2,10:55,2,9,JAX 24,0-14,-6,0.07,-1.56,-1.63
2014-12-07,Bills,Broncos,2,3:26,1,10,BUF 20,3-14,-6,0.28,-1.18,-1.46
2014-12-07,Titans,Giants,1,3:33,3,5,OTI 25,0-10,-6,-0.3,-2.14,-1.84
2014-11-16,Packers,Eagles,2,7:08,2,5,GNB 25,24-3,-6,0.41,-0.56,-0.97
2014-12-28,Lions,Packers,1,13:28,3,1,DET 29,0-0,-6,0.23,-1.83,-2.06
2014-10-12,Chargers,Raiders,1,6:04,3,2,SDG 25,7-7,-6,-0.24,-2.14,-1.90
2016-01-03,Packers,Vikings,2,13:35,3,8,GNB 29,3-3,-6,-0.23,-1.83,-1.60
2015-12-27,Giants,Vikings,1,4:32,3,10,NYG 20,0-0,-6,-0.96,-2.47,-1.51
2015-11-29,Giants,Redskins,2,11:21,3,9,NYG 22,0-3,-6,-0.76,-2.39,-1.63
2015-09-20,Bills,Patriots,1,7:04,3,9,BUF 29,7-0,-6,-0.3,-1.83,-1.53
2015-09-10,Steelers,Patriots,1,4:48,2,12,PIT 20,0-0,-6,-0.4,-2.24,-1.84
2015-10-04,Dolphins,Jets,1,4:29,1,10,MIA 26,0-10,-6,0.67,-1.37,-2.04
2015-10-19,Giants,Eagles,2,2:07,2,10,NYG 20,7-14,-6,-0.27,-2.03,-1.76
2015-09-13,Broncos,Ravens,2,6:08,2,5,DEN 25,6-3,-6,0.41,-1.14,-1.55
2015-09-13,Raiders,Bengals,2,2:21,2,10,RAI 25,0-17,-6,0.06,-1.51,-1.57
2016-01-03,Lions,Bears,1,2:17,2,10,DET 20,7-0,-6,-0.27,-2.03,-1.76
2015-10-25,Texans,Dolphins,2,13:21,2,6,HTX 27,0-35,-6,0.47,-0.36,-0.83
2015-09-27,Colts,Titans,2,7:14,3,3,CLT 27,14-3,-6,-0.03,-1.96,-1.93
2015-10-11,Jaguars,Buccaneers,1,9:02,3,4,JAX 26,0-3,-6,-0.16,-2.03,-1.87
2015-12-13,Jaguars,Colts,1,7:47,1,10,JAX 20,3-3,-6,0.28,-1.44,-1.72
2016-01-03,Jaguars,Texans,1,4:33,3,7,JAX 27,0-3,-6,-0.3,-1.96,-1.66
2015-12-13,Buccaneers,Saints,1,2:38,3,6,TAM 30,0-7,-6,-0.03,-1.77,-1.74
2015-12-27,Giants,Vikings,2,15:00,1,10,NYG 26,0-3,-6,0.67,-0.68,-1.35
2015-12-06,49ers,Bears,1,9:38,3,6,SFO 22,0-3,-6,-0.66,-2.39,-1.73
2016-10-09,Bengals,Cowboys,2,3:34,2,9,CIN 26,0-21,-6,0.2,-1.29,-1.49
2016-09-18,Redskins,Cowboys,2,10:02,2,9,WAS 26,7-10,-6,0.2,-1.29,-1.49
2016-11-06,Colts,Packers,2,9:23,3,7,CLT 30,17-10,-6,-0.1,-1.77,-1.67
2016-09-25,Buccaneers,Rams,2,3:00,2,10,TAM 18,20-10,-6,-0.49,0.74,1.23
2016-11-27,Panthers,Raiders,2,11:16,3,6,CAR 16,7-14,-6,-0.95,-2.49,-1.54
2016-12-11,Chargers,Panthers,1,14:13,3,10,SDG 25,0-0,-6,-0.62,-2.14,-1.52
2016-11-27,Seahawks,Buccaneers,2,5:13,3,4,SEA 20,5-14,-6,-0.68,-2.47,-1.79
2016-12-24,Texans,Bengals,1,6:32,2,17,HTX 15,0-0,-6,-1.21,-2.94,-1.73
2017-01-01,Rams,Cardinals,1,9:20,3,7,RAM 28,0-3,-6,-0.23,-1.9,-1.67
2017-01-01,Bills,Jets,1,7:47,2,7,BUF 22,0-0,-6,0.07,-1.59,-1.66
2014-10-12,Browns,Steelers,1,12:07,3,13,CLE 29,0-0,-7,-0.56,-1.9,-1.34
2014-10-05,Browns,Titans,1,9:27,3,4,CLE 26,0-0,-7,-0.16,-2.14,-1.98
2014-09-14,Cardinals,Giants,1,6:38,1,10,CRD 29,7-0,-7,0.87,-0.62,-1.49
2014-11-02,Steelers,Ravens,2,13:01,2,26,PIT 25,0-7,-7,-1.04,-2.98,-1.94
2014-09-07,Eagles,Jaguars,2,13:38,3,11,PHI 19,0-17,-7,-1.14,-2.49,-1.35
2014-11-02,Vikings,Redskins,2,12:12,3,14,MIN 29,0-10,-7,-0.62,-1.9,-1.28
2014-10-19,Seahawks,Rams,2,6:29,2,8,SEA 22,3-21,-7,0,-1.86,-1.86
2014-11-23,Redskins,49ers,1,2:29,3,8,WAS 26,0-7,-7,-0.43,-2.14,-1.71
2014-09-07,Colts,Broncos,2,6:00,3,8,CLT 22,0-17,-7,-0.69,-2.44,-1.75
2014-12-07,Redskins,Rams,2,10:24,3,11,WAS 24,0-6,-7,-0.76,-2.32,-1.56
2014-11-23,Cardinals,Seahawks,2,9:19,3,10,CRD 20,0-9,-7,-0.96,-2.49,-1.53
2014-12-14,Eagles,Cowboys,1,2:17,3,6,PHI 24,0-14,-7,-0.43,-2.32,-1.89
2014-12-28,Raiders,Broncos,1,14:22,2,9,RAI 21,0-0,-7,-0.13,-2.03,-1.90
2014-12-28,Browns,Ravens,2,13:12,2,20,CLE 16,0-0,-7,-1.37,-3.41,-2.04
2014-10-19,49ers,Broncos,1,14:15,3,6,SFO 24,0-0,-7,-0.43,-2.32,-1.89
2014-12-07,Jaguars,Texans,2,11:11,2,6,JAX 29,7-10,-7,0.6,-1.02,-1.62
2014-09-21,Panthers,Steelers,2,5:30,1,10,CAR 23,3-6,-7,0.48,-1.15,-1.63
2015-10-12,Chargers,Steelers,2,3:40,2,8,SDG 22,7-3,-7,0,-1.86,-1.86
2015-12-26,Redskins,Eagles,2,8:56,2,7,WAS 26,13-7,-7,0.34,-1.36,-1.70
2015-12-13,Titans,Jets,2,4:18,1,10,OTI 20,0-20,-7,0.28,-1.28,-1.56
2015-11-15,Broncos,Chiefs,2,11:35,1,10,DEN 20,0-13,-7,0.28,-1.28,-1.56
2015-11-05,Bengals,Browns,2,13:35,3,3,CIN 22,7-3,-7,-0.51,-2.44,-1.93
2015-11-22,49ers,Seahawks,1,13:40,3,3,SFO 27,0-0,-7,-0.03,-2.03,-2.00
2015-12-26,Eagles,Redskins,1,9:40,2,13,PHI 28,7-0,-7,0.06,-1.55,-1.61
2015-11-15,Packers,Lions,2,12:08,1,10,GNB 18,3-0,-7,0.04,-1.29,-1.33
2015-11-12,Bills,Jets,1,4:01,1,10,BUF 20,0-3,-7,0.28,-1.28,-1.56
2015-12-20,Texans,Colts,2,9:49,2,12,HTX 15,0-7,-7,-0.85,-2.47,-1.62
2015-10-18,Chiefs,Vikings,2,11:46,3,10,KAN 21,0-3,-7,-0.89,-2.47,-1.58
2016-01-03,Texans,Jaguars,1,12:54,3,9,HTX 23,0-0,-7,-0.69,-2.39,-1.70
2015-12-06,Patriots,Eagles,1,5:17,3,13,NWE 27,0-0,-7,-0.69,-2.03,-1.34
2015-11-22,Packers,Vikings,2,2:00,2,8,GNB 22,9-6,-7,0,-1.86,-1.86
2015-11-22,Buccaneers,Eagles,2,13:45,1,10,TAM 20,14-7,-7,0.28,-1.36,-1.64
2015-11-26,Eagles,Lions,2,7:41,3,10,PHI 20,7-14,-7,-0.96,-2.49,-1.53
2015-10-18,Lions,Bears,1,3:28,3,1,DET 27,7-3,-7,-0.02,-2.03,-2.01
2015-12-13,Jaguars,Colts,1,4:01,3,4,JAX 26,3-3,-7,-0.16,-2.14,-1.98
2015-09-13,Chargers,Lions,1,9:23,3,7,SDG 22,0-7,-7,-0.68,-2.44,-1.76
2016-11-13,Seahawks,Patriots,1,5:46,1,10,SEA 21,3-7,-7,0.34,-1.25,-1.59
2016-10-02,Buccaneers,Broncos,2,11:17,2,10,TAM 28,7-14,-7,0.26,-1.35,-1.61
2016-09-11,Bears,Texans,2,8:45,3,2,CHI 30,7-3,-7,0.23,-1.83,-2.06
2016-10-02,49ers,Cowboys,2,8:56,1,10,SFO 17,14-0,-7,-0.06,-1.29,-1.23
2016-10-30,Packers,Falcons,2,8:03,3,8,GNB 27,14-13,-7,-0.36,-2.03,-1.67
2016-09-18,Browns,Ravens,2,4:49,2,5,CLE 27,20-2,-7,0.54,-1.09,-1.63
2016-11-20,Browns,Steelers,1,2:22,1,10,CLE 22,0-3,-7,0.41,-1.21,-1.62
2016-11-20,Dolphins,Rams,2,12:55,3,5,MIA 17,0-7,-7,-0.84,-2.49,-1.65
2016-12-11,Jets,49ers,2,5:02,3,6,NYJ 29,3-17,-7,-0.1,-1.9,-1.80
2016-12-11,Jaguars,Vikings,1,11:16,3,10,JAX 21,0-3,-7,-0.89,-2.47,-1.58
2016-12-24,Texans,Bengals,1,7:16,1,10,HTX 22,0-0,-7,0.41,-1.21,-1.62
2016-12-24,Seahawks,Cardinals,2,13:40,2,14,SEA 20,0-7,-7,-0.54,-2.64,-2.10
2016-12-24,Jets,Patriots,1,13:35,3,8,NYJ 23,0-0,-7,-0.63,-2.39,-1.76
2017-01-01,49ers,Seahawks,2,2:00,3,2,SFO 29,14-19,-7,0.17,-1.9,-2.07
2014-09-07,Colts,Broncos,2,14:13,1,10,CLT 20,0-10,-8,0.28,-1.36,-1.64
2014-11-27,Cowboys,Eagles,2,6:14,3,3,DAL 23,7-17,-8,-0.45,-2.44,-1.99
2014-11-02,Jaguars,Bengals,2,3:43,3,11,JAX 19,3-10,-8,-1.14,-2.49,-1.35
2014-11-09,Jaguars,Cowboys,2,10:45,3,7,JAX 29,7-10,-8,-0.16,-1.96,-1.80
2014-10-09,Texans,Colts,1,5:40,3,7,HTX 23,0-17,-8,-0.56,-2.44,-1.88
2014-11-30,Redskins,Colts,2,11:42,3,14,WAS 16,3-14,-8,-1.69,-2.49,-0.80
2014-09-07,Browns,Steelers,2,3:01,1,10,CLE 15,3-24,-8,-0.22,-1.36,-1.14
2014-10-02,Vikings,Packers,2,9:33,1,10,MIN 24,0-14,-8,0.54,-1.22,-1.76
2014-10-26,Jets,Bills,2,11:06,3,5,NYJ 25,7-21,-8,-0.3,-1.7,-1.40
2014-10-19,Chargers,Chiefs,2,14:09,2,6,SDG 22,7-7,-8,0.14,-1.82,-1.96
2014-09-07,Redskins,Texans,1,7:45,2,5,WAS 25,0-0,-8,0.41,-1.51,-1.92
2014-12-14,Bills,Packers,1,4:21,1,10,BUF 26,0-3,-8,0.67,-1.05,-1.72
2014-12-28,Raiders,Broncos,1,8:28,3,2,RAI 28,0-3,-8,0.1,-2.03,-2.13
2014-11-23,Titans,Eagles,1,14:32,3,10,OTI 17,0-7,-8,-1.25,-2.49,-1.24
2014-10-26,Colts,Steelers,2,4:39,2,5,CLT 25,10-35,-8,0.41,-1.14,-1.55
2014-12-28,Titans,Colts,1,6:43,3,10,OTI 27,0-0,-8,-0.49,-2.14,-1.65
2014-10-13,Rams,49ers,2,10:10,1,10,RAM 29,14-0,-8,0.87,-0.08,-0.95
2015-09-20,Bills,Patriots,2,11:53,3,2,BUF 28,7-21,-8,0.1,-2.03,-2.13
2015-11-22,Panthers,Redskins,2,14:57,3,8,CAR 22,14-14,-8,-0.69,-2.47,-1.78
2015-09-27,Lions,Broncos,1,14:06,2,6,DET 24,0-0,-8,0.27,-1.69,-1.96
2015-12-13,Browns,49ers,2,6:38,3,7,CLE 25,10-0,-8,-0.43,-2.32,-1.89
2015-11-08,Packers,Panthers,1,8:42,3,9,GNB 26,0-3,-8,-0.49,-2.24,-1.75
2015-09-27,Chargers,Vikings,2,2:42,1,10,SDG 20,0-10,-8,0.28,-1.36,-1.64
2015-11-15,Saints,Redskins,2,15:00,3,8,NOR 22,7-14,-8,-0.69,-2.47,-1.78
2015-09-13,Ravens,Broncos,1,4:33,3,7,RAV 23,0-3,-8,-0.56,-2.44,-1.88
2015-11-26,Eagles,Lions,1,7:21,3,9,PHI 25,0-0,-8,-0.56,-2.32,-1.76
2015-11-22,Broncos,Bears,1,6:18,2,4,DEN 18,7-0,-8,-0.07,-1.65,-1.58
2015-09-13,Texans,Chiefs,2,6:20,1,10,HTX 20,6-20,-8,0.28,-1.36,-1.64
2015-10-04,Eagles,Redskins,1,6:46,3,10,PHI 20,0-3,-8,-0.96,-2.49,-1.53
2015-12-13,Texans,Patriots,1,13:47,3,8,HTX 22,0-0,-8,-0.69,-2.47,-1.78
2016-01-03,Chargers,Broncos,2,7:46,3,5,SDG 16,3-7,-8,-0.84,-2.49,-1.65
2015-11-16,Texans,Bengals,1,6:53,3,8,HTX 19,0-0,-8,-1,-2.49,-1.49
2016-09-11,Dolphins,Seahawks,2,14:01,2,10,MIA 29,0-3,-8,0.33,-1.42,-1.75
2016-10-16,Patriots,Bengals,2,3:06,2,10,NWE 25,3-7,-8,0.06,-1.93,-1.99
2016-09-18,Texans,Chiefs,1,2:01,3,7,HTX 26,7-0,-8,-0.36,-2.24,-1.88
2016-09-25,Ravens,Jaguars,2,8:02,1,10,RAV 23,10-0,-8,0.48,-1.28,-1.76
2016-11-13,Packers,Titans,1,6:08,3,8,GNB 27,0-14,-8,-0.36,-2.14,-1.78
2016-11-06,Panthers,Rams,2,6:29,2,10,CAR 20,7-0,-8,-0.27,-2.36,-2.09
2016-11-20,Titans,Colts,1,7:24,3,9,OTI 28,0-7,-8,-0.36,-2.03,-1.67
2016-12-18,Browns,Bills,2,14:55,1,10,CLE 24,3-10,-8,0.54,-1.22,-1.76
2016-12-18,Jaguars,Texans,1,6:20,3,3,JAX 17,0-0,-8,-0.6,-2.49,-1.89
2016-12-24,Cardinals,Seahawks,1,13:35,2,10,CRD 30,0-0,-8,0.39,-1.35,-1.74
2017-01-01,Panthers,Buccaneers,2,12:31,3,8,CAR 30,7-3,-8,-0.16,-1.9,-1.74
2014-10-12,Broncos,Jets,1,8:27,3,15,DEN 18,3-0,-9,-1.56,-2.49,-0.93
2014-11-09,Titans,Ravens,2,6:43,1,10,OTI 20,7-7,-9,0.28,-1.44,-1.72
2014-11-17,Steelers,Titans,2,10:17,3,11,PIT 24,13-10,-9,-0.76,-2.44,-1.68
2014-10-12,Buccaneers,Ravens,1,4:25,2,10,TAM 20,0-21,-9,-0.27,-2.47,-2.20
2014-09-07,Jaguars,Eagles,1,3:23,3,10,JAX 17,14-0,-9,-1.25,-2.49,-1.24
2014-11-23,Lions,Patriots,1,7:27,1,10,DET 21,3-0,-9,0.34,-1.44,-1.78
2014-11-23,Cowboys,Giants,2,2:48,2,8,DAL 22,10-21,-9,0,-2.19,-2.19
2014-09-14,Seahawks,Chargers,2,11:22,2,10,SEA 22,7-10,-9,-0.13,-2.42,-2.29
2014-11-23,Redskins,49ers,1,14:23,2,3,WAS 24,0-0,-9,0.48,-1.57,-2.05
2014-10-02,Vikings,Packers,1,4:23,3,7,MIN 16,0-14,-9,-1.06,-2.49,-1.43
2014-10-19,Colts,Bengals,2,3:22,3,4,CLT 28,10-0,-9,-0.03,-2.14,-2.11
2014-10-19,Falcons,Ravens,2,7:43,3,1,ATL 24,0-7,-9,-0.27,-2.44,-2.17
2014-10-30,Panthers,Saints,2,2:38,1,10,CAR 20,0-7,-9,0.28,-1.44,-1.72
2014-12-07,Chargers,Patriots,2,2:28,1,20,SDG 18,14-13,-9,-0.04,-2.17,-2.13
2014-10-19,Raiders,Cardinals,2,8:13,3,7,RAI 18,0-7,-9,-1,-2.49,-1.49
2015-09-13,Chargers,Lions,2,11:54,2,7,SDG 23,3-14,-9,0.14,-2.03,-2.17
2015-12-20,Steelers,Broncos,1,3:43,3,4,PIT 26,7-7,-9,-0.16,-2.32,-2.16
2015-12-20,Panthers,Giants,2,5:46,1,10,CAR 20,7-7,-9,0.28,-1.44,-1.72
2015-10-04,Jaguars,Colts,2,14:30,3,5,JAX 21,3-3,-9,-0.7,-2.49,-1.79
2015-11-15,Saints,Redskins,2,9:15,1,10,NOR 30,14-21,-9,0.94,-0.82,-1.76
2015-12-06,Jaguars,Titans,2,7:54,3,6,JAX 23,6-14,-9,-0.55,-2.47,-1.92
2015-11-22,Chargers,Chiefs,1,2:09,1,10,SDG 20,0-6,-9,0.28,-1.44,-1.72
2015-11-15,Bears,Rams,2,2:22,3,10,CHI 19,24-10,-9,-1.07,-2.49,-1.42
2015-10-11,Cowboys,Patriots,1,11:17,3,3,DAL 20,0-0,-9,-0.59,-2.49,-1.90
2015-10-11,Jaguars,Buccaneers,2,9:57,3,7,JAX 23,7-6,-9,-0.56,-2.47,-1.91
2015-12-13,Redskins,Bears,2,2:00,3,11,WAS 19,14-0,-9,-1.14,-2.49,-1.35
2015-10-04,Saints,Cowboys,2,13:35,1,10,NOR 20,7-10,-9,0.28,-1.44,-1.72
2015-10-11,Patriots,Cowboys,2,11:17,1,10,NWE 30,3-3,-9,0.94,0.66,-0.28
2015-10-25,Bills,Jaguars,1,3:11,2,5,BUF 25,3-0,-9,0.41,-1.69,-2.10
2015-12-20,Packers,Raiders,2,13:35,2,6,GNB 30,14-3,-9,0.67,-1.22,-1.89
2015-10-04,Panthers,Buccaneers,2,2:43,1,15,CAR 30,17-10,-9,0.94,-1.17,-2.11
2015-10-11,Falcons,Redskins,1,5:35,1,10,ATL 25,0-0,-9,0.61,-1.29,-1.90
2015-12-20,Bills,Redskins,2,11:22,3,5,BUF 23,0-14,-9,-0.53,-2.47,-1.94
2016-10-30,Cardinals,Panthers,1,11:05,3,10,CRD 25,0-7,-9,-0.62,-2.39,-1.77
2016-10-09,Vikings,Texans,2,4:31,3,7,MIN 27,24-3,-9,-0.3,-2.24,-1.94
2016-09-11,Chiefs,Chargers,2,14:06,1,10,KAN 25,3-14,-9,0.61,-1.29,-1.90
2016-09-11,Bengals,Jets,2,9:38,1,10,CIN 25,10-13,-9,0.61,-1.29,-1.90
2016-11-24,Colts,Steelers,1,15:00,1,10,CLT 25,0-0,-9,0.61,-1.43,-2.04
2016-12-15,Rams,Seahawks,1,14:10,3,12,RAM 23,0-0,-9,-0.89,-2.47,-1.58
2016-12-24,Seahawks,Cardinals,1,7:45,1,10,SEA 23,0-7,-9,0.48,-1.4,-1.88
2014-09-14,Packers,Jets,1,11:47,3,14,GNB 29,0-7,-10,-0.62,-2.14,-1.52
2014-09-14,Dolphins,Bills,2,14:17,2,15,MIA 30,0-6,-10,0.05,-1.95,-2.00
2014-11-09,Dolphins,Lions,1,5:41,2,12,MIA 18,0-3,-10,-0.63,-2.82,-2.19
2014-10-19,Packers,Panthers,1,14:11,1,10,GNB 30,0-0,-10,0.94,-0.96,-1.90
2015-11-15,Eagles,Dolphins,2,5:11,3,3,PHI 27,16-13,-10,-0.03,-2.49,-2.46
2015-12-27,Saints,Jaguars,2,8:28,2,14,NOR 21,21-0,-10,-0.48,-3.06,-2.58
2015-10-25,Colts,Saints,2,3:22,1,10,CLT 20,0-20,-10,0.28,-1.51,-1.79
2015-12-27,Buccaneers,Bears,2,2:23,3,4,TAM 26,7-10,-10,-0.16,-2.39,-2.23
2015-12-03,Packers,Lions,2,10:05,3,7,GNB 28,0-17,-10,-0.23,-2.14,-1.91
2015-12-20,49ers,Bengals,2,4:39,2,8,SFO 22,0-7,-10,0,-2.36,-2.36
2015-12-07,Redskins,Cowboys,1,13:48,3,6,WAS 24,0-0,-10,-0.43,-2.47,-2.04
2016-10-16,Browns,Titans,2,15:00,3,5,CLE 27,6-7,-10,-0.16,-2.32,-2.16
2016-09-19,Bears,Eagles,1,14:26,2,10,CHI 24,0-0,-10,0,-2.45,-2.45
2016-10-02,Texans,Titans,1,2:36,1,10,HTX 25,14-3,-10,0.61,-1.43,-2.04
2016-10-16,Titans,Browns,2,6:33,1,10,OTI 30,14-6,-10,0.94,-0.96,-1.90
2016-12-04,Redskins,Cardinals,1,5:10,3,11,WAS 23,0-7,-10,-0.82,-2.49,-1.67
2016-12-11,Jets,49ers,1,10:00,2,6,NYJ 28,0-14,-10,0.54,-1.64,-2.18
2016-12-24,Packers,Vikings,2,2:58,3,14,GNB 27,21-13,-10,-0.76,-2.32,-1.56
2017-01-01,Steelers,Browns,1,12:43,3,10,PIT 25,0-0,-10,-0.62,-2.44,-1.82
2017-01-01,Rams,Cardinals,1,2:14,3,7,RAM 29,0-3,-10,-0.16,-2.14,-1.98
2014-09-14,Dolphins,Bills,2,13:31,3,25,MIA 20,0-6,-11,-1.95,-2.49,-0.54
2014-09-14,Jaguars,Redskins,1,12:37,3,10,JAX 24,0-0,-11,-0.69,-2.49,-1.80
2014-11-09,Dolphins,Lions,1,2:39,3,12,MIA 18,0-10,-11,-1.33,-2.49,-1.16
2015-09-20,Saints,Buccaneers,2,8:52,3,4,NOR 30,0-3,-11,0.1,-2.14,-2.24
2015-10-15,Falcons,Saints,1,2:56,3,3,ATL 27,0-7,-11,-0.03,-2.39,-2.36
2015-12-13,Browns,49ers,2,4:12,1,15,CLE 15,10-3,-11,-0.31,-1.95,-1.64
2015-11-01,Chargers,Ravens,1,13:56,3,4,SDG 26,0-0,-11,-0.16,-2.44,-2.28
2016-12-11,Seahawks,Packers,2,8:47,3,8,SEA 28,3-14,-11,-0.3,-2.32,-2.02
2014-10-05,Ravens,Colts,1,8:30,3,1,RAV 29,0-3,-12,0.23,-2.32,-2.55
2014-10-19,Panthers,Packers,1,5:05,3,5,CAR 25,0-14,-12,-0.3,-2.49,-2.19
2015-11-22,Panthers,Redskins,1,8:20,1,10,CAR 22,7-7,-12,0.41,-1.66,-2.07
2016-11-20,49ers,Patriots,1,13:50,3,9,SFO 26,0-0,-12,-0.49,-2.47,-1.98
2016-12-04,Rams,Patriots,2,12:25,2,8,RAM 27,0-14,-12,0.33,-2.35,-2.68
2014-09-28,49ers,Eagles,1,13:06,3,12,SFO 15,0-0,-13,-1.57,-2.49,-0.92
2014-11-09,Titans,Ravens,2,11:26,3,8,OTI 18,7-0,-13,-1.07,-2.49,-1.42
2015-12-27,Seahawks,Rams,2,7:37,3,8,SEA 21,0-10,-13,-0.81,-2.49,-1.68
2016-09-25,Bills,Cardinals,1,13:19,3,12,BUF 18,0-0,-13,-1.33,-2.49,-1.16
2014-11-10,Panthers,Eagles,2,10:42,3,11,CAR 19,7-24,-14,-1.14,-2.49,-1.35
2015-09-14,Vikings,49ers,1,4:15,3,5,MIN 17,0-0,-14,-0.84,-2.49,-1.65
2016-09-11,Chiefs,Chargers,2,12:15,3,14,KAN 21,3-14,-14,-1.15,-2.49,-1.34
2016-11-28,Eagles,Packers,2,2:05,1,10,PHI 22,7-14,-14,0.41,-1.8,-2.21
2014-10-19,Chargers,Chiefs,2,3:11,1,10,SDG 20,7-10,-15,0.28,-1.88,-2.16
2015-09-20,49ers,Steelers,2,6:47,3,7,SFO 21,3-16,-17,-0.79,-2.49,-1.70
2014-11-30,Steelers,Saints,4,4:46,2,20,PIT 23,16-35,0,-0.76,-1.42,-0.66
2014-10-05,Steelers,Jaguars,4,9:28,1,10,PIT 18,17-9,0,0.04,-0.49,-0.53
2014-10-02,Vikings,Packers,3,14:11,3,5,MIN 22,0-28,0,-0.62,-1.9,-1.28
2014-11-02,Redskins,Vikings,3,14:19,2,8,WAS 20,10-7,0,-0.13,-0.91,-0.78
2015-11-23,Bills,Patriots,4,15:00,3,4,BUF 26,10-20,0,-0.16,-1.63,-1.47
2015-09-13,Colts,Bills,4,12:04,3,10,CLT 25,8-24,0,-0.62,-1.7,-1.08
2015-09-27,Steelers,Rams,4,14:13,3,21,PIT 27,9-3,0,-1.22,-1.57,-0.35
2016-01-03,Broncos,Chargers,4,7:06,3,8,DEN 25,20-20,0,-0.49,-1.7,-1.21
2015-10-11,Seahawks,Bengals,4,2:50,3,4,SEA 26,24-21,0,-0.16,-1.63,-1.47
2016-09-25,Lions,Packers,4,7:38,3,19,DET 16,20-34,0,-2.14,-2.39,-0.25
2016-09-11,Packers,Jaguars,3,6:15,1,10,GNB 25,24-20,0,0.61,0.06,-0.55
2016-12-04,49ers,Bears,3,5:50,2,7,SFO 28,6-21,0,0.47,-0.23,-0.70
2016-12-11,Browns,Bengals,3,14:34,2,6,CLE 29,0-20,0,0.6,-0.1,-0.70
2014-11-16,Panthers,Falcons,3,12:03,1,10,CAR 20,3-9,-1,0.28,-0.46,-0.74
2014-09-28,Lions,Jets,3,13:07,2,10,DET 26,17-3,-1,0.13,-0.69,-0.82
2014-10-19,Redskins,Titans,4,6:57,2,8,WAS 23,16-17,-1,0.07,-0.76,-0.83
2014-09-07,Rams,Vikings,4,6:27,1,10,RAM 20,3-27,-1,0.28,-0.46,-0.74
2014-09-07,Rams,Vikings,4,6:07,2,11,RAM 19,3-27,-1,-0.46,-1.33,-0.87
2015-10-04,Bears,Raiders,4,2:00,2,4,CHI 26,19-20,-1,0.54,-0.3,-0.84
2015-11-15,Panthers,Titans,3,12:12,2,17,CAR 15,14-10,-1,-1.21,-2.24,-1.03
2015-09-27,Dolphins,Bills,4,14:53,1,10,MIA 20,8-34,-1,0.28,-0.46,-0.74
2015-12-17,Rams,Buccaneers,4,6:53,2,5,RAM 24,31-16,-1,0.34,-0.55,-0.89
2015-11-15,Cowboys,Buccaneers,3,13:25,1,10,DAL 29,6-3,-1,0.87,0.19,-0.68
2015-09-20,Lions,Vikings,4,5:50,1,10,DET 29,10-26,-1,0.87,0.19,-0.68
2016-09-11,Jets,Bengals,3,12:42,3,8,NYJ 24,16-13,-1,-0.56,-1.83,-1.27
2016-09-11,Bears,Texans,3,11:35,3,11,CHI 24,14-13,-1,-0.76,-1.83,-1.07
2016-10-16,49ers,Bills,3,2:34,1,10,SFO 25,13-24,-1,0.61,-0.07,-0.68
2016-12-04,49ers,Bears,3,2:55,1,10,SFO 15,6-21,-1,-0.22,-0.71,-0.49
2014-12-07,Saints,Panthers,3,5:08,2,10,NOR 20,3-38,-2,-0.27,-1.33,-1.06
2014-12-07,Chiefs,Cardinals,4,14:20,1,10,KAN 28,14-17,-2,0.81,-0.01,-0.82
2014-11-09,Titans,Ravens,4,3:40,1,10,OTI 22,7-21,-2,0.41,-0.4,-0.81
2014-10-19,Jaguars,Browns,3,7:04,3,10,JAX 30,10-6,-2,-0.3,-1.5,-1.20
2014-12-21,Bears,Lions,4,6:22,3,8,CHI 20,14-17,-2,-0.91,-2.24,-1.33
2014-12-07,Bengals,Steelers,3,14:55,1,10,CIN 15,14-10,-2,-0.22,-0.92,-0.70
2014-11-23,Packers,Vikings,3,9:27,3,27,GNB 26,14-10,-2,-1.68,-1.77,-0.09
2015-10-04,49ers,Packers,4,14:26,2,11,SFO 21,3-17,-2,-0.27,-1.29,-1.02
2015-11-29,Steelers,Seahawks,3,12:49,1,10,PIT 15,18-14,-2,-0.22,-0.92,-0.70
2015-11-16,Texans,Bengals,3,13:49,2,8,HTX 29,3-6,-2,0.47,-0.49,-0.96
2015-12-06,Titans,Jaguars,3,13:13,3,7,OTI 24,21-12,-2,-0.49,-1.9,-1.41
2016-10-30,Falcons,Packers,4,13:23,3,16,ATL 27,26-24,-2,-0.89,-1.7,-0.81
2016-09-25,Titans,Raiders,4,6:02,1,10,OTI 26,10-17,-2,0.67,-0.14,-0.81
2016-12-05,Jets,Colts,3,8:15,1,10,NYJ 26,3-31,-2,0.67,-0.14,-0.81
2014-09-14,Cowboys,Titans,3,9:53,3,7,DAL 23,16-3,-3,-0.56,-2.03,-1.47
2014-09-07,Falcons,Saints,4,8:43,2,15,ATL 15,24-27,-3,-1.07,-2.36,-1.29
2014-12-28,Patriots,Bills,3,14:40,2,5,NWE 25,6-17,-3,0.41,-0.69,-1.10
2014-11-23,Redskins,49ers,4,2:53,2,10,WAS 20,13-17,-3,-0.27,-1.51,-1.24
2014-10-05,Broncos,Cardinals,3,15:00,1,10,DEN 20,21-13,-3,0.28,-0.79,-1.07
2014-09-14,Cardinals,Giants,3,7:31,3,6,CRD 24,10-7,-3,-0.43,-1.96,-1.53
2015-11-08,Jets,Jaguars,3,6:54,3,12,NYJ 25,14-10,-3,-0.76,-2.49,-1.73
2015-11-29,Jets,Dolphins,3,6:58,3,10,NYJ 28,21-0,-3,-0.43,-1.7,-1.27
2015-10-18,Seahawks,Panthers,4,2:36,3,20,SEA 30,23-20,-3,-0.96,-1.57,-0.61
2015-10-11,Titans,Bills,4,14:17,2,8,OTI 16,10-7,-3,-0.51,-1.53,-1.02
2015-12-20,Ravens,Chiefs,3,9:44,1,10,RAV 26,14-24,-3,0.67,-0.28,-0.95
2015-11-22,Seahawks,49ers,3,15:00,1,10,SEA 20,20-7,-3,0.28,-0.79,-1.07
2015-11-15,Patriots,Giants,4,10:34,2,4,NWE 25,24-23,-3,0.48,-0.29,-0.77
2015-10-11,Bears,Chiefs,4,13:51,3,6,CHI 29,6-17,-3,-0.1,-1.63,-1.53
2016-11-13,Chargers,Dolphins,3,11:50,2,6,SDG 29,10-14,-3,0.6,-0.49,-1.09
2016-09-25,Browns,Dolphins,3,3:21,3,13,CLE 18,13-17,-3,-1.41,-2.44,-1.03
2016-11-13,49ers,Cardinals,3,14:25,3,8,SFO 27,10-20,-3,-0.36,-1.77,-1.41
2017-01-01,Seahawks,49ers,4,9:03,2,11,SEA 26,25-16,-3,0.06,-1.29,-1.35
2014-10-26,Rams,Chiefs,4,14:14,2,10,RAM 20,7-27,-4,-0.27,-1.69,-1.42
2014-11-13,Bills,Dolphins,4,2:57,2,10,BUF 20,9-22,-4,-0.27,-1.69,-1.42
2014-10-13,Rams,49ers,3,9:18,2,7,RAM 23,14-17,-4,0.14,-1.14,-1.28
2014-12-07,Dolphins,Ravens,4,8:09,1,10,MIA 20,13-21,-4,0.28,-0.94,-1.22
2014-12-07,Eagles,Seahawks,4,6:20,1,10,PHI 27,14-24,-4,0.74,-0.34,-1.08
2014-10-12,Falcons,Bears,4,10:03,2,10,ATL 20,13-27,-4,-0.27,-1.69,-1.42
2014-11-09,Titans,Ravens,4,12:22,3,7,OTI 28,7-21,-4,-0.23,-1.77,-1.54
2014-12-07,Buccaneers,Lions,4,5:01,1,10,TAM 20,17-34,-4,0.28,-0.94,-1.22
2014-09-14,Vikings,Patriots,4,14:35,2,6,MIN 24,7-30,-4,0.27,-0.96,-1.23
2014-12-14,Eagles,Cowboys,4,4:21,2,10,PHI 30,27-38,-4,0.39,-0.82,-1.21
2014-10-26,Packers,Saints,4,9:51,1,10,GNB 20,16-37,-4,0.28,-0.94,-1.22
2014-10-12,Giants,Eagles,4,12:39,1,10,NYG 30,0-27,-4,0.94,-0.15,-1.09
2014-12-07,Redskins,Rams,3,2:36,3,1,WAS 27,0-17,-4,-0.02,-1.83,-1.81
2015-09-20,Redskins,Rams,4,8:56,2,9,WAS 24,17-10,-4,0.07,-1.15,-1.22
2015-10-11,Jaguars,Buccaneers,4,14:19,3,11,JAX 19,24-31,-4,-1.14,-2.44,-1.30
2016-01-03,49ers,Rams,4,9:52,2,6,SFO 24,13-16,-4,0.27,-0.96,-1.23
2015-10-12,Chargers,Steelers,3,9:47,2,8,SDG 16,7-3,-4,-0.51,-1.65,-1.14
2015-09-13,Seahawks,Rams,3,5:25,3,8,SEA 22,13-17,-4,-0.69,-2.24,-1.55
2015-12-20,Raiders,Packers,3,14:19,2,10,RAI 20,13-14,-4,-0.27,-1.69,-1.42
2015-10-18,Colts,Patriots,4,12:43,2,10,CLT 20,21-34,-4,-0.27,-1.69,-1.42
2015-10-25,Lions,Vikings,3,6:07,1,10,DET 20,17-25,-4,0.28,-0.94,-1.22
2016-10-09,Raiders,Chargers,4,5:37,2,9,RAI 26,34-31,-4,0.2,-1.02,-1.22
2016-09-11,Giants,Cowboys,3,9:24,3,11,NYG 18,13-16,-4,-1.25,-2.47,-1.22
2016-10-02,Jets,Seahawks,3,8:44,1,10,NYJ 19,10-14,-4,0.15,-1,-1.15
2016-10-23,Buccaneers,49ers,3,13:48,3,7,TAM 28,17-14,-4,-0.23,-1.77,-1.54
2016-11-27,Chiefs,Broncos,4,14:04,2,9,KAN 15,16-10,-4,-0.64,-1.77,-1.13
2016-12-11,Bills,Steelers,4,9:16,2,5,BUF 23,7-24,-4,0.28,-1.04,-1.32
2016-12-18,Vikings,Colts,4,6:19,2,7,MIN 29,6-34,-4,0.54,-0.69,-1.23
2016-12-24,Browns,Chargers,3,5:30,2,6,CLE 29,20-17,-4,0.6,-0.62,-1.22
2014-10-05,Titans,Browns,4,6:43,2,10,OTI 20,28-22,-5,-0.27,-1.86,-1.59
2014-11-16,Chargers,Raiders,4,7:14,3,6,SDG 17,13-3,-5,-0.94,-2.49,-1.55
2014-11-09,Buccaneers,Falcons,4,4:00,2,15,TAM 15,17-27,-5,-1.07,-2.59,-1.52
2014-12-07,49ers,Raiders,4,3:22,1,10,SFO 23,13-24,-5,0.48,-0.84,-1.32
2014-09-29,Patriots,Chiefs,3,14:20,3,6,NWE 24,0-17,-5,-0.43,-1.96,-1.53
2014-12-22,Broncos,Bengals,4,2:41,1,10,DEN 20,28-37,-5,0.28,-1.07,-1.35
2014-11-16,Lions,Cardinals,4,4:22,1,10,DET 24,6-14,-5,0.54,-0.74,-1.28
2014-11-02,Cardinals,Cowboys,4,11:43,3,13,CRD 24,14-10,-5,-0.89,-2.14,-1.25
2014-11-09,Giants,Seahawks,4,12:04,3,12,NYG 17,17-24,-5,-1.42,-2.49,-1.07
2014-09-14,Jaguars,Redskins,3,8:24,2,10,JAX 20,7-24,-5,-0.27,-1.86,-1.59
2014-12-28,Jaguars,Texans,4,13:34,1,10,JAX 20,17-21,-5,0.28,-1.07,-1.35
2014-12-07,Eagles,Seahawks,4,5:41,2,14,PHI 23,14-24,-5,-0.34,-1.88,-1.54
2014-12-21,Buccaneers,Packers,4,7:28,3,18,TAM 29,3-13,-5,-0.89,-1.77,-0.88
2014-09-08,Lions,Giants,3,9:52,1,10,DET 25,17-7,-5,0.61,-0.61,-1.22
2014-11-23,Texans,Bengals,4,5:38,3,8,HTX 18,13-19,-5,-1.07,-2.49,-1.42
2014-10-05,Chargers,Jets,3,15:00,1,10,SDG 20,21-0,-5,0.28,-1.07,-1.35
2014-12-07,Eagles,Seahawks,4,15:00,1,10,PHI 20,14-24,-5,0.28,-1.07,-1.35
2014-12-07,Buccaneers,Lions,3,14:31,2,8,TAM 22,10-17,-5,0,-1.51,-1.51
2014-09-21,Patriots,Raiders,3,13:42,3,15,NWE 15,10-3,-5,-1.86,-2.49,-0.63
2014-11-30,Chiefs,Broncos,4,5:40,1,10,KAN 16,16-29,-5,-0.14,-1.15,-1.01
2014-12-14,49ers,Seahawks,3,8:47,3,9,SFO 16,7-3,-5,-1.25,-2.49,-1.24
2014-12-20,Redskins,Eagles,4,10:20,1,10,WAS 17,24-21,-5,-0.06,-1.15,-1.09
2014-11-30,Jaguars,Giants,4,10:12,3,8,JAX 24,22-21,-5,-0.56,-2.14,-1.58
2014-09-14,Broncos,Chiefs,3,4:07,1,25,DEN 24,21-10,-5,0.54,-1.78,-2.32
2015-12-28,Bengals,Broncos,4,10:44,2,11,CIN 19,14-17,-5,-0.46,-2.03,-1.57
2015-11-01,Jets,Raiders,4,4:16,3,2,NYJ 26,20-34,-5,-0.14,-1.96,-1.82
2015-12-06,Browns,Bengals,3,7:33,2,10,CLE 20,3-27,-5,-0.27,-1.86,-1.59
2015-11-05,Browns,Bengals,4,13:18,2,10,CLE 20,10-24,-5,-0.27,-1.86,-1.59
2015-10-18,Packers,Chargers,4,10:27,2,14,GNB 25,24-20,-5,-0.21,-1.55,-1.34
2015-11-22,Raiders,Lions,4,10:58,1,10,RAI 21,13-16,-5,0.34,-1.01,-1.35
2015-11-29,Saints,Texans,3,2:09,1,10,NOR 20,6-24,-5,0.28,-1.07,-1.35
2015-11-22,Falcons,Colts,4,6:39,2,10,ATL 24,21-21,-5,0,-1.43,-1.43
2015-09-27,Seahawks,Bears,3,11:26,2,20,SEA 27,13-0,-5,-0.49,-1.81,-1.32
2015-09-20,Bears,Cardinals,3,14:21,2,10,CHI 20,20-28,-5,-0.27,-1.86,-1.59
2015-09-27,Browns,Raiders,3,14:18,3,9,CLE 21,3-17,-5,-0.82,-2.39,-1.57
2015-09-27,Colts,Titans,3,14:21,3,7,CLT 23,14-10,-5,-0.56,-2.14,-1.58
2015-12-20,Bills,Redskins,4,5:45,3,3,BUF 18,17-35,-5,-0.6,-2.49,-1.89
2015-11-15,Raiders,Vikings,3,14:21,2,8,RAI 22,14-20,-5,0,-1.51,-1.51
2015-12-27,Patriots,Jets,4,12:50,2,7,NWE 23,13-20,-5,0.14,-1.33,-1.47
2015-11-15,Jaguars,Ravens,4,14:51,3,10,JAX 25,13-14,-5,-0.62,-2.03,-1.41
2016-01-03,Cowboys,Redskins,3,2:50,1,10,DAL 23,14-27,-5,0.48,-0.84,-1.32
2016-10-23,Ravens,Jets,4,11:11,1,10,RAV 15,16-24,-5,-0.22,-1.15,-0.93
2016-10-02,Jaguars,Colts,3,8:31,2,9,JAX 25,20-6,-5,0.13,1.4,1.27
2016-10-02,Chiefs,Steelers,4,7:16,1,10,KAN 30,7-43,-5,0.94,-0.28,-1.22
2016-09-18,Browns,Ravens,3,9:59,3,9,CLE 23,20-19,-5,-0.69,-2.24,-1.55
2016-10-09,Colts,Bears,4,12:45,3,8,CLT 27,19-16,-5,-0.36,-1.9,-1.54
2016-09-18,Cowboys,Redskins,4,15:00,1,10,DAL 30,20-23,-5,0.94,-0.28,-1.22
2016-10-09,Browns,Patriots,4,6:56,3,2,CLE 25,13-33,-5,-0.24,-2.03,-1.79
2016-09-11,Patriots,Cardinals,4,9:46,1,10,NWE 25,20-21,-5,0.61,-0.61,-1.22
2016-10-30,Buccaneers,Raiders,3,10:18,1,10,TAM 24,10-10,-5,0.54,-0.74,-1.28
2016-10-30,Texans,Lions,4,14:10,2,9,HTX 26,17-10,-5,0.2,-1.15,-1.35
2016-10-16,Saints,Panthers,4,2:58,1,10,NOR 25,38-38,-5,0.61,-0.61,-1.22
2016-10-30,Patriots,Bills,4,14:04,1,10,NWE 26,38-17,-5,0.67,-0.55,-1.22
2016-11-20,Colts,Titans,3,14:20,2,8,CLT 21,21-7,-5,-0.06,-1.59,-1.53
2016-12-04,Seahawks,Panthers,3,6:58,3,6,SEA 29,30-7,-5,-0.1,-1.77,-1.67
2017-01-01,Eagles,Cowboys,3,14:17,2,11,PHI 22,10-10,-5,-0.2,-1.76,-1.56
2014-12-28,Dolphins,Jets,4,3:06,1,10,MIA 23,24-34,-6,0.48,-1.01,-1.49
2014-09-14,Jaguars,Redskins,3,13:43,3,9,JAX 26,7-21,-6,-0.49,-2.03,-1.54
2014-10-26,Rams,Chiefs,3,2:19,2,10,RAM 19,7-20,-6,-0.39,-2.08,-1.69
2014-09-14,49ers,Bears,4,6:55,1,10,SFO 20,20-28,-6,0.28,-1.18,-1.46
2014-10-19,Lions,Saints,4,12:52,2,10,DET 20,10-20,-6,-0.27,-2.03,-1.76
2014-11-09,Jets,Steelers,4,14:05,3,6,NYJ 24,20-3,-6,-0.43,-2.24,-1.81
2014-10-19,Bills,Vikings,3,3:18,3,5,BUF 18,10-13,-6,-0.83,-2.49,-1.66
2014-11-16,Giants,49ers,3,14:24,2,7,NYG 25,7-9,-6,0.27,-1.29,-1.56
2014-12-18,Jaguars,Titans,4,13:18,3,10,JAX 20,14-10,-6,-0.96,-2.47,-1.51
2014-09-22,Bears,Jets,3,4:52,2,15,CHI 15,24-13,-6,-1.07,-2.71,-1.64
2014-11-23,Jaguars,Colts,3,14:21,2,15,JAX 15,3-6,-6,-1.07,-2.71,-1.64
2014-09-29,Patriots,Chiefs,4,2:43,3,19,NWE 20,14-41,-6,-1.55,-2.47,-0.92
2014-12-15,Bears,Saints,4,3:32,3,2,CHI 29,8-24,-6,0.17,-1.83,-2.00
2014-10-05,Lions,Bills,4,2:04,3,10,DET 25,14-14,-6,-0.62,-2.14,-1.52
2014-11-23,49ers,Redskins,4,7:36,1,10,SFO 25,10-13,-6,0.61,-0.81,-1.42
2014-09-21,Jaguars,Colts,4,8:53,1,10,JAX 20,3-37,-6,0.28,-1.18,-1.46
2014-11-16,Falcons,Panthers,4,8:01,2,9,ATL 20,16-10,-6,-0.2,-1.92,-1.72
2014-10-26,Bills,Jets,3,15:00,1,10,BUF 20,24-17,-6,0.28,-1.18,-1.46
2014-10-19,Jaguars,Browns,3,13:55,3,7,JAX 23,7-6,-6,-0.56,-2.32,-1.76
2014-11-23,Titans,Eagles,3,13:38,1,10,OTI 29,17-27,-6,0.87,-0.48,-1.35
2014-09-14,Dolphins,Bills,4,4:15,1,10,MIA 21,10-26,-6,0.34,-1.14,-1.48
2014-12-21,Steelers,Chiefs,3,11:22,2,4,PIT 19,10-6,-6,0.03,-1.42,-1.45
2014-10-30,Saints,Panthers,4,12:57,1,10,NOR 20,21-10,-6,0.28,-1.18,-1.46
2014-10-19,Panthers,Packers,3,10:20,1,10,CAR 20,3-35,-6,0.28,-1.18,-1.46
2015-11-22,Redskins,Panthers,3,9:53,1,10,WAS 20,14-38,-6,0.28,-1.18,-1.46
2015-09-27,Bears,Seahawks,4,5:42,2,9,CHI 21,0-26,-6,-0.13,-1.86,-1.73
2015-10-18,Texans,Jaguars,3,5:33,2,7,HTX 23,10-7,-6,0.14,-1.51,-1.65
2015-10-25,Eagles,Panthers,4,2:57,1,10,PHI 15,16-24,-6,-0.22,-1.22,-1.00
2015-11-22,Redskins,Panthers,4,10:30,1,10,WAS 20,14-44,-6,0.28,-1.18,-1.46
2015-09-20,Bills,Patriots,3,3:23,1,10,BUF 20,13-34,-6,0.28,-1.07,-1.35
2015-11-08,Bills,Dolphins,3,9:58,1,10,BUF 29,19-14,-6,0.87,-0.48,-1.35
2015-10-01,Steelers,Ravens,3,3:02,3,8,PIT 25,20-14,-6,-0.49,-2.14,-1.65
2015-11-22,Jets,Texans,3,6:58,3,5,NYJ 25,10-17,-6,-0.3,-2.14,-1.84
2015-11-16,Bengals,Texans,3,3:05,3,4,CIN 26,6-3,-6,-0.16,-2.03,-1.87
2015-09-20,49ers,Steelers,3,12:10,2,18,SFO 21,3-29,-6,-0.75,-2.74,-1.99
2015-09-20,Falcons,Giants,3,10:22,2,10,ATL 20,10-20,-6,-0.27,-2.03,-1.76
2015-09-27,Titans,Colts,4,2:51,1,10,OTI 20,27-35,-6,0.28,-1.18,-1.46
2015-12-20,Raiders,Packers,4,4:15,3,8,RAI 22,20-30,-6,-0.69,-2.39,-1.70
2015-09-17,Broncos,Chiefs,4,10:44,3,9,DEN 23,17-17,-6,-0.69,-2.32,-1.63
2015-10-01,Steelers,Ravens,3,7:20,2,10,PIT 20,20-14,-6,-0.27,-2.03,-1.76
2016-01-03,Panthers,Buccaneers,3,11:48,2,12,CAR 30,24-3,-6,0.26,-1.22,-1.48
2016-01-03,Patriots,Dolphins,4,6:58,1,10,NWE 20,10-17,-6,0.28,-1.07,-1.35
2016-10-02,Titans,Texans,3,3:44,1,10,OTI 22,20-20,-6,0.41,-1.08,-1.49
2016-10-30,Cardinals,Panthers,3,11:18,2,13,CRD 22,7-27,-6,-0.34,-1.93,-1.59
2016-09-25,Broncos,Bengals,3,9:36,2,10,DEN 20,16-14,-6,-0.27,-2.03,-1.76
2016-09-29,Dolphins,Bengals,4,3:40,1,10,MIA 25,7-22,-6,0.61,-0.81,-1.42
2016-10-23,Bills,Dolphins,4,2:20,2,10,BUF 25,17-28,-6,0.06,-1.51,-1.57
2016-11-13,Chargers,Dolphins,4,10:56,1,10,SDG 20,17-21,-6,0.28,-1.18,-1.46
2016-11-06,Rams,Panthers,3,8:25,3,5,RAM 25,0-7,-6,-0.3,-2.14,-1.84
2016-11-06,Ravens,Steelers,4,2:18,3,9,RAV 26,21-7,-6,-0.49,-2.03,-1.54
2016-10-02,Jets,Seahawks,3,4:13,1,10,NYJ 25,10-17,-6,0.61,-0.81,-1.42
2016-11-20,Bears,Giants,4,8:56,2,12,CHI 16,16-22,-6,-0.8,-2.36,-1.56
2016-11-24,Colts,Steelers,3,7:02,2,9,CLT 24,7-21,-6,0.07,-1.56,-1.63
2016-11-27,Falcons,Cardinals,3,11:03,3,16,ATL 26,17-13,-6,-0.96,-2.03,-1.07
2016-12-11,Falcons,Rams,3,14:33,1,15,ATL 20,21-0,-6,0.28,-1.54,-1.82
2016-12-11,Jaguars,Vikings,3,6:24,1,10,JAX 30,9-12,-6,0.94,-0.42,-1.36
2016-12-11,Redskins,Eagles,3,13:45,3,6,WAS 29,7-13,-6,-0.1,-1.83,-1.73
2016-12-18,Buccaneers,Cowboys,4,13:26,1,10,TAM 25,20-20,-6,0.61,-0.81,-1.42
2016-12-24,Falcons,Panthers,4,14:54,2,10,ATL 25,23-13,-6,0.06,-1.51,-1.57
2016-12-24,Titans,Jaguars,4,5:17,1,10,OTI 25,17-38,-6,0.61,-0.81,-1.42
2014-12-28,Dolphins,Jets,4,3:18,1,10,MIA 25,24-34,-7,0.61,-0.98,-1.59
2014-09-28,Cowboys,Saints,4,8:56,3,6,DAL 24,31-17,-7,-0.43,-2.32,-1.89
2014-12-07,Chargers,Patriots,3,9:05,3,2,SDG 18,14-13,-7,-0.48,-2.49,-2.01
2014-09-21,Vikings,Saints,4,10:00,1,10,MIN 29,9-20,-7,0.87,-0.62,-1.49
2014-12-28,Packers,Lions,3,13:38,3,4,GNB 26,14-7,-7,-0.16,-2.14,-1.98
2014-09-14,Jaguars,Redskins,3,7:45,3,15,JAX 15,7-24,-7,-1.86,-2.49,-0.63
2014-12-14,Jaguars,Ravens,4,15:00,2,10,JAX 27,12-17,-7,0.2,-1.42,-1.62
2014-11-30,Giants,Jaguars,3,10:05,3,2,NYG 28,21-10,-7,0.1,-1.96,-2.06
2014-12-21,Buccaneers,Packers,4,2:40,1,10,TAM 20,3-20,-7,0.28,-1.28,-1.56
2014-10-26,Jets,Bills,4,14:06,1,10,NYJ 20,17-37,-7,0.28,-1.28,-1.56
2014-11-30,Chargers,Ravens,3,3:00,2,15,SDG 27,13-23,-7,-0.15,-1.75,-1.60
2014-10-26,Falcons,Lions,3,7:49,1,10,ATL 19,21-3,-7,0.15,-1.11,-1.26
2014-11-23,Jaguars,Colts,4,13:22,2,17,JAX 24,3-23,-7,-0.49,-2.44,-1.95
2014-12-21,Vikings,Dolphins,3,8:29,1,10,MIN 20,17-14,-7,0.28,-1.28,-1.56
2014-11-30,Raiders,Rams,3,8:46,3,12,RAI 28,0-38,-7,-0.56,-1.96,-1.40
2014-11-30,Redskins,Colts,4,9:30,2,8,WAS 22,27-49,-7,0,-3.06,-3.06
2014-10-19,Redskins,Titans,4,6:16,3,9,WAS 22,16-17,-7,-0.76,-2.44,-1.68
2014-12-21,Chiefs,Steelers,4,14:13,1,10,KAN 29,6-17,-7,0.87,-0.62,-1.49
2014-12-14,Jets,Titans,4,7:43,2,8,NYJ 26,10-11,-7,0.27,-1.43,-1.70
2014-12-14,Seahawks,49ers,4,4:28,2,23,SEA 25,17-7,-7,-0.83,-2.75,-1.92
2014-12-21,Saints,Falcons,3,5:42,1,10,NOR 20,7-20,-7,0.28,-1.28,-1.56
2014-12-14,Redskins,Giants,4,4:03,3,22,WAS 28,13-24,-7,-1.22,-1.96,-0.74
2015-09-27,Browns,Raiders,4,14:30,1,10,CLE 20,10-27,-7,0.28,-1.28,-1.56
2015-10-15,Falcons,Saints,4,7:56,2,10,ATL 20,14-31,-7,-0.27,-2.19,-1.92
2015-10-22,49ers,Seahawks,4,9:14,1,10,SFO 23,3-20,-7,0.48,-1.15,-1.63
2016-01-03,Colts,Titans,4,15:00,3,1,CLT 17,27-17,-7,-0.37,-2.49,-2.12
2015-11-02,Colts,Panthers,4,14:57,3,9,CLT 21,6-17,-7,-0.82,-2.47,-1.65
2015-11-15,Browns,Steelers,3,14:20,1,10,CLE 30,3-21,-7,0.94,-0.55,-1.49
2015-09-13,Texans,Chiefs,4,2:47,1,15,HTX 18,17-27,-7,0,-1.66,-1.66
2015-11-15,Panthers,Titans,3,13:01,1,10,CAR 22,14-10,-7,0.41,-1.21,-1.62
2015-10-18,Vikings,Chiefs,4,8:13,2,8,MIN 22,13-10,-7,0,-1.86,-1.86
2015-11-15,Titans,Panthers,4,9:02,1,10,OTI 17,10-20,-7,-0.06,-1.29,-1.23
2015-11-29,Patriots,Broncos,3,14:17,2,9,NWE 21,14-7,-7,-0.13,0.87,1.00
2015-11-19,Titans,Jaguars,3,8:05,1,10,OTI 19,6-9,-7,0.15,-1.29,-1.44
2015-10-11,Seahawks,Bengals,3,2:53,3,3,SEA 20,24-7,-7,-0.59,-2.49,-1.90
2015-11-01,Vikings,Bears,4,4:49,1,10,MIN 16,13-20,-7,-0.14,-1.29,-1.15
2015-12-13,Steelers,Bengals,3,8:45,3,2,PIT 27,23-10,-7,-0.03,-2.03,-2.00
2015-11-22,Chargers,Chiefs,3,14:15,2,11,SDG 19,3-12,-7,-0.46,-2.36,-1.90
2015-12-26,Eagles,Redskins,4,8:35,2,1,PHI 29,17-38,-7,0.95,-0.69,-1.64
2016-09-11,Giants,Cowboys,3,6:50,2,6,NYG 16,13-16,-7,-0.37,-0.48,-0.11
2016-09-19,Eagles,Bears,3,13:48,2,13,PHI 23,9-7,-7,-0.28,-2.23,-1.95
2016-10-23,Seahawks,Cardinals,4,8:40,2,9,SEA 21,0-3,-7,-0.13,-3.64,-3.51
2016-10-16,Colts,Texans,4,2:28,2,13,CLT 18,23-16,-7,-0.7,-2.59,-1.89
2016-11-06,Jaguars,Chiefs,3,11:11,2,10,JAX 26,7-10,-7,0.13,-1.58,-1.71
2016-11-14,Bengals,Giants,4,3:41,3,17,CIN 23,20-21,-7,-1.22,-2.39,-1.17
2016-10-16,49ers,Bills,4,10:10,2,5,SFO 30,16-38,-7,0.74,-1.72,-2.46
2016-09-08,Panthers,Broncos,3,8:27,3,3,CAR 18,17-7,-7,-0.6,-2.49,-1.89
2016-10-09,Chargers,Raiders,3,15:00,1,10,SDG 25,10-9,-7,0.61,-0.61,-1.22
2016-11-14,Bengals,Giants,4,4:05,2,10,CIN 30,20-21,-7,0.39,-1.22,-1.61
2016-11-13,Bears,Buccaneers,3,12:28,3,8,CHI 27,10-24,-7,-0.36,-2.03,-1.67
2016-09-25,Panthers,Vikings,4,11:36,3,20,CAR 15,10-19,-7,-2.35,-2.49,-0.14
2016-10-30,Bills,Patriots,3,13:19,3,8,BUF 27,10-31,-7,-0.36,-2.03,-1.67
2016-11-06,Chiefs,Jaguars,4,7:31,3,8,KAN 22,19-7,-7,-0.69,-2.44,-1.75
2016-11-27,Chiefs,Broncos,4,3:00,1,10,KAN 25,16-24,-7,0.61,-0.98,-1.59
2016-12-04,Saints,Lions,4,7:10,1,10,NOR 25,13-28,-7,0.61,-0.98,-1.59
2016-12-04,49ers,Bears,3,5:08,3,7,SFO 28,6-21,-7,-0.23,-1.96,-1.73
2016-12-04,Chargers,Buccaneers,4,9:01,1,10,SDG 25,21-28,-7,0.61,-0.98,-1.59
2016-12-04,Falcons,Chiefs,3,3:09,1,10,ATL 20,16-27,-7,0.28,-1.28,-1.56
2016-12-18,Patriots,Broncos,3,12:43,3,9,NWE 26,10-3,-7,-0.49,-2.14,-1.65
2016-12-11,Panthers,Chargers,4,14:57,3,9,CAR 26,26-16,-7,-0.49,-2.14,-1.65
2016-12-11,Buccaneers,Saints,3,9:57,3,19,TAM 26,13-8,-7,-1.15,-2.14,-0.99
2016-12-18,Browns,Bills,4,7:16,2,10,CLE 25,13-33,-7,0.06,-1.72,-1.78
2016-12-15,Rams,Seahawks,3,8:34,3,3,RAM 21,3-10,-7,-0.56,-2.47,-1.91
2017-01-01,Browns,Steelers,3,11:29,2,9,CLE 19,14-7,-7,-0.32,-2.12,-1.80
2017-01-01,49ers,Seahawks,3,3:51,3,11,SFO 26,16-22,-7,-0.62,-2.14,-1.52
2014-09-14,Panthers,Lions,3,15:00,1,10,CAR 20,6-0,-8,0.28,-1.36,-1.64
2014-09-22,Bears,Jets,3,10:12,1,10,CHI 20,24-13,-8,0.28,-1.36,-1.64
2014-12-28,Chiefs,Chargers,3,5:34,3,7,KAN 21,19-7,-8,-0.79,-2.49,-1.70
2014-11-30,Raiders,Rams,3,9:50,1,10,RAI 30,0-38,-8,0.94,-0.69,-1.63
2014-10-06,Redskins,Seahawks,3,3:27,2,15,WAS 25,10-17,-8,-0.28,-2.36,-2.08
2014-12-28,Dolphins,Jets,4,8:22,2,4,MIA 26,24-27,-8,0.54,-1.33,-1.87
2014-12-28,Rams,Seahawks,3,11:13,1,10,RAM 20,6-3,-8,0.28,-1.36,-1.64
2014-11-27,Bears,Lions,4,6:16,1,10,CHI 20,17-34,-8,0.28,-1.36,-1.64
2014-10-05,49ers,Chiefs,3,3:23,2,8,SFO 22,16-17,-8,0,-2.03,-2.03
2014-10-05,Cardinals,Broncos,3,8:53,2,9,CRD 21,13-24,-8,-0.13,-2.19,-2.06
2014-11-16,Chargers,Raiders,3,13:44,3,3,SDG 23,10-3,-8,-0.45,-2.44,-1.99
2014-09-21,Patriots,Raiders,4,4:43,2,9,NWE 28,16-9,-8,0.33,-1.42,-1.75
2014-11-09,Buccaneers,Falcons,4,8:05,3,2,TAM 28,17-24,-8,0.1,-2.03,-2.13
2014-11-23,Buccaneers,Bears,3,9:52,3,10,TAM 20,10-7,-8,-0.96,-2.49,-1.53
2014-11-24,Jets,Bills,3,9:40,1,10,NYJ 15,3-17,-8,-0.22,-1.36,-1.14
2014-12-28,Chargers,Chiefs,3,7:37,2,12,SDG 27,7-19,-8,0.06,-1.79,-1.85
2014-11-23,Titans,Eagles,4,13:25,3,5,OTI 27,17-37,-8,-0.16,-2.49,-2.33
2014-09-07,Chiefs,Titans,4,4:50,1,10,KAN 20,10-26,-8,0.28,-1.36,-1.64
2015-11-26,Lions,Eagles,4,6:51,3,5,DET 23,45-7,-8,-0.53,-2.44,-1.91
2015-09-14,Falcons,Eagles,3,14:18,2,6,ATL 20,20-3,-8,0.01,-1.89,-1.90
2015-11-08,Cowboys,Eagles,3,8:36,1,10,DAL 20,7-14,-8,0.28,-1.36,-1.64
2016-01-03,Raiders,Chiefs,3,9:45,3,5,RAI 15,10-14,-8,-0.84,-2.49,-1.65
2015-11-01,Ravens,Chargers,3,4:21,2,10,RAV 16,16-16,-8,-0.66,-2.36,-1.70
2015-09-20,Bills,Patriots,3,2:54,2,15,BUF 15,13-34,-8,-1.07,-0.82,.25
2015-10-04,Chiefs,Bengals,3,12:40,3,11,KAN 20,12-14,-8,-1.02,-2.49,-1.47
2015-10-04,Raiders,Bears,3,14:18,3,7,RAI 29,14-16,-8,-0.16,-1.96,-1.80
2015-11-05,Browns,Bengals,4,12:34,3,15,CLE 15,10-24,-8,-1.86,-2.49,-0.63
2015-11-16,Bengals,Texans,4,3:49,2,10,CIN 19,6-10,-8,-0.39,-2.36,-1.97
2015-12-06,49ers,Bears,3,8:43,1,10,SFO 30,13-13,-8,0.94,-0.69,-1.63
2015-11-08,Rams,Vikings,3,13:35,2,12,RAM 18,15-10,-8,-0.63,-2.59,-1.96
2015-09-17,Chiefs,Broncos,4,12:18,3,10,KAN 30,17-17,-8,-0.3,-1.9,-1.60
2015-09-13,Broncos,Ravens,3,4:13,2,10,DEN 25,9-13,-8,0.06,-1.93,-1.99
2015-10-04,49ers,Packers,3,6:07,3,4,SFO 26,3-14,-8,-0.16,-2.24,-2.08
2016-01-03,Cardinals,Seahawks,4,14:56,3,15,CRD 20,6-36,-8,-1.29,-2.49,-1.20
2015-12-27,Packers,Cardinals,3,3:56,2,10,GNB 26,8-31,-8,0.13,-1.8,-1.93
2015-12-06,Vikings,Seahawks,4,2:54,1,10,MIN 20,7-38,-8,0.28,-1.36,-1.64
2015-12-06,Bills,Texans,4,13:20,1,10,BUF 19,21-13,-8,0.15,-1.36,-1.51
2015-09-20,Packers,Seahawks,3,9:15,3,8,GNB 18,13-10,-8,-1.07,-2.49,-1.42
2015-12-20,Dolphins,Chargers,3,10:22,1,10,MIA 28,0-23,-8,0.81,-0.82,-1.63
2015-12-13,Bears,Redskins,3,14:22,3,3,CHI 27,7-14,-8,-0.03,-2.14,-2.11
2015-10-25,Lions,Vikings,3,4:51,3,11,DET 19,17-25,-8,-1.14,-2.49,-1.35
2015-12-06,Vikings,Seahawks,3,4:43,3,30,MIN 26,0-28,-8,-1.88,-2.24,-0.36
2016-11-10,Browns,Ravens,3,5:52,3,10,CLE 20,7-13,-8,-0.96,-2.49,-1.53
2016-10-23,Cardinals,Seahawks,4,3:13,2,5,CRD 30,3-3,-8,0.74,-1.02,-1.76
2016-09-11,Lions,Colts,3,7:11,3,9,DET 20,21-18,-8,-0.94,-2.49,-1.55
2016-09-11,Ravens,Bills,4,13:26,3,10,RAV 30,10-7,-8,-0.3,-1.9,-1.60
2016-10-09,Ravens,Redskins,3,10:51,3,8,RAV 22,10-6,-8,-0.69,-2.47,-1.78
2016-10-09,Rams,Bills,4,2:17,3,10,RAM 24,19-30,-8,-0.69,-2.39,-1.70
2016-09-25,Jaguars,Ravens,4,10:25,2,12,JAX 29,14-16,-8,0.19,-1.55,-1.74
2016-10-30,Patriots,Bills,4,3:13,3,8,NWE 25,41-17,-8,-0.49,-2.32,-1.83
2016-09-18,Chiefs,Texans,3,8:32,2,10,KAN 27,3-13,-8,0.2,-1.65,-1.85
2016-11-13,Jaguars,Texans,3,6:01,1,10,JAX 28,10-14,-8,0.81,-0.82,-1.63
2016-09-29,Dolphins,Bengals,3,5:33,2,7,MIA 28,7-19,-8,0.47,-1.29,-1.76
2016-10-02,Buccaneers,Broncos,3,6:23,3,9,TAM 26,7-20,-8,-0.49,-2.24,-1.75
2016-11-06,Jets,Dolphins,4,3:43,3,6,NYJ 29,23-27,-8,-0.1,-1.96,-1.86
2016-11-06,Browns,Cowboys,3,10:32,1,10,CLE 19,10-28,-8,0.15,-1.36,-1.51
2016-11-24,Lions,Vikings,3,11:11,2,8,DET 15,10-7,-8,-0.57,-2.12,-1.55
2016-11-27,Seahawks,Buccaneers,4,3:37,3,6,SEA 24,5-14,-8,-0.43,-2.39,-1.96
2016-12-01,Vikings,Cowboys,4,8:16,1,10,MIN 23,9-14,-8,0.48,-1.28,-1.76
2016-12-18,Buccaneers,Cowboys,4,2:58,1,10,TAM 25,20-26,-8,0.61,-1.15,-1.76
2017-01-01,Jets,Bills,4,9:03,1,10,NYJ 28,20-3,-8,0.81,-0.82,-1.63
2017-01-01,Eagles,Cowboys,4,9:29,1,10,PHI 25,17-13,-8,0.61,-1.15,-1.76
2017-01-01,Rams,Cardinals,3,8:13,1,10,RAM 19,6-30,-8,0.15,-1.36,-1.51
2014-11-09,49ers,Saints,3,8:30,1,10,SFO 20,21-10,-9,0.28,-1.44,-1.72
2014-12-15,Bears,Saints,3,7:51,2,10,CHI 23,0-21,-9,-0.07,-2.34,-2.27
2014-10-19,49ers,Broncos,3,10:55,3,11,SFO 29,10-28,-9,-0.43,-2.03,-1.60
2014-12-14,Raiders,Chiefs,4,4:53,3,7,RAI 15,6-31,-9,-1.07,-2.49,-1.42
2014-11-30,Jaguars,Giants,3,9:14,1,10,JAX 22,10-21,-9,0.41,-1.43,-1.84
2014-11-30,Jaguars,Giants,3,6:50,3,23,JAX 22,10-21,-9,-1.68,-2.49,-0.81
2014-11-16,Giants,49ers,3,13:30,3,13,NYG 19,7-9,-9,-1.29,-2.49,-1.20
2014-12-28,Cardinals,49ers,4,2:00,1,10,CRD 20,17-20,-9,0.28,-1.44,-1.72
2014-12-28,Falcons,Panthers,3,14:32,2,7,ATL 23,3-24,-9,0.14,-2.03,-2.17
2014-11-10,Panthers,Eagles,3,7:40,1,10,CAR 20,7-38,-9,0.28,-1.44,-1.72
2014-10-12,Redskins,Cardinals,4,9:58,2,1,WAS 29,13-23,-9,0.95,-0.96,-1.91
2014-12-21,Buccaneers,Packers,3,2:32,3,4,TAM 23,3-10,-9,-0.49,-2.47,-1.98
2014-10-30,Panthers,Saints,4,4:27,3,8,CAR 30,10-28,-9,-0.16,-1.96,-1.80
2014-12-14,Browns,Bengals,3,10:45,2,10,CLE 15,0-20,-9,-0.71,-2.47,-1.76
2014-09-28,Titans,Colts,3,6:51,3,6,OTI 24,10-27,-9,-0.43,-2.44,-2.01
2014-09-21,49ers,Cardinals,4,4:57,2,10,SFO 19,14-20,-9,-0.39,-2.47,-2.08
2014-09-07,Dolphins,Patriots,4,12:06,2,3,MIA 18,23-20,-9,0,-1.65,-1.65
2014-12-14,Seahawks,49ers,4,4:20,3,30,SEA 18,17-7,-9,-2.75,-2.49,.26
2015-11-15,Rams,Bears,4,7:41,2,8,RAM 22,13-30,-9,0,-2.19,-2.19
2016-01-03,Titans,Colts,4,9:22,3,8,OTI 25,24-27,-9,-0.49,-2.39,-1.90
2015-12-06,Saints,Panthers,3,10:13,3,10,NOR 20,16-20,-9,-0.96,-2.49,-1.53
2015-10-22,49ers,Seahawks,4,8:32,2,17,SFO 16,3-20,-9,-1.15,-3.29,-2.14
2015-12-06,Saints,Panthers,4,11:54,1,10,NOR 20,31-34,-9,0.28,-1.44,-1.72
2015-11-19,Titans,Jaguars,4,8:16,3,8,OTI 28,13-9,-9,-0.3,-2.14,-1.84
2015-12-06,Ravens,Dolphins,3,8:55,3,2,RAV 24,10-15,-9,-0.32,-2.44,-2.12
2015-09-27,Cowboys,Falcons,4,10:04,3,3,DAL 27,28-32,-9,-0.03,-2.24,-2.21
2015-11-01,Packers,Broncos,4,9:57,1,10,GNB 29,10-29,-9,0.87,-0.89,-1.76
2015-12-27,Dolphins,Colts,4,2:48,1,10,MIA 20,12-18,-9,0.28,-1.44,-1.72
2015-12-03,Packers,Lions,4,14:20,3,14,GNB 27,14-20,-9,-0.76,-2.24,-1.48
2015-11-02,Panthers,Colts,4,13:19,3,8,CAR 26,17-6,-9,-0.43,-2.32,-1.89
2016-01-03,Patriots,Dolphins,4,5:33,3,14,NWE 16,10-17,-9,-1.69,-2.49,-0.80
2016-10-09,Dolphins,Titans,4,8:16,1,10,MIA 21,17-30,-9,0.34,-1.44,-1.78
2016-09-11,Texans,Bears,3,5:47,1,10,HTX 21,13-14,-9,0.34,-1.44,-1.78
2016-11-13,Packers,Titans,4,9:51,2,10,GNB 25,25-44,-9,0.06,-2.14,-2.20
2016-10-16,Browns,Titans,3,9:33,1,10,CLE 25,13-21,-9,0.61,-1.29,-1.90
2016-09-25,Lions,Packers,4,8:24,1,10,DET 25,20-34,-9,0.61,-1.29,-1.90
2016-11-07,Seahawks,Bills,4,2:59,3,8,SEA 20,31-25,-9,-0.91,-2.49,-1.58
2016-11-06,Broncos,Raiders,3,3:43,1,10,DEN 30,10-20,-9,0.94,-0.82,-1.76
2016-12-04,Rams,Patriots,4,10:01,3,8,RAM 24,3-26,-9,-0.56,-2.44,-1.88
2016-12-04,Giants,Steelers,3,14:30,3,6,NYG 29,0-14,-9,-0.1,-2.03,-1.93
2016-12-04,Packers,Texans,3,14:09,2,10,GNB 30,7-0,-9,0.39,-1.48,-1.87
2016-12-18,Browns,Bills,4,12:16,3,10,CLE 29,13-30,-9,-0.36,-2.03,-1.67
2016-12-24,Vikings,Packers,3,15:00,1,10,MIN 25,13-28,-9,0.61,-1.29,-1.90
2017-01-01,Giants,Redskins,4,7:23,3,6,NYG 29,10-10,-9,-0.1,-2.03,-1.93
2014-09-14,Packers,Jets,4,13:32,3,18,GNB 23,31-24,-10,-1.29,-2.49,-1.20
2014-09-14,Rams,Buccaneers,3,9:12,1,10,RAM 15,10-14,-10,-0.22,-1.51,-1.29
2014-11-20,Chiefs,Raiders,3,10:36,3,7,KAN 24,3-14,-10,-0.49,-2.47,-1.98
2014-12-14,Browns,Bengals,3,13:58,3,6,CLE 24,0-20,-10,-0.43,-2.47,-2.04
2014-11-23,Seahawks,Cardinals,3,13:33,3,4,SEA 17,9-3,-10,-0.72,-2.49,-1.77
2014-11-02,Redskins,Vikings,3,13:48,3,8,WAS 20,10-7,-10,-0.91,-2.49,-1.58
2014-12-21,Bills,Raiders,3,14:04,3,6,BUF 24,10-13,-10,-0.43,-2.47,-2.04
2014-11-30,Raiders,Rams,4,4:34,3,9,RAI 15,0-52,-10,-1.28,-2.49,-1.21
2014-09-07,Broncos,Colts,4,4:36,3,6,DEN 17,31-17,-10,-0.94,-2.49,-1.55
2014-09-21,Bills,Chargers,4,5:52,3,10,BUF 20,10-20,-10,-0.96,-2.49,-1.53
2015-11-22,Vikings,Packers,4,8:49,3,12,MIN 25,13-27,-10,-0.76,-2.44,-1.68
2015-10-18,Dolphins,Titans,4,14:04,3,10,MIA 22,24-10,-10,-0.82,-2.49,-1.67
2015-11-29,Giants,Redskins,3,2:12,3,10,NYG 20,0-17,-10,-0.96,-2.49,-1.53
2015-11-29,Buccaneers,Colts,3,9:27,2,8,TAM 22,12-9,-10,0,-2.36,-2.36
2015-09-14,Vikings,49ers,3,13:59,1,10,MIN 30,0-7,-10,0.94,-0.96,-1.90
2015-12-13,Patriots,Texans,3,3:22,3,3,NWE 18,20-6,-10,-0.6,-2.49,-1.89
2015-12-13,Broncos,Raiders,3,8:52,3,5,DEN 25,12-7,-10,-0.3,-2.44,-2.14
2016-09-11,Chiefs,Chargers,3,10:53,3,4,KAN 17,3-21,-10,-0.72,-2.49,-1.77
2016-10-09,Dolphins,Titans,4,7:00,3,10,MIA 21,17-30,-10,-0.89,-2.49,-1.60
2016-09-11,Titans,Vikings,4,8:09,2,10,OTI 15,10-22,-10,-0.71,-2.59,-1.88
2016-09-25,Panthers,Vikings,4,12:52,1,19,CAR 16,10-19,-10,-0.28,-2.17,-1.89
2016-09-08,Broncos,Panthers,4,3:36,3,7,DEN 28,21-20,-10,-0.23,-2.24,-2.01
2016-09-11,Browns,Eagles,4,11:30,2,10,CLE 20,10-22,-10,-0.27,-2.59,-2.32
2016-10-09,Broncos,Falcons,3,7:53,1,10,DEN 25,3-20,-10,0.61,-1.43,-2.04
2016-11-13,Saints,Broncos,4,8:31,3,5,NOR 30,17-17,-10,0.04,-2.03,-2.07
2016-11-20,Dolphins,Rams,4,11:55,3,10,MIA 17,0-10,-10,-1.25,-2.49,-1.24
2016-11-24,Lions,Vikings,4,12:38,1,10,DET 25,10-13,-10,0.61,-1.43,-2.04
2016-11-27,Rams,Saints,4,6:19,3,7,RAM 15,21-49,-10,-1.07,-2.49,-1.42
2017-01-01,Steelers,Browns,4,2:04,3,6,PIT 15,21-21,-10,-0.95,-2.49,-1.54
2017-01-01,Redskins,Giants,3,9:09,3,10,WAS 16,0-10,-10,-1.32,-2.49,-1.17
2017-01-01,49ers,Seahawks,3,10:50,3,15,SFO 19,14-19,-10,-1.43,-2.49,-1.06
2017-01-01,Panthers,Buccaneers,3,3:56,3,6,CAR 18,10-10,-10,-0.92,-2.49,-1.57
2017-01-01,Rams,Cardinals,3,12:18,3,10,RAM 18,6-23,-10,-1.17,-2.49,-1.32
2014-12-07,Buccaneers,Lions,4,4:25,3,14,TAM 16,17-34,-11,-1.69,-2.49,-0.80
2014-09-07,Cowboys,49ers,3,6:45,2,10,DAL 28,3-28,-11,0.26,-2.19,-2.45
2014-12-14,Eagles,Cowboys,4,12:48,1,10,PHI 20,24-35,-11,0.28,-1.58,-1.86
2014-12-14,Eagles,Cowboys,4,3:50,3,14,PHI 26,27-38,-11,-0.82,-2.44,-1.62
2014-09-07,Raiders,Jets,3,8:20,3,7,RAI 16,7-10,-11,-1.06,-2.49,-1.43
2014-12-21,Bills,Raiders,4,2:51,1,10,BUF 20,17-26,-11,0.28,-1.58,-1.86
2015-09-27,Chargers,Vikings,3,13:34,3,7,SDG 23,7-10,-11,-0.56,-2.49,-1.93
2015-12-21,Saints,Lions,3,11:50,1,10,NOR 20,3-28,-11,0.28,-1.58,-1.86
2015-11-01,Jets,Raiders,4,2:48,2,10,NYJ 22,20-34,-11,-0.13,-2.71,-2.58
2015-09-27,Broncos,Lions,3,2:44,1,10,DEN 22,14-12,-11,0.41,-1.58,-1.99
2015-10-25,Dolphins,Texans,3,10:29,1,10,MIA 20,41-0,-11,0.28,-1.58,-1.86
2015-09-24,Redskins,Giants,4,7:24,1,10,WAS 26,6-25,-11,0.67,-1.5,-2.17
2015-09-20,Bills,Patriots,3,2:17,3,9,BUF 21,13-34,-11,-0.82,-2.49,-1.67
2015-10-11,Browns,Ravens,4,9:37,3,10,CLE 20,22-21,-11,-0.96,-2.49,-1.53
2015-10-26,Ravens,Cardinals,3,13:45,3,10,RAV 20,10-14,-11,-0.96,-2.49,-1.53
2016-10-09,Rams,Bills,3,2:36,3,4,RAM 22,16-23,-11,-0.57,-2.49,-1.92
2016-09-29,Bengals,Dolphins,3,3:13,3,7,CIN 29,19-7,-11,-0.16,-2.24,-2.08
2016-11-06,Chiefs,Jaguars,4,3:22,3,6,KAN 29,19-14,-11,-0.1,-2.24,-2.14
2016-11-06,Steelers,Ravens,4,6:16,1,10,PIT 20,7-21,-11,0.28,-1.58,-1.86
2016-12-26,Lions,Cowboys,3,13:02,1,20,DET 29,21-21,-11,0.87,-1.96,-2.83
2014-11-30,Chiefs,Broncos,4,6:50,3,13,KAN 21,16-29,-12,-1.09,-2.49,-1.40
2014-12-28,Eagles,Giants,4,5:19,1,10,PHI 16,34-26,-12,-0.14,-1.66,-1.52
2014-11-23,Jaguars,Colts,3,6:08,1,10,JAX 20,3-20,-12,0.28,-1.66,-1.94
2016-10-13,Chargers,Broncos,4,6:46,3,9,SDG 26,21-10,-12,-0.49,-2.47,-1.98
2016-10-23,Rams,Giants,4,9:11,2,10,RAM 22,10-17,-12,-0.13,-2.82,-2.69
2016-10-30,Redskins,Bengals,3,10:37,2,10,WAS 25,10-13,-12,0.06,-2.75,-2.81
2016-09-11,Bills,Ravens,4,4:53,3,6,BUF 26,7-13,-12,-0.29,-2.47,-2.18
2016-11-20,Titans,Colts,4,8:40,3,7,OTI 29,17-24,-12,-0.16,-2.32,-2.16
2014-12-11,Rams,Cardinals,3,4:14,1,10,RAM 19,3-9,-13,0.15,-1.73,-1.88
2015-09-20,Panthers,Texans,4,12:43,3,9,CAR 28,17-10,-13,-0.36,-2.44,-2.08
2015-12-13,Panthers,Falcons,3,12:40,3,7,CAR 23,28-0,-13,-0.56,-2.49,-1.93
2015-11-22,Chargers,Chiefs,3,9:03,1,10,SDG 24,3-12,-13,0.54,-1.73,-2.27
2016-09-11,Seahawks,Dolphins,3,11:02,1,10,SEA 30,6-3,-13,0.94,-1.5,-2.44
2016-11-13,Titans,Packers,4,14:19,3,8,OTI 27,41-25,-13,-0.36,-2.47,-2.11
2017-01-01,Rams,Cardinals,4,14:10,1,10,RAM 22,6-30,-13,0.41,-1.73,-2.14
2015-11-22,Chiefs,Chargers,4,15:00,2,7,KAN 24,19-3,-14,0.21,-2.71,-2.92
2015-09-13,Buccaneers,Titans,3,13:23,2,28,TAM 25,7-35,-14,-1.18,-5.16,-3.98
2015-12-20,Raiders,Packers,4,7:27,3,8,RAI 28,20-27,-14,-0.3,-2.47,-2.17
2016-12-18,Broncos,Patriots,4,11:34,3,1,DEN 21,3-13,-14,-0.37,-2.49,-2.12
2017-01-01,Rams,Cardinals,3,14:09,3,10,RAM 24,6-16,-14,-0.69,-2.49,-1.80
2014-12-28,49ers,Cardinals,4,9:05,1,10,SFO 29,20-17,-15,0.87,-1.83,-2.70
2015-11-26,Panthers,Cowboys,3,12:17,3,22,CAR 20,23-3,-18,-1.75,-2.49,-0.74
2017-01-01,Cowboys,Eagles,4,2:05,3,10,DAL 21,13-20,-19,-0.89,-2.49,-1.60
2014-10-05,Jets,Chargers,3,5:32,2,10,NYJ 24,0-28,-24,0,-3.18,-3.18
2016-10-09,Lions,Eagles,3,8:32,1,10,DET 26,21-17,-26,0.67,-1.8,-2.47
2014-11-23,Titans,Eagles,3,7:59,3,13,OTI 29,17-34,-29,-0.56,-2.47,-1.91